tiempo,y,vy,velocidad_ruedas,fuerza_ruedas
1771238569.1993508,0.01030723611538557,0.13448892775867424,1.98,121.2121212121212
1771238569.2743423,0.020472597886335646,0.13637456399736428,1.98,121.2121212121212
1771238569.345172,0.030179830688867867,0.13754176496474527,1.98,121.2121212121212
1771238569.4201882,0.04052187735185427,0.13809672539592002,1.98,121.2121212121212
1771238569.4910438,0.05030229346327112,0.1379557295690286,1.98,121.2121212121212
1771238569.7202492,0.06071311975550368,0.7419642384684719,1.98,121.2121212121212
1771238569.7327418,0.07101962011225725,0.843921917359263,1.98,121.2121212121212
1771238569.7452788,0.08295863459213192,0.9876416473539276,1.98,121.2121212121212
1771238569.753618,0.09081426804860096,0.9328621074642923,1.98,121.2121212121212
1771238569.7661176,0.1024920091416038,0.9429813647628233,1.98,121.2121212121212
1771238569.7744887,0.1104581711142781,0.9552014860528596,1.98,121.2121212121212
1771238569.7869246,0.12259774668996722,0.9816438249809848,1.98,121.2121212121212
1771238569.7952585,0.13095254912707585,1.0101697112233334,1.98,121.2121212121212
1771238569.8077657,0.14399874853990371,1.059495897364779,1.98,121.2121212121212
1771238569.816094,0.1528303366650144,1.0619950277905768,1.98,121.2121212121212
1771238569.8244376,0.161794661111247,1.0813602728542346,1.98,121.2121212121212
1771238569.8327546,0.17109867262112632,1.1325995255366927,1.98,121.2121212121212
1771238569.8412302,0.1811239235349369,1.2311287542810956,1.98,121.2121212121212
1771238569.8494434,0.19172015577119528,1.2803572421878873,1.98,121.2121212121212
1771238569.8577592,0.2026550240918495,1.3313669821996095,1.98,121.2121212121212
1771238569.8661022,0.21422284557435836,1.401045625235846,1.98,121.2121212121212
1771238569.8702836,0.2201655322468405,1.426244801395713,1.98,121.2121212121212
1771238569.8786397,0.23241610243310984,1.4752582871611595,1.98,121.2121212121212
1771238569.8869572,0.2448659526297034,1.5029011503894065,1.98,121.2121212121212
1771238569.8911483,0.25117507092068203,1.5141883898348734,1.98,121.2121212121212
1771238569.899433,0.26394565822298344,1.5359654597718082,1.98,121.2121212121212
1771238569.9036474,0.27039810193855335,1.5485864917367835,1.98,121.2121212121212
1771238569.9119542,0.2836745032746944,1.6112345005394082,1.98,121.2121212121212
1771238569.916097,0.29038337729665964,1.6101297652716517,1.98,121.2121212121212
1771238569.9244845,0.3041625981654948,1.6768501047919613,1.98,121.2121212121212
1771238569.9286587,0.31127860984242345,1.7078428024628756,1.98,121.2121212121212
1771238569.9369774,0.32571037580973333,1.7400752233244787,1.98,121.2121212121212
1771238569.9411051,0.3330615250659566,1.7642758214935812,1.98,121.2121212121212
1771238569.9452934,0.3405136423127016,1.7885081392187958,1.98,121.2121212121212
1771238569.9536028,0.35559929960499287,1.8191328732790748,1.98,121.2121212121212
1771238569.9577765,0.363329077924586,1.8551467967023578,1.98,121.2121212121212
1771238569.9619312,0.37112740062539507,1.871597448194166,1.98,121.2121212121212
1771238569.9702544,0.3869703489263063,1.916543557340361,1.98,121.2121212121212
1771238569.9744396,0.3950583505521314,1.9411203901980252,1.98,121.2121212121212
1771238569.9785933,0.4031979037475769,1.9534927669069255,1.98,121.2121212121212
1771238569.9827492,0.41134745837487935,1.9558931105525832,1.98,121.2121212121212
1771238569.9910893,0.4278670221979148,1.9872444399719849,1.98,121.2121212121212
1771238569.995259,0.4362001532755146,1.9999514586239573,1.98,121.2121212121212
1771238569.9994154,0.444593381988316,2.0143748910723343,1.98,121.2121212121212
1771238570.0035965,0.4531262575609177,2.0478901374243987,1.98,121.2121212121212
1771238570.0077646,0.46176162290923095,2.0724876835951864,1.98,121.2121212121212
1771238570.0119255,0.4704447446549146,2.083949218964073,1.98,121.2121212121212
1771238570.020253,0.4880259644675698,2.123057596622056,1.98,121.2121212121212
1771238570.0244565,0.49692551050233585,2.1358910483438565,1.98,121.2121212121212
1771238570.0286357,0.505850938284736,2.1421026677760526,1.98,121.2121212121212
1771238570.032771,0.5147870732086971,2.1446723817506492,1.98,121.2121212121212
1771238570.036941,0.523708649573515,2.1411783275562923,1.98,121.2121212121212
1771238570.0411203,0.5326143870178335,2.1373769866364256,1.98,121.2121212121212
1771238570.0453134,0.5415460491704418,2.1435989166259963,1.98,121.2121212121212
1771238570.0494761,0.5504843848932668,2.1452005734779886,1.98,121.2121212121212
1771238570.0578222,0.568315486950511,2.13855319767306,1.98,121.2121212121212
1771238570.0619686,0.5772495307521528,2.1441705123940182,1.98,121.2121212121212
1771238570.0661335,0.5861872840171063,2.1450607835888267,1.98,121.2121212121212
1771238570.0702722,0.5951176415441988,2.1432858065021865,1.98,121.2121212121212
1771238570.0744686,0.6040371510677909,2.1406822856620953,1.98,121.2121212121212
1771238570.0786161,0.6129704601417217,2.1439941777433944,1.98,121.2121212121212
1771238570.082794,0.6219060425615088,2.144539780748911,1.98,121.2121212121212
1771238570.086945,0.6308486634423344,2.146229011398134,1.98,121.2121212121212
1771238570.0953057,0.6487085708523709,2.1447014150194796,1.98,121.2121212121212
1771238570.0994964,0.6576412824732268,2.143850789005418,1.98,121.2121212121212
1771238570.1036289,0.6665739251071919,2.1438342321516153,1.98,121.2121212121212
1771238570.1078124,0.675497524106996,2.141663759952987,1.98,121.2121212121212
1771238570.1119595,0.6844319720870814,2.144267515220485,1.98,121.2121212121212
1771238570.116139,0.6933544611307408,2.14139737047827,1.98,121.2121212121212
1771238570.1203196,0.7022824356333855,2.142713880634721,1.98,121.2121212121212
1771238570.1244931,0.7112036606029275,2.141093992690062,1.98,121.2121212121212
1771238570.128647,0.7201381169840003,2.144269531457482,1.98,121.2121212121212
1771238570.1369917,0.7379860263438592,2.1422104626043565,1.98,121.2121212121212
1771238570.1411805,0.7469041881497576,2.1403588334156116,1.98,121.2121212121212
1771238570.1453025,0.7558385062309212,2.144236339479275,1.98,121.2121212121212
1771238570.1494863,0.7647600637998839,2.1411738165510577,1.98,121.2121212121212
1771238570.1536555,0.7736797536718616,2.1407255692746396,1.98,121.2121212121212
1771238570.1578314,0.782601762855199,2.1412822040009774,1.98,121.2121212121212
1771238570.1619859,0.791522809643668,2.1410512292325543,1.98,121.2121212121212
1771238570.166148,0.8004441957360903,2.141132662181345,1.98,121.2121212121212
1771238570.1745012,0.8182861178407499,2.1410824020502894,1.98,121.2121212121212
1771238570.178654,0.8272133144427158,2.142527184471839,1.98,121.2121212121212
1771238570.1828165,0.8361354480107911,2.141312056338052,1.98,121.2121212121212
1771238570.1869764,0.8450634608085473,2.1427230714615026,1.98,121.2121212121212
1771238570.1911547,0.853986820803636,2.1416063988212777,1.98,121.2121212121212
1771238570.195303,0.8629230460518882,2.1446940595805186,1.98,121.2121212121212
1771238570.1994507,0.871845268460934,2.141333378171009,1.98,121.2121212121212
1771238570.2036273,0.8807730152687612,2.142659233878506,1.98,121.2121212121212
1771238570.2119558,0.8986353356480106,2.1445444562005123,1.98,121.2121212121212
1771238570.2161288,0.9075577413842817,2.1413773767050723,1.98,121.2121212121212
1771238570.2202933,0.9164738750794125,2.1398720868313896,1.98,121.2121212121212
1771238570.2244859,0.9254011700424315,2.142550791124568,1.98,121.2121212121212
1771238570.228623,0.9343388698245306,2.145047947703792,1.98,121.2121212121212
1771238570.2327797,0.9432617271339863,2.1414857542693397,1.98,121.2121212121212
1771238570.236965,0.9521794565282172,2.1402550546154258,1.98,121.2121212121212
1771238570.2411504,0.9611076209797806,2.142759468375232,1.98,121.2121212121212
1771238570.2453084,0.9700438002004133,2.1446830129518366,1.98,121.2121212121212
1771238570.2536504,0.9878735116613457,2.1377973168389066,1.98,121.2121212121212
1771238570.2578108,0.996805635147299,2.1437096366287856,1.98,121.2121212121212
1771238570.2619603,1.0057427706842352,2.1449125288646798,1.98,121.2121212121212
1771238570.2661152,1.0146649431024652,2.1413213803752034,1.98,121.2121212121212
1771238570.270293,1.023575558927057,2.1385477979019982,1.98,121.2121212121212
1771238570.2744741,1.0325086838494313,2.143949981369814,1.98,121.2121212121212
1771238570.2786407,1.0414454343178892,2.1448201124298687,1.98,121.2121212121212
1771238570.2827954,1.050368556871549,2.1415494128783643,1.98,121.2121212121212
1771238570.2911355,1.0682176818377707,2.1439343938309725,1.98,121.2121212121212
1771238570.2952943,1.0771517813574771,2.1441838847295434,1.98,121.2121212121212
1771238570.2994857,1.0860860054019639,2.1442137706768056,1.98,121.2121212121212
1771238570.3036385,1.0950079646366002,2.1412702163126993,1.98,121.2121212121212
1771238570.3078084,1.1039417276532975,2.144103124007357,1.98,121.2121212121212
1771238570.3119836,1.1128734774747242,2.1436199571424037,1.98,121.2121212121212
1771238570.3161452,1.1218000012052738,2.142365695331876,1.98,121.2121212121212
1771238570.3203971,1.1307192086431492,2.1406097850901062,1.98,121.2121212121212
1771238570.32866,1.1485813299034358,2.142629473626467,1.98,121.2121212121212
1771238570.3327847,1.1575090808091242,2.1426602173652007,1.98,121.2121212121212
1771238570.336954,1.1664286747101829,2.14070253625407,1.98,121.2121212121212
1771238570.3411386,1.1753618764284561,2.1439684123856124,1.98,121.2121212121212
1771238570.3452883,1.1842833331746954,2.141149619097392,1.98,121.2121212121212
1771238570.3494704,1.1932104343428516,2.1425042803575103,1.98,121.2121212121212
1771238570.353631,1.2021292549047036,2.140516934844486,1.98,121.2121212121212
1771238570.3578098,1.2110435636460612,2.1394340979258364,1.98,121.2121212121212
1771238570.3661397,1.2288857672067455,2.1407536090801487,1.98,121.2121212121212
1771238570.3703196,1.237804554668244,2.140508990759622,1.98,121.2121212121212
1771238570.3744743,1.2467386286005246,2.1441777437473686,1.98,121.2121212121212
1771238570.3786504,1.2556604863327585,2.1412458557361034,1.98,121.2121212121212
1771238570.3828158,1.2645895116660435,2.142966079988407,1.98,121.2121212121212
1771238570.3869758,1.273510277447159,2.140983787467724,1.98,121.2121212121212
1771238570.391129,1.282445539724111,2.1444629464685017,1.98,121.2121212121212
1771238570.395288,1.2913679267343017,2.1413728824457485,1.98,121.2121212121212
1771238570.3994563,1.3002949751351585,2.142491616205633,1.98,121.2121212121212
1771238570.4077907,1.318155259657549,2.1445138028605615,1.98,121.2121212121212
1771238570.4119577,1.3270774590791818,2.1413278611919053,1.98,121.2121212121212
1771238570.4161263,1.3360023573380428,2.1419755821266224,1.98,121.2121212121212
1771238570.4203172,1.3449270393786354,2.141923689742208,1.98,121.2121212121212
1771238570.4244888,1.3538612798400211,2.144217710732583,1.98,121.2121212121212
1771238570.4286427,1.362783148263535,2.1412484216433256,1.98,121.2121212121212
1771238570.432809,1.3717073063534497,2.1417979415795307,1.98,121.2121212121212
1771238570.4369984,1.380634515235236,2.142530131628718,1.98,121.2121212121212
1771238570.4453197,1.3984790632065456,2.1414710909136834,1.98,121.2121212121212
1771238570.4494925,1.407394232215416,2.1396405621288954,1.98,121.2121212121212
1771238570.4536557,1.4163203121373535,2.1422591812650036,1.98,121.2121212121212
1771238570.4577992,1.425257832183926,2.145004811177397,1.98,121.2121212121212
1771238570.461937,1.4341805248970902,2.1414462511594285,1.98,121.2121212121212
1771238570.466131,1.443084120664581,2.136862984197798,1.98,121.2121212121212
1771238570.4703069,1.4520143514455779,2.1432553874392237,1.98,121.2121212121212
1771238570.4744723,1.4609513725273426,2.1448850596235394,1.98,121.2121212121212
1771238570.4828146,1.4787814267035038,2.1383164452402306,1.98,121.2121212121212
1771238570.4869678,1.4877151580794752,2.1440955302331166,1.98,121.2121212121212
1771238570.4911194,1.4966531798674443,2.145125229112597,1.98,121.2121212121212
1771238570.4952765,1.5055840938203724,2.1434193487027695,1.98,121.2121212121212
1771238570.4994743,1.514502057479018,2.140311278074924,1.98,121.2121212121212
1771238570.5036085,1.5234339968945638,2.1436654597309768,1.98,121.2121212121212
1771238570.5078034,1.5323695891662168,2.1445421451966933,1.98,121.2121212121212
1771238570.511948,1.5413097215969138,2.145631783367308,1.98,121.2121212121212
1771238570.5161572,1.5502308833724425,2.1410788261268836,1.98,121.2121212121212
1771238570.524483,1.568097798027687,2.1437321533588007,1.98,121.2121212121212
1771238570.5286405,1.5770289855178417,2.1434849976371586,1.98,121.2121212121212
1771238570.5327995,1.5859481036486984,2.1405883514056314,1.98,121.2121212121212
1771238570.5369785,1.5948807870597779,2.1438440186590726,1.98,121.2121212121212
1771238570.5411386,1.603808738691077,2.1427083915118406,1.98,121.2121212121212
1771238570.5453184,1.6127348024859036,2.1422553107583595,1.98,121.2121212121212
1771238570.5494936,1.6216521927649188,2.140173666963624,1.98,121.2121212121212
1771238570.5536458,1.630584430707818,2.143737106295833,1.98,121.2121212121212
1771238570.5619667,1.6484341132460574,2.1420315973170005,1.98,121.2121212121212
1771238570.566117,1.6573496105026027,2.139719341570869,1.98,121.2121212121212
1771238570.5703156,1.666264303231893,2.1395262550296366,1.98,121.2121212121212
1771238570.5744762,1.6751863774249416,2.141297806331708,1.98,121.2121212121212
1771238570.578642,1.6841062743815614,2.1407752695887488,1.98,121.2121212121212
1771238570.5828116,1.6930244230759852,2.1403556866617017,1.98,121.2121212121212
1771238570.5869672,1.7019590508718028,2.1443106709961977,1.98,121.2121212121212
1771238570.59115,1.7108813230694124,2.1413453274263397,1.98,121.2121212121212
1771238570.5994816,1.728728306696866,2.140523634056629,1.98,121.2121212121212
1771238570.6036155,1.7376624257534867,2.144188573588998,1.98,121.2121212121212
1771238570.6077933,1.7465847988648382,2.1413695467243445,1.98,121.2121212121212
1771238570.611947,1.7555127286976282,2.142703159869615,1.98,121.2121212121212
1771238570.6161358,1.7644375072125213,2.1419468435743436,1.98,121.2121212121212
1771238570.620306,1.7733737957067797,2.1447092386219757,1.98,121.2121212121212
1771238570.6244657,1.7822971258859321,2.1415992429965742,1.98,121.2121212121212
1771238570.6286302,1.7912228972553954,2.142185128671198,1.98,121.2121212121212
1771238570.6328304,1.8001472199722632,2.141837452048277,1.98,121.2121212121212
1771238570.6411486,1.8180045432481884,2.141447535043048,1.98,121.2121212121212
1771238570.6453042,1.8269282384275234,2.1416868430403975,1.98,121.2121212121212
1771238570.649522,1.8358548605955047,2.142389320315541,1.98,121.2121212121212
1771238570.6536753,1.8447755405784947,2.1409631959175734,1.98,121.2121212121212
1771238570.657814,1.8536987223687913,2.141563629671179,1.98,121.2121212121212
1771238570.6619914,1.8626234391274767,2.1419320220845233,1.98,121.2121212121212
1771238570.6661575,1.871550901160497,2.142590887924872,1.98,121.2121212121212
1771238570.6703308,1.8804831770482295,2.1437462130558087,1.98,121.2121212121212
1771238570.678655,1.8983186629323436,2.139159000549542,1.98,121.2121212121212
1771238570.6828184,1.9072441185202185,2.1421093410899363,1.98,121.2121212121212
1771238570.6869965,1.9161763093328996,2.143725795043451,1.98,121.2121212121212
1771238570.6911485,1.9250978001178303,2.141157788383351,1.98,121.2121212121212
1771238570.6953278,1.9340041172174751,2.1375161039147654,1.98,121.2121212121212
1771238570.699475,1.9429357235454787,2.1435855187208697,1.98,121.2121212121212
1771238570.7036414,1.9518728201088897,2.144903175218631,1.98,121.2121212121212
1771238570.707778,1.9607954444625773,2.1414298448849824,1.98,121.2121212121212
1771238570.7161224,1.9786453562411506,2.143943015187669,1.98,121.2121212121212
1771238570.7202854,1.9875817931447934,2.1447448568743046,1.98,121.2121212121212
1771238570.7244496,1.996512889348657,2.1434630889272652,1.98,121.2121212121212
1771238570.7286398,2.005431566561865,2.1404825311699875,1.98,121.2121212121212
1771238570.7327943,2.0143634634782557,2.143655259933768,1.98,121.2121212121212
1771238570.736969,2.023296332374957,2.143888535208384,1.98,121.2121212121212
1771238570.7411227,2.0322291207873517,2.143869218974742,1.98,121.2121212121212
1771238570.745305,2.04115106554732,2.1412667423924776,1.98,121.2121212121212
1771238570.7494671,2.0500848924612076,2.1441184593330096,1.98,121.2121212121212
1771238570.7577703,2.067940860845475,2.1418976742706897,1.98,121.2121212121212
1771238570.7619843,2.076857303848584,2.139946320746207,1.98,121.2121212121212
1771238570.7661529,2.0857785066251995,2.141088666387736,1.98,121.2121212121212
1771238570.770309,2.0947028733427047,2.1418480122012804,1.98,121.2121212121212
1771238570.7744782,2.1036234851585336,2.1409468357989776,1.98,121.2121212121212
1771238570.7786725,2.1125420691760874,2.140460164212959,1.98,121.2121212121212
1771238570.7828288,2.1214681201710266,2.1422522387854115,1.98,121.2121212121212
1771238570.786994,2.1303947096390616,2.14238147232837,1.98,121.2121212121212
1771238570.79532,2.1482326571721897,2.139484551321662,1.98,121.2121212121212
1771238570.799487,2.157166399172158,2.1440980799924576,1.98,121.2121212121212
1771238570.8036587,2.166088355874953,2.1412696086706826,1.98,121.2121212121212
1771238570.8078234,2.175006881699927,2.1404461979937928,1.98,121.2121212121212
1771238570.811994,2.1839268166530488,2.140784388749192,1.98,121.2121212121212
1771238570.8161552,2.192849721002013,2.141497043751461,1.98,121.2121212121212
1771238570.8203208,2.2017716181702864,2.141255320385603,1.98,121.2121212121212
1771238570.824483,2.2106912486241375,2.1407113089241965,1.98,121.2121212121212
1771238570.8328173,2.2285369526973393,2.1423187406043174,1.98,121.2121212121212
1771238570.8369806,2.237459583770615,2.1414314575860858,1.98,121.2121212121212
1771238570.841162,2.2463883869850547,2.1429127714655967,1.98,121.2121212121212
1771238570.8453043,2.2553110217726964,2.141432349033977,1.98,121.2121212121212
1771238570.8494725,2.2642470431592945,2.144645132783589,1.98,121.2121212121212
1771238570.853615,2.273170013005214,2.141512763020689,1.98,121.2121212121212
1771238570.8577962,2.282098887238178,2.14292981591132,1.98,121.2121212121212
1771238570.861973,2.2910241908654467,2.142072870544517,1.98,121.2121212121212
1771238570.870286,2.3088828169841618,2.1415667500598223,1.98,121.2121212121212
1771238570.8744943,2.3178122306239612,2.143059273551826,1.98,121.2121212121212
1771238570.8786592,2.3267403554337145,2.1427499543407573,1.98,121.2121212121212
1771238570.8828244,2.3356620348455834,2.14120305884851,1.98,121.2121212121212
1771238570.8869855,2.3445856004248804,2.1416557390312216,1.98,121.2121212121212
1771238570.891158,2.3535037840581126,2.140364071975707,1.98,121.2121212121212
1771238570.8953514,2.36242878433194,2.142000065718514,1.98,121.2121212121212
1771238570.8994966,2.3713652371906875,2.144748686099444,1.98,121.2121212121212
1771238570.903642,2.380285216102859,2.140794938921151,1.98,121.2121212121212
1771238570.9119866,2.3981183969331608,2.1429096305123094,1.98,121.2121212121212
1771238570.9161298,2.4070558166979494,2.144980743549295,1.98,121.2121212121212
1771238570.9202824,2.41597720579684,2.141133383733717,1.98,121.2121212121212
1771238570.9244902,2.42488495288488,2.13785930112967,1.98,121.2121212121212
1771238570.9286377,2.4338170101486876,2.143693743313813,1.98,121.2121212121212
1771238570.9328063,2.442754210095189,2.1449279871603837,1.98,121.2121212121212
1771238570.9369607,2.4516767689862045,2.141414133843646,1.98,121.2121212121212
1771238570.9411545,2.460588365052957,2.138783056020677,1.98,121.2121212121212
1771238570.9494615,2.4784552866297815,2.1443407531656495,1.98,121.2121212121212
1771238570.953645,2.4873889944027727,2.14408986551784,1.98,121.2121212121212
1771238570.9578037,2.4963091744378456,2.1408432084174502,1.98,121.2121212121212
1771238570.9619744,2.5052418587872265,2.1438442438513636,1.98,121.2121212121212
1771238570.9661503,2.5141743986390934,2.1438095644480293,1.98,121.2121212121212
1771238570.970307,2.5231007695083547,2.1423290086227613,1.98,121.2121212121212
1771238570.974504,2.5320177586051225,2.1400773832242592,1.98,121.2121212121212
1771238570.97864,2.5409513185582426,2.144054388748832,1.98,121.2121212121212
1771238570.986937,2.5588078681186275,2.1426614861025026,1.98,121.2121212121212
1771238570.991123,2.567725371074418,2.1402007093897817,1.98,121.2121212121212
1771238570.9952955,2.576657765297725,2.1437746135937203,1.98,121.2121212121212
1771238570.9994612,2.585581749732186,2.1417562642705787,1.98,121.2121212121212
1771238571.0036278,2.594508840824073,2.142501862052787,1.98,121.2121212121212
1771238571.0077937,2.6034249525094446,2.1398668044891767,1.98,121.2121212121212
1771238571.011982,2.612335457473018,2.1385211912576363,1.98,121.2121212121212
1771238571.016152,2.621258199980515,2.1414582017992734,1.98,121.2121212121212
1771238571.0203059,2.630178183253467,2.1407959855084937,1.98,121.2121212121212
1771238571.0286474,2.648027783225512,2.144033798333018,1.98,121.2121212121212
1771238571.0328202,2.6569501616716558,2.14137082707457,1.98,121.2121212121212
1771238571.0369916,2.665879040961751,2.14293102962294,1.98,121.2121212121212
1771238571.0411406,2.674797327660594,2.140388807722311,1.98,121.2121212121212
1771238571.04529,2.68373200892194,2.144323502723049,1.98,121.2121212121212
1771238571.049464,2.6926549999294904,2.141517841812134,1.98,121.2121212121212
1771238571.0536184,2.701582104556561,2.14250511049696,1.98,121.2121212121212
1771238571.0578136,2.7105051916752028,2.1415409084740213,1.98,121.2121212121212
1771238571.0661244,2.728363107396292,2.1414801216990464,1.98,121.2121212121212
1771238571.070298,2.7372881895035275,2.1420197057364954,1.98,121.2121212121212
1771238571.0744886,2.7462111978885697,2.1415220124101486,1.98,121.2121212121212
1771238571.0786414,2.7551450595235902,2.1441267924048946,1.98,121.2121212121212
1771238571.0828078,2.7640677242066003,2.141439523922396,1.98,121.2121212121212
1771238571.0869734,2.7729908330379693,2.141546119528544,1.98,121.2121212121212
1771238571.0911682,2.781916445092158,2.14214689300534,1.98,121.2121212121212
1771238571.0953293,2.7908356921274837,2.140619288478207,1.98,121.2121212121212
1771238571.103651,2.808683965261857,2.1419208535644647,1.98,121.2121212121212
1771238571.107812,2.8176101246513956,2.142278253489294,1.98,121.2121212121212
1771238571.1119845,2.8265421792861525,2.143693112341632,1.98,121.2121212121212
1771238571.1161325,2.835465453623284,2.141585840911597,1.98,121.2121212121212
1771238571.120312,2.844377232227879,2.138826865102733,1.98,121.2121212121212
1771238571.1244912,2.8533024298796437,2.1420474364235447,1.98,121.2121212121212
1771238571.1286657,2.862234837149659,2.143777744803633,1.98,121.2121212121212
1771238571.1328328,2.8711575395478866,2.141448575574634,1.98,121.2121212121212
1771238571.1369839,2.880063830894787,2.137509923256143,1.98,121.2121212121212
1771238571.1453059,2.897934160616389,2.1451474891495557,1.98,121.2121212121212
1771238571.14945,2.9068574115900443,2.1415802336772582,1.98,121.2121212121212
1771238571.153644,2.9157727370398687,2.1396781079578107,1.98,121.2121212121212
1771238571.1577835,2.924704607407908,2.143648888329472,1.98,121.2121212121212
1771238571.1619537,2.9336402103283774,2.14454470091259,1.98,121.2121212121212
1771238571.1661036,2.942570578845974,2.143288444223206,1.98,121.2121212121212
1771238571.1702986,2.9514895088080073,2.1405431908879824,1.98,121.2121212121212
1771238571.1744576,2.960422035981007,2.1438065215198843,1.98,121.2121212121212
1771238571.1827772,2.9783009593229246,2.1464143458053724,1.98,121.2121212121212
1771238571.186972,2.987221681720614,2.1409733754455007,1.98,121.2121212121212
1771238571.1911287,2.9961558328638285,2.1441962743714367,1.98,121.2121212121212
1771238571.195319,3.005087394669694,2.143574833407693,1.98,121.2121212121212
1771238571.199488,3.014017879885902,2.1433164518898913,1.98,121.2121212121212
1771238571.2036698,3.022934284140784,2.1399370211716966,1.98,121.2121212121212
1771238571.2078104,3.031865921248495,2.1435929058506673,1.98,121.2121212121212
1771238571.212025,3.040787281009003,2.1411263425219014,1.98,121.2121212121212
1771238571.2203407,3.0586264180364715,2.139272782483922,1.98,121.2121212121212
1771238571.2245042,3.0675591436475607,2.143854146661369,1.98,121.2121212121212
1771238571.228661,3.0764815859096033,2.1413861428902377,1.98,121.2121212121212
1771238571.2328305,3.0854053168667432,2.1416954297136086,1.98,121.2121212121212
1771238571.2370262,3.0943188500626393,2.1392479670150584,1.98,121.2121212121212
1771238571.2411559,3.1032323682226086,2.1392443583926495,1.98,121.2121212121212
1771238571.2453232,3.1121546972308476,2.1413589619773234,1.98,121.2121212121212
1771238571.249481,3.121072792858909,2.140342950734771,1.98,121.2121212121212
1771238571.2578385,3.1389176709050868,2.1420361364098754,1.98,121.2121212121212
1771238571.2619894,3.1478406741555416,2.1415207801091145,1.98,121.2121212121212
1771238571.2661767,3.156764197972321,2.141645716027096,1.98,121.2121212121212
1771238571.2703195,3.1656821047106956,2.140297617209855,1.98,121.2121212121212
1771238571.274477,3.1746096444822824,2.1426095451808895,1.98,121.2121212121212
1771238571.278649,3.183533487204818,2.141722253408583,1.98,121.2121212121212
1771238571.2828205,3.192458134967813,2.1419154631188477,1.98,121.2121212121212
1771238571.2869866,3.2013767290610375,2.140462582373827,1.98,121.2121212121212
1771238571.2911296,3.21031148138374,2.1443405574486016,1.98,121.2121212121212
1771238571.2995331,3.2281627079397683,2.1426712006403035,1.98,121.2121212121212
1771238571.303655,3.237084218104417,2.141162439515732,1.98,121.2121212121212
1771238571.3078208,3.246010154540154,2.1422247445768425,1.98,121.2121212121212
1771238571.31198,3.254934142726281,2.1417571646705156,1.98,121.2121212121212
1771238571.316163,3.2638632155003817,2.142977465784153,1.98,121.2121212121212
1771238571.3203177,3.272787445301328,2.141815152227115,1.98,121.2121212121212
1771238571.3244758,3.2817235964699103,2.1446762804598047,1.98,121.2121212121212
1771238571.328653,3.2906468464735363,2.1415800008702703,1.98,121.2121212121212
1771238571.3369954,3.3084995042811802,2.1424638714767177,1.98,121.2121212121212
1771238571.3411741,3.317426356536175,2.1424445411987985,1.98,121.2121212121212
1771238571.3453104,3.3263490120390387,2.1414373206872437,1.98,121.2121212121212
1771238571.349494,3.3352660342436677,2.140085329110965,1.98,121.2121212121212
1771238571.3536363,3.344193858047573,2.1426777129372554,1.98,121.2121212121212
1771238571.3577893,3.3531308831118607,2.144886015428954,1.98,121.2121212121212
1771238571.3619537,3.3620544177845173,2.1416483214376236,1.98,121.2121212121212
1771238571.366121,3.370960635129549,2.1374921628076797,1.98,121.2121212121212
1771238571.3744764,3.388829840143007,2.145043565935928,1.98,121.2121212121212
1771238571.378668,3.3977527963620116,2.1415094925610316,1.98,121.2121212121212
1771238571.382843,3.4066626034433494,2.1383536995210948,1.98,121.2121212121212
1771238571.3869734,3.4155948011414137,2.143727447535465,1.98,121.2121212121212
1771238571.3911376,3.4245305902908347,2.1445893958610527,1.98,121.2121212121212
1771238571.3953073,3.433464262558995,2.1440813443583897,1.98,121.2121212121212
1771238571.3994868,3.4423842479916202,2.1407965038301238,1.98,121.2121212121212
1771238571.4036286,3.4513187772403184,2.1442870196876047,1.98,121.2121212121212
1771238571.4077995,3.4602525549404266,2.1441066480259785,1.98,121.2121212121212
1771238571.4161386,3.4780923741987584,2.139459654213521,1.98,121.2121212121212
1771238571.42029,3.4870240385100675,2.1435994347141727,1.98,121.2121212121212
1771238571.4244874,3.495950664564716,2.1423902531155905,1.98,121.2121212121212
1771238571.4286346,3.504880828789638,2.14323941398132,1.98,121.2121212121212
1771238571.4328256,3.513797098669181,2.139904771090436,1.98,121.2121212121212
1771238571.4369667,3.522729543755204,2.143786820645509,1.98,121.2121212121212
1771238571.4411318,3.53165638948763,2.142442975782228,1.98,121.2121212121212
1771238571.4453113,3.540582859867348,2.142352891132315,1.98,121.2121212121212
1771238571.4536204,3.558427505551859,2.143794525066715,1.98,121.2121212121212
1771238571.4577782,3.5673514033780562,2.1417354782873415,1.98,121.2121212121212
1771238571.4619648,3.576268679592374,2.1401462914363494,1.98,121.2121212121212
1771238571.4661603,3.5851802027057955,2.138765547221106,1.98,121.2121212121212
1771238571.4702952,3.5941122406115813,2.1436890973885836,1.98,121.2121212121212
1771238571.4744923,3.6030343143308063,2.1412976926139655,1.98,121.2121212121212
1771238571.4786565,3.611960927024348,2.1423870464499486,1.98,121.2121212121212
1771238571.4828188,3.6208753336539736,2.139457591110252,1.98,121.2121212121212
1771238571.4911509,3.6387329252186142,2.1417155944245305,1.98,121.2121212121212
1771238571.49532,3.647658320777359,2.1420949340988393,1.98,121.2121212121212
1771238571.4994867,3.6565748733050834,2.139972606653758,1.98,121.2121212121212
1771238571.5036654,3.6654863989658537,2.1387661585848354,1.98,121.2121212121212
1771238571.5078158,3.6744101397310467,2.1416977836462636,1.98,121.2121212121212
1771238571.5119843,3.6833311095244037,2.1410327504056954,1.98,121.2121212121212
1771238571.516165,3.692254137913504,2.141526813384063,1.98,121.2121212121212
1771238571.520299,3.7011816771776083,2.1426094233850077,1.98,121.2121212121212
1771238571.5244665,3.7101059214032084,2.141818614144067,1.98,121.2121212121212
1771238571.532829,3.7279564040148374,2.1423822736057794,1.98,121.2121212121212
1771238571.5369833,3.736888222253474,2.1436363772727947,1.98,121.2121212121212
1771238571.5411417,3.7458130489726327,2.1419584125981324,1.98,121.2121212121212
1771238571.5453155,3.7547380370461005,2.1419971376322513,1.98,121.2121212121212
1771238571.5495245,3.763664770636167,2.142416061615893,1.98,121.2121212121212
1771238571.5536468,3.7725964132466303,2.1435942265112753,1.98,121.2121212121212
1771238571.5578108,3.781520182062696,2.1417045158557846,1.98,121.2121212121212
1771238571.5619907,3.7904414028315045,2.141092984514091,1.98,121.2121212121212
1771238571.5703154,3.808306429335353,2.1449942815895926,1.98,121.2121212121212
1771238571.574454,3.8172299655680093,2.1416486958375054,1.98,121.2121212121212
1771238571.5786507,3.826148562417303,2.1404632438304483,1.98,121.2121212121212
1771238571.5827992,3.8350768181183756,2.142781368257446,1.98,121.2121212121212
1771238571.5869644,3.8440138251764253,2.1448816939319273,1.98,121.2121212121212
1771238571.5911226,3.852937358238897,2.141647934993177,1.98,121.2121212121212
1771238571.5952947,3.861844402604495,2.1376906477435456,1.98,121.2121212121212
1771238571.5994527,3.870775092063661,2.1433654701998504,1.98,121.2121212121212
1771238571.6077926,3.888631974852338,2.1418970085723017,1.98,121.2121212121212
1771238571.6119683,3.897549488705985,2.140203324875269,1.98,121.2121212121212
1771238571.61612,3.906482302109726,2.143875216897874,1.98,121.2121212121212
1771238571.6202903,3.9154171036092125,2.1443523598767547,1.98,121.2121212121212
1771238571.6244671,3.9243522943604328,2.144445780292841,1.98,121.2121212121212
1771238571.628648,3.933270768684826,2.140433837854343,1.98,121.2121212121212
1771238571.6328447,3.942202594562328,2.143638210600475,1.98,121.2121212121212
1771238571.6369805,3.95113425922887,2.1435995199700946,1.98,121.2121212121212
1771238571.6411493,3.960059645116395,2.1420926130059974,1.98,121.2121212121212
1771238571.649473,3.977907059562473,2.1437035709149637,1.98,121.2121212121212
1771238571.65366,3.9868331211060117,2.1422547704493087,1.98,121.2121212121212
1771238571.657811,3.9957642696495568,2.1434756504508328,1.98,121.2121212121212
1771238571.6619842,4.004682302276336,2.1403278304269815,1.98,121.2121212121212
1771238571.6661334,4.013615922549088,2.1440688654604596,1.98,121.2121212121212
1771238571.6702983,4.022543142482823,2.1425327840961876,1.98,121.2121212121212
1771238571.6744826,4.031470052523354,2.142458409727644,1.98,121.2121212121212
1771238571.678642,4.0403830444666085,2.1391180663809837,1.98,121.2121212121212
1771238571.6869621,4.0582381900115285,2.141491569112836,1.98,121.2121212121212
1771238571.6911423,4.067159427151445,2.1410969135800006,1.98,121.2121212121212
1771238571.6953237,4.076074778068995,2.139684220212109,1.98,121.2121212121212
1771238571.6994684,4.085008750755425,2.144153444743133,1.98,121.2121212121212
1771238571.7036533,4.0939322887483325,2.1416491182978197,1.98,121.2121212121212
1771238571.7078152,4.102861495749701,2.1430096803284497,1.98,121.2121212121212
1771238571.711975,4.111778108177563,2.1399869826870015,1.98,121.2121212121212
1771238571.7161179,4.1207123381616935,2.1442151961912637,1.98,121.2121212121212
1771238571.7244859,4.138554638946341,2.1405971907494985,1.98,121.2121212121212
1771238571.728653,4.147474675814496,2.1408088483571706,1.98,121.2121212121212
1771238571.7328143,4.156386562385813,2.138852777116154,1.98,121.2121212121212
1771238571.7370188,4.1653097267688,2.141559451917031,1.98,121.2121212121212
1771238571.7411585,4.174231856303983,2.1413110884438735,1.98,121.2121212121212
1771238571.7453334,4.1831519218204765,2.1408157239583274,1.98,121.2121212121212
1771238571.7494624,4.192087640416206,2.1445724629752037,1.98,121.2121212121212
1771238571.7536206,4.201011776246575,2.1417925992883764,1.98,121.2121212121212
1771238571.7619774,4.218868170416099,2.1418384396818904,1.98,121.2121212121212
1771238571.7661273,4.22780447792875,2.1447138030362987,1.98,121.2121212121212
1771238571.7702951,4.236728387198893,2.1417382248342176,1.98,121.2121212121212
1771238571.7744632,4.245658882993989,2.1433189908229813,1.98,121.2121212121212
1771238571.7786539,4.25458363625661,2.1419407830292063,1.98,121.2121212121212
1771238571.7827997,4.263504560309958,2.1410217728034855,1.98,121.2121212121212
1771238571.7869706,4.272428729580812,2.141800625005074,1.98,121.2121212121212
1771238571.7911465,4.281346152123892,2.1401814103392005,1.98,121.2121212121212
1771238571.7953205,4.290273687163424,2.142608409487705,1.98,121.2121212121212
1771238571.8036327,4.308136555389446,2.1418836236813497,1.98,121.2121212121212
1771238571.8077986,4.317054793986081,2.1403772631925486,1.98,121.2121212121212
1771238571.8119712,4.325984916471963,2.143229396611756,1.98,121.2121212121212
1771238571.8161094,4.334918592921213,2.144082347819863,1.98,121.2121212121212
1771238571.8202813,4.343843439548448,2.1419631905365595,1.98,121.2121212121212
1771238571.82446,4.352752268513765,2.1381189516760317,1.98,121.2121212121212
1771238571.8286488,4.361684624351686,2.1437654011011547,1.98,121.2121212121212
1771238571.8328047,4.370621948952431,2.144957904178746,1.98,121.2121212121212
1771238571.841169,4.388460510531543,2.1393078158538628,1.98,121.2121212121212
1771238571.845304,4.397393865785315,2.1440052609052884,1.98,121.2121212121212
1771238571.8494856,4.40632807596177,2.1442104423491526,1.98,121.2121212121212
1771238571.8536432,4.415259980880689,2.143657180540691,1.98,121.2121212121212
1771238571.8578029,4.424173225376999,2.1391786791144356,1.98,121.2121212121212
1771238571.8619604,4.433103899779723,2.143361856653657,1.98,121.2121212121212
1771238571.8661425,4.442031678390908,2.142666866684538,1.98,121.2121212121212
1771238571.870298,4.4509565966080515,2.141980372114565,1.98,121.2121212121212
1771238571.8786347,4.468805718279378,2.14385342652338,1.98,121.2121212121212
1771238571.8828619,4.477729801655212,2.1417800102001867,1.98,121.2121212121212
1771238571.8869877,4.486659254472745,2.143068676207937,1.98,121.2121212121212
1771238571.8911476,4.495577051448132,2.1402712740930205,1.98,121.2121212121212
1771238571.8952944,4.504509968718999,2.143900145008119,1.98,121.2121212121212
1771238571.899486,4.513433301609291,2.1415998936702425,1.98,121.2121212121212
1771238571.9036512,4.522359593087216,2.142309954701808,1.98,121.2121212121212
1771238571.9078133,4.531273375670267,2.1393078199323226,1.98,121.2121212121212
1771238571.9119995,4.540189115696026,2.139777606182145,1.98,121.2121212121212
1771238571.920328,4.558039146636272,2.1423752507375946,1.98,121.2121212121212
1771238571.9244943,4.566955586406665,2.1399455448942764,1.98,121.2121212121212
1771238571.92864,4.5758905050122465,2.1443804653395757,1.98,121.2121212121212
1771238571.9328291,4.584814953635912,2.1418676696796917,1.98,121.2121212121212
1771238571.9369812,4.5937375313857745,2.141418659966856,1.98,121.2121212121212
1771238571.94116,4.602658802904451,2.141105164482339,1.98,121.2121212121212
1771238571.9453874,4.611582245387262,2.141626195874574,1.98,121.2121212121212
1771238571.9495049,4.620506156242776,2.1417386053234106,1.98,121.2121212121212
1771238571.9578297,4.638352188531687,2.141694416384799,1.98,121.2121212121212
1771238571.9619937,4.64727972506259,2.1426087674164855,1.98,121.2121212121212
1771238571.9661586,4.656204823853342,2.142023709780414,1.98,121.2121212121212
1771238571.970316,4.665128504375443,2.1416833253042604,1.98,121.2121212121212
1771238571.9745083,4.674053610967187,2.142025582018568,1.98,121.2121212121212
1771238571.9786527,4.6829828408260035,2.1430151661160415,1.98,121.2121212121212
1771238571.982812,4.691907293561501,2.1418686565193727,1.98,121.2121212121212
1771238571.9870176,4.700833349084839,2.142253325601041,1.98,121.2121212121212
1771238571.9953337,4.7187829488012145,2.165765822744152,1.98,121.2121212121212
1771238571.9995368,4.727766758849308,2.1561144115422963,1.98,121.2121212121212
1771238572.0036883,4.736700526445614,2.1441042231134597,1.98,121.2121212121212
1771238572.0078187,4.745567913536716,2.128172901864438,1.98,121.2121212121212
1771238572.011967,4.754355839171079,2.1091021522471287,1.98,121.2121212121212
1771238572.0161426,4.763034457680593,2.082868442283398,1.98,121.2121212121212
1771238572.0202959,4.7716150930171235,2.0593524807673593,1.98,121.2121212121212
1771238572.0244596,4.780189623453051,2.0578873046226707,1.98,121.2121212121212
1771238572.032798,4.797229480820517,2.0318362940017534,1.98,121.2121212121212
1771238572.036957,4.805607572399118,2.0107419788640946,1.98,121.2121212121212
1771238572.0410979,4.813925284338423,1.9962508654333666,1.98,121.2121212121212
1771238572.0452843,4.822265110742824,2.0015583370560712,1.98,121.2121212121212
1771238572.049508,4.83052830098326,1.983165657704596,1.98,121.2121212121212
1771238572.0578315,4.847027463044027,1.9795275303338764,1.98,121.2121212121212
1771238572.0619662,4.855268648190126,1.977884435063866,1.98,121.2121212121212
1771238572.0661726,4.863532651261991,1.983360737247507,1.98,121.2121212121212
1771238572.070328,4.871788269462727,1.9813483681766229,1.98,121.2121212121212
1771238572.0744796,4.880088595479134,1.9920782439377196,1.98,121.2121212121212
1771238572.0828185,4.896799477256459,2.003454874833157,1.98,121.2121212121212
1771238572.0869741,4.9051492138260455,2.003936776700693,1.98,121.2121212121212
1771238572.0911746,4.913467332017039,1.9963483658382573,1.98,121.2121212121212
1771238572.0953054,4.921827360241266,2.0064067738144864,1.98,121.2121212121212
1771238572.099487,4.93023296918529,2.0173461465660223,1.98,121.2121212121212
1771238572.1077967,4.947016441992393,2.013226944462135,1.98,121.2121212121212
1771238572.1119952,4.9554557484487525,2.025433549526203,1.98,121.2121212121212
1771238572.1161578,4.963946348687266,2.0377440572432324,1.98,121.2121212121212
1771238572.1203253,4.972405480715473,2.030191686769648,1.98,121.2121212121212
1771238572.124505,4.980840004405114,2.024285685513953,1.98,121.2121212121212
1771238572.1328108,4.997739679782088,2.0283448104143122,1.98,121.2121212121212
1771238572.1369872,5.006174124899601,2.0242668282031118,1.98,121.2121212121212
1771238572.1411374,5.014584217672541,2.0184222655055843,1.98,121.2121212121212
1771238572.1453109,5.023006843260189,2.02143014103575,1.98,121.2121212121212
1771238572.1494725,5.031423933620183,2.020101686398449,1.98,121.2121212121212
1771238572.1578014,5.048202138762143,2.010172354677348,1.98,121.2121212121212
1771238572.1619968,5.056558893128823,2.0056210480032446,1.98,121.2121212121212
1771238572.1661456,5.064919850667965,2.00662980939401,1.98,121.2121212121212
1771238572.170299,5.0732798326505835,2.0063956758282977,1.98,121.2121212121212
1771238572.1744885,5.081621940623919,2.0021059136007002,1.98,121.2121212121212
1771238572.1828122,5.0982870805642735,1.9983781295355152,1.98,121.2121212121212
1771238572.1869714,5.106604849595999,1.996264567614146,1.98,121.2121212121212
1771238572.1911366,5.114907994758578,1.99275483901913,1.98,121.2121212121212
1771238572.195294,5.123185961335936,1.9867119785658445,1.98,121.2121212121212
1771238572.1994853,5.131449182224502,1.9831730132558982,1.98,121.2121212121212
1771238572.2077825,5.147946317663494,1.9782507650557914,1.98,121.2121212121212
1771238572.211956,5.1561682916881715,1.9732737659225863,1.98,121.2121212121212
1771238572.216104,5.164380454436297,1.9709190595501167,1.98,121.2121212121212
1771238572.2202911,5.172578311091004,1.9674855971298078,1.98,121.2121212121212
1771238572.224493,5.180774756922179,1.967146999481965,1.98,121.2121212121212
1771238572.2327988,5.19712128672804,1.9584106011585691,1.98,121.2121212121212
1771238572.2369952,5.205260471267631,1.9534042895019061,1.98,121.2121212121212
1771238572.2411332,5.213390983150814,1.951322851963873,1.98,121.2121212121212
1771238572.2453082,5.221509225880069,1.948378255021146,1.98,121.2121212121212
1771238572.253626,5.23770084742933,1.9417983884590513,1.98,121.2121212121212
1771238572.2578313,5.245773899676412,1.9375325392998193,1.98,121.2121212121212
1771238572.2619655,5.253826111073628,1.9325307353316579,1.98,121.2121212121212
1771238572.2661507,5.261862616031115,1.928761189796931,1.98,121.2121212121212
1771238572.2745411,5.276459235094087,1.6796782914070765,1.98,121.2121212121212
1771238572.2787018,5.283130348848868,1.6010673011474148,1.98,121.2121212121212
1771238572.2869673,5.296055892850915,1.5433836179460834,1.98,121.2121212121212
1771238572.291137,5.302320939803452,1.5036112686088718,1.98,121.2121212121212
1771238572.2994912,5.314540649484566,1.4504561772182794,1.98,121.2121212121212
1771238572.3036344,5.320552301149417,1.4427963995643158,1.98,121.2121212121212
1771238572.3119643,5.33252853452456,1.4305917492360376,1.98,121.2121212121212
1771238572.320265,5.344365547788632,1.4184713335603871,1.98,121.2121212121212
1771238572.3244438,5.350276270893786,1.4185735452367776,1.98,121.2121212121212
1771238572.3327816,5.3620846311879635,1.4106691854063966,1.98,121.2121212121212
1771238572.3411138,5.373677807209604,1.3876573401794743,1.98,121.2121212121212
1771238572.349454,5.385240045793905,1.3856709816146662,1.98,121.2121212121212
1771238572.3535998,5.39097984688841,1.3775522626811132,1.98,121.2121212121212
1771238572.361924,5.402432004632401,1.3742175711928235,1.98,121.2121212121212
1771238572.3702931,5.413762294099119,1.3523564672184085,1.98,121.2121212121212
1771238572.3785949,5.424987431516179,1.3475858953772273,1.98,121.2121212121212
1771238572.38277,5.430572925573268,1.3405185737014425,1.98,121.2121212121212
1771238572.3911185,5.441643034042089,1.3260238840789262,1.98,121.2121212121212
1771238572.399425,5.452701725735598,1.3275823620210778,1.98,121.2121212121212
1771238572.4077682,5.463684195735542,1.3211167407565148,1.98,121.2121212121212
1771238572.4160893,5.474988012291607,1.3628715517219785,1.98,121.2121212121212
1771238572.420266,5.480613041920357,1.3500071109000364,1.98,121.2121212121212
1771238572.4285965,5.492008003928109,1.375917523229892,1.98,121.2121212121212
1771238572.4369392,5.503449537451641,1.3663378615285768,1.98,121.2121212121212
1771238572.4453094,5.514822470785292,1.3676567368441614,1.98,121.2121212121212
1771238572.4494386,5.520542018120004,1.3726913603308848,1.98,121.2121212121212
1771238572.457786,5.5319014575112595,1.3655744246851134,1.98,121.2121212121212
1771238572.4661493,5.543280153780519,1.366475763072264,1.98,121.2121212121212
1771238572.4744632,5.554721223583329,1.3745097376236801,1.98,121.2121212121212
1771238572.4786212,5.560447709401322,1.374356596318053,1.98,121.2121212121212
1771238572.4869568,5.571872920824799,1.3714277162761965,1.98,121.2121212121212
1771238572.4952981,5.583236949499304,1.3628512612153878,1.98,121.2121212121212
1771238572.503592,5.594578977327379,1.3611304858472577,1.98,121.2121212121212
1771238572.507783,5.600238905972015,1.3583828747124609,1.98,121.2121212121212
1771238572.5161176,5.611517164565345,1.3493548800376156,1.98,121.2121212121212
1771238572.5244517,5.62282982804585,1.3637558060395572,1.98,121.2121212121212
1771238572.532783,5.634105341388632,1.3477832925936852,1.98,121.2121212121212
1771238572.5411284,5.6453856190651415,1.360414784049259,1.98,121.2121212121212
1771238572.5452795,5.651028614053314,1.3543187971614872,1.98,121.2121212121212
1771238572.5535939,5.662269934969803,1.3478552054002109,1.98,121.2121212121212
1771238572.5619388,5.673493449982145,1.3432369621777625,1.98,121.2121212121212
1771238572.5702918,5.684610671155429,1.3302714578671124,1.98,121.2121212121212
1771238572.5744464,5.6901888996134735,1.3387748299305533,1.98,121.2121212121212
1771238572.58276,5.701320859990184,1.3324420752105326,1.98,121.2121212121212
1771238572.591111,5.712447470029171,1.3380476976843674,1.98,121.2121212121212
1771238572.5994482,5.723538552207426,1.326278241253467,1.98,121.2121212121212
1771238572.60778,5.734612405193342,1.3305711791115449,1.98,121.2121212121212
1771238572.6119347,5.740147976071185,1.3285370106822592,1.98,121.2121212121212
1771238572.6202679,5.751152371456823,1.3191525825763464,1.98,121.2121212121212
1771238572.6285949,5.7621550834174755,1.3188797716976894,1.98,121.2121212121212
1771238572.6369393,5.773144596870511,1.3187811190994636,1.98,121.2121212121212
1771238572.6452665,5.784109634075819,1.3136082533262177,1.98,121.2121212121212
1771238572.6536272,5.7950636370708875,1.3133260317918405,1.98,121.2121212121212
1771238572.657779,5.800522689165453,1.310172502695592,1.98,121.2121212121212
1771238572.666094,5.811404724428108,1.3061589861108656,1.98,121.2121212121212
1771238572.6744578,5.822343578929092,1.3116154500738946,1.98,121.2121212121212
1771238572.682756,5.8332176458347185,1.3041885471693517,1.98,121.2121212121212
1771238572.6910973,5.8442100076899575,1.3170900178681084,1.98,121.2121212121212
1771238572.699423,5.85512040424392,1.3083480241224708,1.98,121.2121212121212
1771238572.7036045,5.860634341679546,1.3233449845502638,1.98,121.2121212121212
1771238572.7119453,5.871568616254242,1.30818615581757,1.98,121.2121212121212
1771238572.7202637,5.882487706583056,1.315277666046224,1.98,121.2121212121212
1771238572.7285984,5.893407936464622,1.3052390903743365,1.98,121.2121212121212
1771238572.7369542,5.904199765237495,1.297215123709796,1.98,121.2121212121212
1771238572.745273,5.914990569020406,1.290463221557899,1.98,121.2121212121212
1771238572.7494507,5.9203551699506445,1.2875042232570844,1.98,121.2121212121212
1771238572.7577772,5.9310992616279234,1.2874862305350774,1.98,121.2121212121212
1771238572.7661126,5.941787099956083,1.2790040095949062,1.98,121.2121212121212
1771238572.7744312,5.9525064259856775,1.2846611245127015,1.98,121.2121212121212
1771238572.782775,5.963123091064112,1.2724224686495793,1.98,121.2121212121212
1771238572.7910986,5.973798854775209,1.2791753146698586,1.98,121.2121212121212
1771238572.7994583,5.984344758201224,1.2626876221100207,1.98,121.2121212121212
1771238572.8077824,5.9949412166252225,1.2733951631396712,1.98,121.2121212121212
1771238572.811979,6.000223010724374,1.2676305837964386,1.98,121.2121212121212
1771238572.8203135,6.010788974872592,1.2703557734805582,1.98,121.2121212121212
1771238572.8286088,6.021331716299447,1.263092079713742,1.98,121.2121212121212
1771238572.8369443,6.0319444120227805,1.277333600163041,1.98,121.2121212121212
1771238572.845276,6.042543588990573,1.2680769168449988,1.98,121.2121212121212
1771238572.853608,6.05316625921965,1.2777396894993398,1.98,121.2121212121212
1771238572.8619437,6.063762799186655,1.268129628752301,1.98,121.2121212121212
1771238572.8702698,6.074383336151481,1.2760527956866456,1.98,121.2121212121212
1771238572.8786087,6.084941475995659,1.2618351373419305,1.98,121.2121212121212
1771238572.8827815,6.090209217061812,1.2642578558767879,1.98,121.2121212121212
1771238572.8911183,6.10072399229577,1.259869630392795,1.98,121.2121212121212
1771238572.899442,6.111170861194567,1.2544602034888148,1.98,121.2121212121212
1771238572.9077523,6.12160566033098,1.2502492005318273,1.98,121.2121212121212
1771238572.9161081,6.132057925908764,1.2575472278339996,1.98,121.2121212121212
1771238572.924427,6.142496870682169,1.2505326626113613,1.98,121.2121212121212
1771238572.932775,6.152927068940229,1.254340089583724,1.98,121.2121212121212
1771238572.9410965,6.163312910914993,1.2429215152159327,1.98,121.2121212121212
1771238572.9494514,6.173659491300461,1.2395934681700096,1.98,121.2121212121212
1771238572.957769,6.183891338565552,1.224571106421538,1.98,121.2121212121212
1771238572.966107,6.194127783455197,1.2329153347480692,1.98,121.2121212121212
1771238572.9744399,6.204379274123791,1.226360037863546,1.98,121.2121212121212
1771238572.982754,6.214691111235635,1.2454528833327558,1.98,121.2121212121212
1771238572.9911056,6.22504456612075,1.2349601976759441,1.98,121.2121212121212
1771238572.995262,6.2301696580922705,1.2300220731650184,1.98,121.2121212121212
1771238573.0035837,6.240543346784492,1.2482489200564715,1.98,121.2121212121212
1771238573.0119293,6.250823483631166,1.2305836358430313,1.98,121.2121212121212
1771238573.0202467,6.261165530850693,1.2429544763371585,1.98,121.2121212121212
1771238573.0285947,6.271472424449383,1.235437832765005,1.98,121.2121212121212
1771238573.0369494,6.281774047116576,1.2372107267902333,1.98,121.2121212121212
1771238573.0452678,6.292006843301264,1.2244159265745878,1.98,121.2121212121212
1771238573.0535872,6.3022263960078,1.2268447612240307,1.98,121.2121212121212
1771238573.0619226,6.312401974079011,1.2223830499976145,1.98,121.2121212121212
1771238573.0702991,6.322579176470609,1.2180780419550292,1.98,121.2121212121212
1771238573.0786018,6.3326258338010035,1.2035275385944249,1.98,121.2121212121212
1771238573.086921,6.342722407101711,1.2108031248652793,1.98,121.2121212121212
1771238573.0952587,6.3527157537226655,1.1972858036748355,1.98,121.2121212121212
1771238573.103582,6.362784058271899,1.210025305838419,1.98,121.2121212121212
1771238573.1119273,6.3727771715193,1.20083750567027,1.98,121.2121212121212
1771238573.1202514,6.382857356753721,1.2101612975109206,1.98,121.2121212121212
1771238573.128608,6.392882039819361,1.201422383462729,1.98,121.2121212121212
1771238573.136923,6.402920272410895,1.2051788853853396,1.98,121.2121212121212
1771238573.1452713,6.412950508343534,1.2106018374570175,1.98,121.2121212121212
1771238573.153601,6.423016512033537,1.2059424055450227,1.98,121.2121212121212
1771238573.1619587,6.432983136423773,1.1964636665111574,1.98,121.2121212121212
1771238573.170276,6.442971204434198,1.1953058687185365,1.98,121.2121212121212
1771238573.1786096,6.452864384669088,1.1877859637621047,1.98,121.2121212121212
1771238573.186936,6.4627851466103685,1.188033609451698,1.98,121.2121212121212
1771238573.1952817,6.472688024726494,1.1899887330534864,1.98,121.2121212121212
1771238573.2036533,6.482583164547335,1.1843988086708614,1.98,121.2121212121212
1771238573.2119591,6.492501285006113,1.1923342351858053,1.98,121.2121212121212
1771238573.2202826,6.50235033753391,1.176966696701995,1.98,121.2121212121212
1771238573.2286115,6.512235297767095,1.1916324055978322,1.98,121.2121212121212
1771238573.236943,6.522108142902362,1.180087021332526,1.98,121.2121212121212
1771238573.2452898,6.531988438074639,1.1911196125456907,1.98,121.2121212121212
1771238573.2535963,6.541826098839395,1.175385279874176,1.98,121.2121212121212
1771238573.2619298,6.551592104323014,1.1749197508575173,1.98,121.2121212121212
1771238573.2702782,6.561306297247652,1.1590110288916164,1.98,121.2121212121212
1771238573.2786047,6.570983082008652,1.1645057531601954,1.98,121.2121212121212
1771238573.2869484,6.580687240509107,1.1589345329569447,1.98,121.2121212121212
1771238573.2952585,6.590381871530718,1.1685039718952988,1.98,121.2121212121212
1771238573.303612,6.600020023083086,1.1511626951662928,1.98,121.2121212121212
1771238573.316089,6.614545534240533,1.1656754613462705,1.98,121.2121212121212
1771238573.3244455,6.62421481013482,1.1604954651797694,1.98,121.2121212121212
1771238573.33275,6.633958324823253,1.170232926900543,1.98,121.2121212121212
1771238573.3411222,6.643630585699182,1.1585152834922654,1.98,121.2121212121212
1771238573.349429,6.653310268361847,1.1625283735034266,1.98,121.2121212121212
1771238573.3577766,6.662951959820259,1.1587389647961592,1.98,121.2121212121212
1771238573.366083,6.672608164245502,1.1582749170786524,1.98,121.2121212121212
1771238573.3744416,6.682257878652299,1.1566091957753206,1.98,121.2121212121212
1771238573.3827872,6.691850079036452,1.1467078654233938,1.98,121.2121212121212
1771238573.3911352,6.701406285487412,1.1477114322240785,1.98,121.2121212121212
1771238573.3994374,6.710916445154367,1.138493537252034,1.98,121.2121212121212
1771238573.4077687,6.720415676601783,1.1397158643199619,1.98,121.2121212121212
1771238573.4202836,6.734546157337039,1.1294811746468736,1.98,121.2121212121212
1771238573.4285932,6.7440323233189865,1.1345809732488725,1.98,121.2121212121212
1771238573.436922,6.753468710608052,1.135810715238197,1.98,121.2121212121212
1771238573.445271,6.763048920917713,1.1501035589893476,1.98,121.2121212121212
1771238573.4535947,6.772535367749273,1.1395788532873168,1.98,121.2121212121212
1771238573.461926,6.7821522778527426,1.1530419529344638,1.98,121.2121212121212
1771238573.4702666,6.7916757481049075,1.142701128939411,1.98,121.2121212121212
1771238573.4786224,6.801261985151042,1.149080317393483,1.98,121.2121212121212
1771238573.486957,6.810697667388896,1.126450788005496,1.98,121.2121212121212
1771238573.4952846,6.820087172219312,1.1259543869923108,1.98,121.2121212121212
1771238573.5077684,6.8339459630725,1.1085030073402198,1.98,121.2121212121212
1771238573.516094,6.8432216411539075,1.1106056997685352,1.98,121.2121212121212
1771238573.524433,6.85248561298858,1.1168883259652127,1.98,121.2121212121212
1771238573.5327504,6.861817258364787,1.1207785344256216,1.98,121.2121212121212
1771238573.541094,6.871191452612314,1.1280041388250688,1.98,121.2121212121212
1771238573.5494483,6.880590370091844,1.1281488822361083,1.98,121.2121212121212
1771238573.5619178,6.894686914498726,1.1274532218280133,1.98,121.2121212121212
1771238573.5702796,6.904105634426496,1.1339967315526525,1.98,121.2121212121212
1771238573.5785968,6.91348928045873,1.1227589788616494,1.98,121.2121212121212
1771238573.5869412,6.9228877303670755,1.1318734410801434,1.98,121.2121212121212
1771238573.5952501,6.93225433009128,1.12118975063043,1.98,121.2121212121212
1771238573.6036034,6.941589253293848,1.1246429378006337,1.98,121.2121212121212
1771238573.6119258,6.950880225207609,1.1117358226624454,1.98,121.2121212121212
1771238573.6202683,6.960157401705888,1.117008764680501,1.98,121.2121212121212
1771238573.6327608,6.973997403867785,1.1005082159338881,1.98,121.2121212121212
1771238573.6411128,6.983298962637164,1.117104388169368,1.98,121.2121212121212
1771238573.6494396,6.992533186086843,1.1094510633665209,1.98,121.2121212121212
1771238573.6577554,7.001870451912633,1.1180944151121655,1.98,121.2121212121212
1771238573.6661098,7.0110607186842415,1.0980053335005688,1.98,121.2121212121212
1771238573.6744714,7.020223827372392,1.098557197673566,1.98,121.2121212121212
1771238573.6869297,7.033748655404302,1.0774350861677486,1.98,121.2121212121212
1771238573.6952698,7.042721871981697,1.0767358882259486,1.98,121.2121212121212
1771238573.703596,7.051712525973412,1.0829338518524043,1.98,121.2121212121212
1771238573.711924,7.060721082208381,1.0807370924984085,1.98,121.2121212121212
1771238573.7244306,7.074364705843063,1.0904343208501062,1.98,121.2121212121212
1771238573.732766,7.083413065740845,1.08557968057658,1.98,121.2121212121212
1771238573.7410917,7.092461910221487,1.0832165210197553,1.98,121.2121212121212
1771238573.7494292,7.10149863390016,1.0880205812798072,1.98,121.2121212121212
1771238573.7577913,7.110556061574366,1.081502134492247,1.98,121.2121212121212
1771238573.7702658,7.124085838301432,1.0841440342617703,1.98,121.2121212121212
1771238573.7786245,7.133081960368077,1.0756675450379258,1.98,121.2121212121212
1771238573.786939,7.1421200240253375,1.086924571492845,1.98,121.2121212121212
1771238573.795261,7.151142101567316,1.0790783441809437,1.98,121.2121212121212
1771238573.803609,7.160209469888256,1.0879913008386464,1.98,121.2121212121212
1771238573.8160996,7.173738648070289,1.086286558588571,1.98,121.2121212121212
1771238573.8244438,7.182819765113835,1.0865538657062106,1.98,121.2121212121212
1771238573.8327618,7.191779267738934,1.077758952738377,1.98,121.2121212121212
1771238573.841128,7.200780450252747,1.0764062124135636,1.98,121.2121212121212
1771238573.853608,7.214095852408855,1.0666264166392276,1.98,121.2121212121212
1771238573.8619494,7.222905017346591,1.053424532987699,1.98,121.2121212121212
1771238573.8702528,7.231705118562059,1.056933801714679,1.98,121.2121212121212
1771238573.8786068,7.240438657241076,1.0454023597177662,1.98,121.2121212121212
1771238573.8911011,7.253595310297665,1.0481590309331388,1.98,121.2121212121212
1771238573.8994472,7.262351382723976,1.0571670917917382,1.98,121.2121212121212
1771238573.9078095,7.271161600341489,1.0572518399644764,1.98,121.2121212121212
1771238573.9202533,7.28437507268239,1.0553378072738675,1.98,121.2121212121212
1771238573.9285963,7.293152276889305,1.0564708898559378,1.98,121.2121212121212
1771238573.9369228,7.301979113427578,1.0578356343710997,1.98,121.2121212121212
1771238573.9452748,7.310775846471267,1.0566078445559353,1.98,121.2121212121212
1771238573.9577692,7.3240264886883875,1.0561182328787715,1.98,121.2121212121212
1771238573.966114,7.332845629737293,1.0618160057143073,1.98,121.2121212121212
1771238573.974441,7.341609187996662,1.049991182487838,1.98,121.2121212121212
1771238573.9827664,7.350326653688927,1.0461182863989884,1.98,121.2121212121212
1771238573.9952774,7.363259413384914,1.0294295693646311,1.98,121.2121212121212
1771238574.0036092,7.371804429913493,1.0223427353998864,1.98,121.2121212121212
1771238574.0119407,7.380328182889576,1.026343920202031,1.98,121.2121212121212
1771238574.024434,7.393130108616038,1.0187131565440393,1.98,121.2121212121212
1771238574.0327854,7.401703539237784,1.0303247408328056,1.98,121.2121212121212
1771238574.0411232,7.410269449196612,1.0240013002249642,1.98,121.2121212121212
1771238574.053618,7.423222526232089,1.0317240341254643,1.98,121.2121212121212
1771238574.0619423,7.431795200999901,1.0344788008509045,1.98,121.2121212121212
1771238574.070275,7.440393559260579,1.0302502219283873,1.98,121.2121212121212
1771238574.082768,7.453148656502042,1.0188556869542613,1.98,121.2121212121212
1771238574.0911188,7.4615773987546685,1.0085705915020438,1.98,121.2121212121212
1771238574.0994627,7.4700754724378875,1.0229450773706859,1.98,121.2121212121212
1771238574.1119504,7.482775942971711,1.018863941729399,1.98,121.2121212121212
1771238574.120301,7.491256091109787,1.0149329944977037,1.98,121.2121212121212
1771238574.132768,7.503836432587446,1.0098995371689399,1.98,121.2121212121212
1771238574.141132,7.5122532695104,1.0092841121894907,1.98,121.2121212121212
1771238574.1494422,7.52070198828664,1.014189545553863,1.98,121.2121212121212
1771238574.1619406,7.533438533083246,1.0231833549671003,1.98,121.2121212121212
1771238574.170262,7.541903844475968,1.0156457219159942,1.98,121.2121212121212
1771238574.1785944,7.550404857797673,1.0208037188087562,1.98,121.2121212121212
1771238574.1911042,7.563000357282794,1.008181847682477,1.98,121.2121212121212
1771238574.1994247,7.5714110734899105,1.0064262725326225,1.98,121.2121212121212
1771238574.211922,7.583981839472062,1.0101761226685675,1.98,121.2121212121212
1771238574.220275,7.592298965737768,0.9922582485678411,1.98,121.2121212121212
1771238574.228604,7.600609492589339,0.9993739172626738,1.98,121.2121212121212
1771238574.2411044,7.613096856729611,0.9960137615774589,1.98,121.2121212121212
1771238574.2494621,7.621442941344015,1.0020444035623315,1.98,121.2121212121212
1771238574.2619343,7.633843475803808,0.9914398783038522,1.98,121.2121212121212
1771238574.270258,7.642120157277885,0.9944134280896322,1.98,121.2121212121212
1771238574.2786376,7.650390482010657,0.9901590959492975,1.98,121.2121212121212
1771238574.2911246,7.662773637595403,0.9875509971028107,1.98,121.2121212121212
1771238574.2994478,7.670911347419235,0.9763471296014544,1.98,121.2121212121212
1771238574.311957,7.683116705179577,0.9712663982466337,1.98,121.2121212121212
1771238574.320281,7.6912210631733515,0.9742302905393109,1.98,121.2121212121212
1771238574.3327687,7.703365737273007,0.967157509125641,1.98,121.2121212121212
1771238574.3411174,7.711543943803228,0.9874311012888919,1.98,121.2121212121212
1771238574.3536222,7.723763512382916,0.9797741483001087,1.98,121.2121212121212
1771238574.3619728,7.732126050202605,1.0089479113206339,1.98,121.2121212121212
1771238574.3703036,7.740665506886787,1.0319175887473866,1.98,121.2121212121212
1771238574.3828025,7.75357701637937,1.0239409491467428,1.98,121.2121212121212
1771238574.391117,7.76208556826095,1.0209298281213461,1.98,121.2121212121212
1771238574.3994577,7.770496782381284,1.0043642287877101,1.98,121.2121212121212
1771238574.41196,7.782952062588182,0.991672168380731,1.98,121.2121212121212
1771238574.420264,7.791101627632666,0.9748858934313227,1.98,121.2121212121212
1771238574.4327717,7.8032153155750095,0.9611155800769832,1.98,121.2121212121212
1771238574.441083,7.811154491175573,0.9512938108369667,1.98,121.2121212121212
1771238574.4535985,7.822953804396706,0.9321797356351773,1.98,121.2121212121212
1771238574.461924,7.830690171288921,0.9285169763157763,1.98,121.2121212121212
1771238574.4744258,7.842199046346994,0.9124469086838408,1.98,121.2121212121212
1771238574.4869251,7.853539915907712,0.8991104257915773,1.98,121.2121212121212
1771238574.4952693,7.8609415751971055,0.8842740104206109,1.98,121.2121212121212
1771238574.507746,7.871905266555663,0.8686817923582042,1.98,121.2121212121212
1771238574.5202484,7.882671813265743,0.8600969269379151,1.98,121.2121212121212
1771238574.5327375,7.89324506879643,0.844152626982561,1.98,121.2121212121212
1771238574.5410857,7.900257319983009,0.8361713071941159,1.98,121.2121212121212
1771238574.5535724,7.910548834786407,0.8207492443130282,1.98,121.2121212121212
1771238574.5660677,7.920659014149835,0.8073480896937247,1.98,121.2121212121212
1771238574.5785732,7.930682667083243,0.7931482690730971,1.98,121.2121212121212
1771238574.5910842,7.940474850102161,0.7735314115715272,1.98,121.2121212121212
1771238574.6035724,7.950005911114455,0.757362537449919,1.98,121.2121212121212
1771238574.6202452,7.962399203544968,0.7438054052146752,1.98,121.2121212121212
1771238574.6327448,7.971551349347667,0.7271239894792877,1.98,121.2121212121212
1771238574.6452343,7.980399793564447,0.6991486681811615,1.98,121.2121212121212
1771238574.6619065,7.991868545354156,0.6768754111951794,1.98,121.2121212121212
1771238574.6744232,8.000195394444887,0.6550123998596494,1.98,121.2121212121212
1771238574.691067,8.01090338416923,0.6295106672492609,1.98,121.2121212121212
1771238574.7077324,8.021195306678488,0.6041236631536445,1.98,121.2121212121212
1771238574.7244096,8.030893188508406,0.5648288025456143,1.98,121.2121212121212
1771238574.7410753,8.040036741873633,0.534327953216099,1.98,121.2121212121212
1771238574.7619119,8.05084032626735,0.5082356095551062,1.98,121.2121212121212
1771238574.782749,8.061577957213565,0.6242846417244672,1.98,121.2121212121212
1771238574.7952833,8.071529149432262,0.825609319199478,1.98,121.2121212121212
1771238574.8077722,8.082314830453372,0.8644249257582239,1.98,121.2121212121212
1771238574.8202713,8.093320675528322,0.8860182066910518,1.98,121.2121212121212
1771238574.8286064,8.100782045247616,0.8999318073825909,1.98,121.2121212121212
1771238574.8410928,8.112034957470142,0.8994543758144018,1.98,121.2121212121212
1771238574.8535907,8.12296501257786,0.8706780858486738,1.98,121.2121212121212
1771238574.8620005,8.130177765756793,0.8556183670684488,1.98,121.2121212121212
1771238574.874457,8.140609579568064,0.7956605754017352,1.98,121.2121212121212
1771238574.8911622,8.151633288912677,0.5977284362320078,1.98,121.2121212121212
1771238574.907789,8.161372757633195,0.6140593146246285,1.98,121.2121212121212
1771238574.9244416,8.172051234515584,0.6667373094873622,1.98,121.2121212121212
1771238574.9369307,8.180848875293803,0.7412322830016493,1.98,121.2121212121212
1771238574.9494264,8.190333218689709,0.7719249293569643,1.98,121.2121212121212
1771238574.9619286,8.200550041774818,0.8405241163552025,1.98,121.2121212121212
1771238574.9744508,8.21157203906112,0.900697848304684,1.98,121.2121212121212
1771238574.9869385,8.223535888449284,0.9767705204519399,1.98,121.2121212121212
1771238574.995258,8.23178949070845,1.0042342419421244,1.98,121.2121212121212
1771238575.00359,8.240552494759436,1.0603437366894257,1.98,121.2121212121212
1771238575.0160968,8.254281992822712,1.132140854623409,1.98,121.2121212121212
1771238575.0244446,8.263807113485692,1.143969078223953,1.98,121.2121212121212
1771238575.0327628,8.27376580188055,1.217650379322063,1.98,121.2121212121212
1771238575.0411081,8.28411549360226,1.2437055905879437,1.98,121.2121212121212
1771238575.0494494,8.294891332372558,1.3143543608308808,1.98,121.2121212121212
1771238575.053589,8.30043754315919,1.3310905887916031,1.98,121.2121212121212
1771238575.0619366,8.31168289555229,1.3630492921503077,1.98,121.2121212121212
1771238575.0702732,8.323426714603164,1.4178767025032957,1.98,121.2121212121212
1771238575.0786042,8.33538496144521,1.4469737132955236,1.98,121.2121212121212
1771238575.0827842,8.341550245332154,1.4796681328669468,1.98,121.2121212121212
1771238575.0911202,8.354044343902073,1.5031144193858348,1.98,121.2121212121212
1771238575.0952744,8.36040632661598,1.5268758513375216,1.98,121.2121212121212
1771238575.1036048,8.373370892607218,1.5613221427567994,1.98,121.2121212121212
1771238575.1119418,8.386538934769384,1.5918192099874737,1.98,121.2121212121212
1771238575.1161141,8.393255907920603,1.6120735562927169,1.98,121.2121212121212
1771238575.1244767,8.406695215620672,1.6152019207933983,1.98,121.2121212121212
1771238575.1286306,8.413468232039547,1.6255239405297899,1.98,121.2121212121212
1771238575.1327908,8.42030259139552,1.6402462454338158,1.98,121.2121212121212
1771238575.1411192,8.434089356619472,1.654928566661204,1.98,121.2121212121212
1771238575.145276,8.441059116661025,1.6727424099726023,1.98,121.2121212121212
1771238575.1536179,8.455269135072957,1.7096934818500182,1.98,121.2121212121212
1771238575.157779,8.462491600778392,1.7333917693045988,1.98,121.2121212121212
1771238575.1661115,8.477266440347519,1.785835272063192,1.98,121.2121212121212
1771238575.1702728,8.484746432845691,1.7951981995615198,1.98,121.2121212121212
1771238575.1744723,8.492337469919878,1.8218488978046892,1.98,121.2121212121212
1771238575.1786077,8.500102490537957,1.8636049483391133,1.98,121.2121212121212
1771238575.1869335,8.515797211593968,1.8872253694092227,1.98,121.2121212121212
1771238575.191125,8.52370331154648,1.897463988602909,1.98,121.2121212121212
1771238575.1953194,8.531713830064142,1.922524444238605,1.98,121.2121212121212
1771238575.203627,8.5479011818399,1.946797170865837,1.98,121.2121212121212
1771238575.2077882,8.556019450511524,1.9483844811896378,1.98,121.2121212121212
1771238575.2119753,8.564211087352119,1.9659928417426433,1.98,121.2121212121212
1771238575.2161233,8.572469823980207,1.9820967907412015,1.98,121.2121212121212
1771238575.2202742,8.580757262060365,1.988985139237744,1.98,121.2121212121212
1771238575.228625,8.597523876128733,2.0263099105667055,1.98,121.2121212121212
1771238575.2328093,8.605997363926853,2.0336370715489216,1.98,121.2121212121212
1771238575.2369635,8.61450667339016,2.042234271193594,1.98,121.2121212121212
1771238575.2411375,8.623100451574444,2.0625067642283605,1.98,121.2121212121212
1771238575.2453184,8.631777888354614,2.0825848272408645,1.98,121.2121212121212
1771238575.2494755,8.64053247524349,2.1011008533301387,1.98,121.2121212121212
1771238575.2578037,8.658161198020775,2.124209524832745,1.98,121.2121212121212
1771238575.2619774,8.667075902678732,2.13952911790974,1.98,121.2121212121212
1771238575.2661502,8.676010875080921,2.1443933765252816,1.98,121.2121212121212
1771238575.270311,8.684941232701098,2.143285828842418,1.98,121.2121212121212
1771238575.27448,8.693884286388887,2.146332885069438,1.98,121.2121212121212
1771238575.278673,8.702805556321538,2.141104783836406,1.98,121.2121212121212
1771238575.2828093,8.711741692405493,2.144672660149183,1.98,121.2121212121212
1771238575.2869692,8.720669378936137,2.142644767354565,1.98,121.2121212121212
1771238575.2953415,8.738506677629783,2.1415028927734956,1.98,121.2121212121212
1771238575.2995048,8.747444001233267,2.1449576648364146,1.98,121.2121212121212
1771238575.3036256,8.756373632935473,2.1431116085292437,1.98,121.2121212121212
1771238575.3078263,8.765275396044322,2.1364231461238083,1.98,121.2121212121212
1771238575.3119793,8.774202260699912,2.1424475173415805,1.98,121.2121212121212
1771238575.3161411,8.783139371439464,2.144906577492659,1.98,121.2121212121212
1771238575.3202934,8.792070654098872,2.1435078382579547,1.98,121.2121212121212
1771238575.3244877,8.800980967105218,2.138475121523332,1.98,121.2121212121212
1771238575.3328347,8.818848101463116,2.1448929997272774,1.98,121.2121212121212
1771238575.3369908,8.827839540663753,2.1579454081529366,1.98,121.2121212121212
1771238575.3411841,8.836761460275692,2.1412607068656597,1.98,121.2121212121212
1771238575.3453207,8.845692406528473,2.143427100667239,1.98,121.2121212121212
1771238575.3495338,8.854628144566332,2.144577129086137,1.98,121.2121212121212
1771238575.3536603,8.863608472948115,2.15527881162806,1.98,121.2121212121212
1771238575.3578515,8.872526076061725,2.140224747266335,1.98,121.2121212121212
1771238575.361993,8.88145731261934,2.1434967738277457,1.98,121.2121212121212
1771238575.3661416,8.890391804471532,2.144278044526333,1.98,121.2121212121212
1771238575.3744874,8.908265207545545,2.1392781285269207,1.98,121.2121212121212
1771238575.3786335,8.917196930175205,2.143613431118494,1.98,121.2121212121212
1771238575.3828652,8.926130008383126,2.143938769901074,1.98,121.2121212121212
1771238575.386976,8.935105241590524,2.154055969775556,1.98,121.2121212121212
1771238575.3911817,8.944016049916149,2.1385939981500997,1.98,121.2121212121212
1771238575.3953297,8.952948197821556,2.1437154972974723,1.98,121.2121212121212
1771238575.3994982,8.961881551129265,2.1440047938502635,1.98,121.2121212121212
1771238575.4036632,8.970846061283055,2.151482436909515,1.98,121.2121212121212
1771238575.4119756,8.988695368451102,2.1438562754485186,1.98,121.2121212121212
1771238575.4161444,8.9976264354946,2.1434560904395923,1.98,121.2121212121212
1771238575.4203365,9.00658421798022,2.1498677965486936,1.98,121.2121212121212
1771238575.4245236,9.015497619994845,2.1392164835099567,1.98,121.2121212121212
1771238575.4287083,9.024431581539291,2.144150770667281,1.98,121.2121212121212
1771238575.432866,9.033363149054114,2.143576203557513,1.98,121.2121212121212
1771238575.4370973,9.042327264998136,2.1513878265649784,1.98,121.2121212121212
1771238575.4411838,9.051247813752822,2.1409317011246514,1.98,121.2121212121212
1771238575.4453247,9.060181874103463,2.1441744841539916,1.98,121.2121212121212
1771238575.4536881,9.07807983789851,2.1521566368968577,1.98,121.2121212121212
1771238575.4579334,9.086997531207452,2.140246394146087,1.98,121.2121212121212
1771238575.4620314,9.095932906145032,2.144489985019165,1.98,121.2121212121212
1771238575.4661844,9.104862362170655,2.1430694461494117,1.98,121.2121212121212
1771238575.4703352,9.113826125839493,2.151303280521231,1.98,121.2121212121212
1771238575.4745266,9.122749450386268,2.141597891226013,1.98,121.2121212121212
1771238575.4787352,9.131684864782239,2.144499455033135,1.98,121.2121212121212
1771238575.4828296,9.140613090452216,2.142774160794546,1.98,121.2121212121212
1771238575.4911723,9.158503931055186,2.141648792620261,1.98,121.2121212121212
1771238575.495368,9.167439608210318,2.1445625172316687,1.98,121.2121212121212
1771238575.4996083,9.176365907225131,2.142311763555167,1.98,121.2121212121212
1771238575.5036616,9.185281999959853,2.139862256333188,1.98,121.2121212121212
1771238575.507848,9.194204786087306,2.1414686705887234,1.98,121.2121212121212
1771238575.511986,9.20314085289092,2.1446560328673367,1.98,121.2121212121212
1771238575.5161393,9.212071620079538,2.143384125268272,1.98,121.2121212121212
1771238575.5204377,9.220971398106578,2.1359467264896,1.98,121.2121212121212
1771238575.5286548,9.238834024635665,2.144753328656213,1.98,121.2121212121212
1771238575.5327947,9.24776352041442,2.143078986901389,1.98,121.2121212121212
1771238575.5369916,9.256672522556684,2.1381605141432045,1.98,121.2121212121212
1771238575.5412056,9.265601341022492,2.142916431794081,1.98,121.2121212121212
1771238575.5453367,9.27453772021584,2.144731006403136,1.98,121.2121212121212
1771238575.5495079,9.283526967316417,2.157419304138786,1.98,121.2121212121212
1771238575.553674,9.292444457351644,2.1401976084542986,1.98,121.2121212121212
1771238575.557838,9.301374565373505,2.1432259252464716,1.98,121.2121212121212
1771238575.5620916,9.310310717404473,2.144676487432208,1.98,121.2121212121212
1771238575.5703669,9.328202369361247,2.1397082948157267,1.98,121.2121212121212
1771238575.5744846,9.33713329277728,2.14342161984776,1.98,121.2121212121212
1771238575.578661,9.346067877021783,2.144300218681027,1.98,121.2121212121212
1771238575.5828974,9.35502223940615,2.1490469722481635,1.98,121.2121212121212
1771238575.587084,9.363934329128602,2.138901533388673,1.98,121.2121212121212
1771238575.5911555,9.372865860856658,2.143567614733565,1.98,121.2121212121212
1771238575.5953002,9.381799261273489,2.1440161000392615,1.98,121.2121212121212
1771238575.599471,9.39075896735441,2.150329459421156,1.98,121.2121212121212
1771238575.60785,9.408605079830723,2.1437255722714483,1.98,121.2121212121212
1771238575.6120036,9.417538112825504,2.1439279187475213,1.98,121.2121212121212
1771238575.6161492,9.426514732943135,2.1543888282315597,1.98,121.2121212121212
1771238575.6203508,9.435426039848663,2.1387136573266523,1.98,121.2121212121212
1771238575.6245868,9.4443582261685,2.1437247167608398,1.98,121.2121212121212
1771238575.6286643,9.453290121812568,2.143654954576443,1.98,121.2121212121212
1771238575.6328666,9.462251653666987,2.150767645060599,1.98,121.2121212121212
1771238575.6369915,9.471163295002425,2.1387939205051714,1.98,121.2121212121212
1771238575.641131,9.480095979646439,2.14384431456346,1.98,121.2121212121212
1771238575.649492,9.497964587425477,2.1450265878926453,1.98,121.2121212121212
1771238575.653693,9.50687982968614,2.139658142559209,1.98,121.2121212121212
1771238575.6578348,9.515813374497633,2.144050754758096,1.98,121.2121212121212
1771238575.6619983,9.524744076262348,2.1433684235315904,1.98,121.2121212121212
1771238575.6661644,9.533706159060118,2.1508998714651866,1.98,121.2121212121212
1771238575.6703374,9.542624337207947,2.1403627554787623,1.98,121.2121212121212
1771238575.6745172,9.551558761281788,2.1442617777218964,1.98,121.2121212121212
1771238575.6786575,9.560489057377382,2.143271062942424,1.98,121.2121212121212
1771238575.6869903,9.57837368947288,2.140356439305073,1.98,121.2121212121212
1771238575.691145,9.58730908306588,2.144494462320029,1.98,121.2121212121212
1771238575.695305,9.5962386293032,2.1430910969564634,1.98,121.2121212121212
1771238575.699472,9.605200921447503,2.1509501146331163,1.98,121.2121212121212
1771238575.7036657,9.614122942800766,2.1412851247830647,1.98,121.2121212121212
1771238575.7077923,9.623058334457205,2.1444939975457484,1.98,121.2121212121212
1771238575.7119637,9.631986475877515,2.1427539408744116,1.98,121.2121212121212
1771238575.7161362,9.640937554332545,2.14825882920746,1.98,121.2121212121212
1771238575.7244966,9.65879733190389,2.1447285284492534,1.98,121.2121212121212
1771238575.7286563,9.667723933557848,2.1423843969502196,1.98,121.2121212121212
1771238575.7328024,9.676641448731644,2.1402036417110635,1.98,121.2121212121212
1771238575.7369986,9.685565158750713,2.1416904045763987,1.98,121.2121212121212
1771238575.7411764,9.694501494198677,2.1447205075115754,1.98,121.2121212121212
1771238575.7453368,9.703426985106187,2.142117817802152,1.98,121.2121212121212
1771238575.7495058,9.712328023226213,2.136249148806377,1.98,121.2121212121212
1771238575.7536535,9.721254645518714,2.1423893502003106,1.98,121.2121212121212
1771238575.7578278,9.730191174702718,2.1447670041608364,1.98,121.2121212121212
1771238575.7661786,9.74802629832687,2.13826124772381,1.98,121.2121212121212
1771238575.7703307,9.756954797379445,2.142839772617991,1.98,121.2121212121212
1771238575.7744913,9.76589093636891,2.1446733574717722,1.98,121.2121212121212
1771238575.778699,9.774870536139238,2.155103944878584,1.98,121.2121212121212
1771238575.7828476,9.783783825771733,2.1391895117988398,1.98,121.2121212121212
1771238575.786978,9.792714008072274,2.1432437521297283,1.98,121.2121212121212
1771238575.791142,9.801649538445588,2.1445272895956125,1.98,121.2121212121212
1771238575.7953064,9.810608503396203,2.1501515881478346,1.98,121.2121212121212
1771238575.803631,9.828450025931462,2.1433313817947517,1.98,121.2121212121212
1771238575.807799,9.837384637712407,2.1443068274270214,1.98,121.2121212121212
1771238575.811955,9.846345705822621,2.150656346451281,1.98,121.2121212121212
1771238575.816144,9.855258777533395,2.1391372105858433,1.98,121.2121212121212
1771238575.8203259,9.864190600521383,2.143637517117153,1.98,121.2121212121212
1771238575.8244927,9.873124006143854,2.1440173493933288,1.98,121.2121212121212
1771238575.8286517,9.88209742645894,2.153620875620367,1.98,121.2121212121212
1771238575.8328357,9.891007842383098,2.1384998217983635,1.98,121.2121212121212
1771238575.8411498,9.908873153503114,2.1439711429693356,1.98,121.2121212121212
1771238575.8453054,9.917839878686648,2.1520140440481828,1.98,121.2121212121212
1771238575.8495061,9.926751475645807,2.138783270197982,1.98,121.2121212121212
1771238575.8536484,9.935684636078955,2.14395850395552,1.98,121.2121212121212
1771238575.8578188,9.944617088113338,2.143788488251719,1.98,121.2121212121212
1771238575.8620045,9.95356847035907,2.148331738975566,1.98,121.2121212121212
1771238575.8661695,9.962484761978695,2.139909988710003,1.98,121.2121212121212
1771238575.8703265,9.971418248511858,2.144036767959021,1.98,121.2121212121212
1771238575.8745234,9.980349873811367,2.143590071882097,1.98,121.2121212121212
1771238575.88286,9.998235738329841,2.1396588434520067,1.98,121.2121212121212
1771238575.8869915,10.007169905481433,2.144200116382274,1.98,121.2121212121212
1771238575.8911707,10.016100025117932,2.1432287127599556,1.98,121.2121212121212
1771238575.8953242,10.025066070506337,2.1518508932173344,1.98,121.2121212121212
1771238575.8995104,10.033986362893028,2.1408701728059567,1.98,121.2121212121212
1771238575.9036756,10.042921030927264,2.1443203282165073,1.98,121.2121212121212
1771238575.9078298,10.051850125683645,2.142982741531251,1.98,121.2121212121212
1771238575.9120104,10.060818466176842,2.152401718367311,1.98,121.2121212121212
1771238575.9203434,10.078675171347934,2.144450436155241,1.98,121.2121212121212
1771238575.9245164,10.08760381410108,2.1428742607550024,1.98,121.2121212121212
1771238575.9286604,10.096570026093222,2.1518908781140387,1.98,121.2121212121212
1771238575.9328427,10.10549151406251,2.141157112629234,1.98,121.2121212121212
1771238575.9369903,10.114427212858736,2.1445677110942816,1.98,121.2121212121212
1771238575.9411705,10.123354898289096,2.1426445032864105,1.98,121.2121212121212
1771238575.9453855,10.132270406272909,2.139721916115355,1.98,121.2121212121212
1771238575.949501,10.141194247836193,2.1417219751880667,1.98,121.2121212121212
1771238575.9536479,10.15013089303678,2.1447948481407346,1.98,121.2121212121212
1771238575.9619823,10.167958002923937,2.1362370141971305,1.98,121.2121212121212
1771238575.966142,10.176883961739948,2.14223011584278,1.98,121.2121212121212
1771238575.9702904,10.185820488048419,2.1447663140330726,1.98,121.2121212121212
1771238575.974499,10.19474531184989,2.141957712352756,1.98,121.2121212121212
1771238575.9786804,10.20365294045422,2.1378308650391826,1.98,121.2121212121212
1771238575.9828203,10.21258230955378,2.1430485838944247,1.98,121.2121212121212
1771238575.987012,10.221519105311867,2.1448309819410687,1.98,121.2121212121212
1771238575.991157,10.230454705271638,2.1445439903454178,1.98,121.2121212121212
1771238575.9994545,10.24829653440459,2.1431840456154094,1.98,121.2121212121212
1771238576.0036497,10.257232551459898,2.1446440932739956,1.98,121.2121212121212
1771238576.0078413,10.266195175036334,2.1510296583445108,1.98,121.2121212121212
1771238576.0119963,10.275106573578535,2.1387356501284973,1.98,121.2121212121212
1771238576.0161574,10.28403741027644,2.143400807497083,1.98,121.2121212121212
1771238576.0203145,10.292972557644232,2.1444353682698667,1.98,121.2121212121212
1771238576.0244982,10.301936792166222,2.151416285277526,1.98,121.2121212121212
1771238576.028664,10.310849843264279,2.139132263533826,1.98,121.2121212121212
1771238576.0369887,10.328715363997341,2.1442431172091787,1.98,121.2121212121212
1771238576.0411482,10.337694195924332,2.1549196624778357,1.98,121.2121212121212
1771238576.0453277,10.346604627720707,2.1385036311298458,1.98,121.2121212121212
1771238576.0494967,10.355536190689387,2.143575112483251,1.98,121.2121212121212
1771238576.0536478,10.364470074740142,2.1441321721812137,1.98,121.2121212121212
1771238576.0578308,10.373437171227796,2.1521031570370295,1.98,121.2121212121212
1771238576.061996,10.382352602264227,2.1397034487434596,1.98,121.2121212121212
1771238576.0661302,10.391284714825964,2.143707014817071,1.98,121.2121212121212
1771238576.0703166,10.40021639180845,2.143602475796538,1.98,121.2121212121212
1771238576.078675,10.418089925214792,2.1394824431041535,1.98,121.2121212121212
1771238576.0828424,10.427023112847174,2.143965031771544,1.98,121.2121212121212
1771238576.0870094,10.43595501110658,2.1436555822578556,1.98,121.2121212121212
1771238576.0911937,10.444919760269826,2.15153979917901,1.98,121.2121212121212
1771238576.095325,10.453832693320988,2.13910393227912,1.98,121.2121212121212
1771238576.0994844,10.462766221724372,2.144046816812225,1.98,121.2121212121212
1771238576.1036458,10.471697959136497,2.1436169789098076,1.98,121.2121212121212
1771238576.1078267,10.480637714031232,2.145541174736386,1.98,121.2121212121212
1771238576.1161282,10.498488599455962,2.1443198432316177,1.98,121.2121212121212
1771238576.1202884,10.507418649566123,2.143212026438589,1.98,121.2121212121212
1771238576.1244862,10.51638021048026,2.150774619393021,1.98,121.2121212121212
1771238576.1286829,10.525297276015952,2.140095728565843,1.98,121.2121212121212
1771238576.1328232,10.534232037819338,2.144342832812749,1.98,121.2121212121212
1771238576.136993,10.543162505480003,2.143312238559611,1.98,121.2121212121212
1771238576.1411877,10.552091555350357,2.142971968884621,1.98,121.2121212121212
1771238576.1453352,10.561011234267026,2.1407229400008174,1.98,121.2121212121212
1771238576.1536756,10.57887437611558,2.1427396393747014,1.98,121.2121212121212
1771238576.1578252,10.587843340342364,2.1525514144278315,1.98,121.2121212121212
1771238576.162019,10.59676470305637,2.1411270513617664,1.98,121.2121212121212
1771238576.1662447,10.6057002627843,2.1445343347030312,1.98,121.2121212121212
1771238576.1703386,10.614627796826467,2.142608170120161,1.98,121.2121212121212
1771238576.1745536,10.623541875883804,2.139378973761033,1.98,121.2121212121212
1771238576.17867,10.632465161948536,2.1415886555358146,1.98,121.2121212121212
1771238576.1828349,10.641401327026742,2.1446796187693984,1.98,121.2121212121212
1771238576.1870332,10.650327817843957,2.1423577961316282,1.98,121.2121212121212
1771238576.1953232,10.668155062884036,2.142240792423175,1.98,121.2121212121212
1771238576.1994689,10.677091817958297,2.1448212178225385,1.98,121.2121212121212
1771238576.203671,10.686016556080762,2.141937149391773,1.98,121.2121212121212
1771238576.2079237,10.694924789506885,2.1379760222696493,1.98,121.2121212121212
1771238576.211998,10.703853407910211,2.142868416798151,1.98,121.2121212121212
1771238576.2161682,10.712790348761251,2.144865804249529,1.98,121.2121212121212
1771238576.2203264,10.721726451719098,2.144664709883104,1.98,121.2121212121212
1771238576.224517,10.730638561348716,2.1389063111080735,1.98,121.2121212121212
1771238576.2328339,10.748504995269823,2.144667123338913,1.98,121.2121212121212
1771238576.2370112,10.757468513683135,2.1512444191948985,1.98,121.2121212121212
1771238576.2411828,10.766380903223013,2.138973489570556,1.98,121.2121212121212
1771238576.2453372,10.775312234855312,2.143519591751855,1.98,121.2121212121212
1771238576.24959,10.784247816540905,2.1445396045424396,1.98,121.2121212121212
1771238576.2536898,10.793229681805673,2.155647663544519,1.98,121.2121212121212
1771238576.2578535,10.802147541069095,2.140286223221314,1.98,121.2121212121212
1771238576.2619834,10.81107888041258,2.1435214424364335,1.98,121.2121212121212
1771238576.2661726,10.820012500507884,2.144068822872803,1.98,121.2121212121212
1771238576.274514,10.83789244131484,2.1382330694153993,1.98,121.2121212121212
1771238576.2786605,10.84682421144534,2.1436248313196904,1.98,121.2121212121212
1771238576.2828145,10.855756802236755,2.143821789939724,1.98,121.2121212121212
1771238576.2870023,10.864710228780313,2.1488223704540554,1.98,121.2121212121212
1771238576.2911446,10.873623841017347,2.139266936888346,1.98,121.2121212121212
1771238576.2952979,10.882556180861805,2.1437615626699222,1.98,121.2121212121212
1771238576.29954,10.891487993861457,2.1436351199166954,1.98,121.2121212121212
1771238576.3036556,10.90045724448996,2.152620150840577,1.98,121.2121212121212
1771238576.3120215,10.91830282349392,2.143969348376733,1.98,121.2121212121212
1771238576.3162434,10.927234975500737,2.1437164816358947,1.98,121.2121212121212
1771238576.3203464,10.936200863590011,2.1518131414259645,1.98,121.2121212121212
1771238576.3245144,10.945119138395942,2.1403859534234657,1.98,121.2121212121212
1771238576.3286667,10.95405299774321,2.144126243344433,1.98,121.2121212121212
1771238576.332821,10.962983125297404,2.143230613006602,1.98,121.2121212121212
1771238576.337005,10.971949863772581,2.152017234042618,1.98,121.2121212121212
1771238576.3411894,10.980869015418206,2.1405963949497746,1.98,121.2121212121212
1771238576.3495424,10.998734261575784,2.143267589742087,1.98,121.2121212121212
1771238576.35367,11.0077004815966,2.1518928049961894,1.98,121.2121212121212
1771238576.3578293,11.016618885485274,2.1404169332814553,1.98,121.2121212121212
1771238576.3619814,11.025554044875166,2.144438253574077,1.98,121.2121212121212
1771238576.3661487,11.034484319086005,2.143265810601395,1.98,121.2121212121212
1771238576.370337,11.043436358764952,2.1484895229471164,1.98,121.2121212121212
1771238576.3745575,11.052358182083806,2.14123759652515,1.98,121.2121212121212
1771238576.378655,11.061294287252796,2.144665240557459,1.98,121.2121212121212
1771238576.3828638,11.070222205918807,2.142700479842458,1.98,121.2121212121212
1771238576.3911748,11.088116455837975,2.141542627710174,1.98,121.2121212121212
1771238576.395388,11.097052648133422,2.144686150907494,1.98,121.2121212121212
1771238576.3995082,11.105979322851843,2.142401932420704,1.98,121.2121212121212
1771238576.4036555,11.114898122812225,2.1405119904914987,1.98,121.2121212121212
1771238576.4078412,11.123821656045958,2.141647976096279,1.98,121.2121212121212
1771238576.4120018,11.132757870637244,2.1446915019085484,1.98,121.2121212121212
1771238576.4161305,11.14168942791559,2.1435737468031184,1.98,121.2121212121212
1771238576.420371,11.150589558229814,2.1360312754135924,1.98,121.2121212121212
1771238576.4286313,11.168453067484862,2.1447728485785866,1.98,121.2121212121212
1771238576.4327943,11.17738300796288,2.1431857147245315,1.98,121.2121212121212
1771238576.4369779,11.186292960691594,2.138388654891194,1.98,121.2121212121212
1771238576.4411192,11.195222338156777,2.1430505916439744,1.98,121.2121212121212
1771238576.4452884,11.204158602493457,2.1447034408034678,1.98,121.2121212121212
1771238576.4494884,11.2130815856881,2.141515966714267,1.98,121.2121212121212
1771238576.4536846,11.22199407343159,2.1389970584375932,1.98,121.2121212121212
1771238576.4578156,11.230925419729557,2.1435231115119002,1.98,121.2121212121212
1771238576.4661868,11.248845854461033,2.1563226420978046,1.98,121.2121212121212
1771238576.4703274,11.25775636428673,2.1385223581669845,1.98,121.2121212121212
1771238576.474487,11.266688378930375,2.1436835144749913,1.98,121.2121212121212
1771238576.478649,11.275623578826002,2.1444479749503973,1.98,121.2121212121212
1771238576.4828472,11.284582195721516,2.1500680549233384,1.98,121.2121212121212
1771238576.4870508,11.293496181888118,2.139356679984605,1.98,121.2121212121212
1771238576.491155,11.302428101668994,2.1436607474101432,1.98,121.2121212121212
1771238576.4953797,11.311361186051268,2.143940251746033,1.98,121.2121212121212
1771238576.4995198,11.320334617898856,2.1536236434211156,1.98,121.2121212121212
1771238576.5078247,11.338178834686573,2.1438544226944853,1.98,121.2121212121212
1771238576.5119724,11.347111523840965,2.1438453970542533,1.98,121.2121212121212
1771238576.5161607,11.356070503611871,2.150155145017576,1.98,121.2121212121212
1771238576.5203326,11.364986781590519,2.1399067148755773,1.98,121.2121212121212
1771238576.5244968,11.37391951337146,2.1438556274259266,1.98,121.2121212121212
1771238576.5286584,11.382850886320167,2.1435295076894865,1.98,121.2121212121212
1771238576.5328164,11.391798298713585,2.147378974420323,1.98,121.2121212121212
1771238576.5370083,11.400712423996811,2.13939006797448,1.98,121.2121212121212
1771238576.5453448,11.418576676937729,2.143435308873396,1.98,121.2121212121212
1771238576.5495102,11.427545434594682,2.1525018376690306,1.98,121.2121212121212
1771238576.553665,11.436459927049313,2.139478189111418,1.98,121.2121212121212
1771238576.5578291,11.445393761466308,2.1441202600789055,1.98,121.2121212121212
1771238576.5619912,11.454323805683746,2.1432106121851437,1.98,121.2121212121212
1771238576.5661588,11.46328338297732,2.1502985504577463,1.98,121.2121212121212
1771238576.5703442,11.472202113240657,2.140495263200754,1.98,121.2121212121212
1771238576.5744681,11.481136528116211,2.144259570132919,1.98,121.2121212121212
1771238576.5786476,11.49006618833075,2.1431184514895683,1.98,121.2121212121212
1771238576.5870178,11.507943009648544,2.1409324489515598,1.98,121.2121212121212
1771238576.5911753,11.51687812963787,2.1444287974383003,1.98,121.2121212121212
1771238576.5953496,11.525806977898947,2.1429235826581934,1.98,121.2121212121212
1771238576.599529,11.534773915708488,2.1520650742897462,1.98,121.2121212121212
1771238576.6037488,11.543694916506272,2.1410401914681447,1.98,121.2121212121212
1771238576.607818,11.552630912243506,2.144638976936166,1.98,121.2121212121212
1771238576.6120236,11.561559230914364,2.1427964810059623,1.98,121.2121212121212
1771238576.616172,11.570507341256974,2.147546482226302,1.98,121.2121212121212
1771238576.6245708,11.588367035438932,2.144644595303879,1.98,121.2121212121212
1771238576.628685,11.597293615815031,2.142379290263845,1.98,121.2121212121212
1771238576.6328232,11.606212629896827,2.1405633796310575,1.98,121.2121212121212
1771238576.6370087,11.615137094897335,2.141871600121981,1.98,121.2121212121212
1771238576.6411645,11.62407395576286,2.1448466077261332,1.98,121.2121212121212
1771238576.6453974,11.63300325017076,2.1430306578958755,1.98,121.2121212121212
1771238576.6495159,11.64190476033615,2.136362439693778,1.98,121.2121212121212
1771238576.653674,11.650832189433482,2.1425829833595427,1.98,121.2121212121212
1771238576.661987,11.668698635631925,2.143173720059621,1.98,121.2121212121212
1771238576.6662366,11.67760817888825,2.1382903815179626,1.98,121.2121212121212
1771238576.6703131,11.686538759529057,2.1433393537936545,1.98,121.2121212121212
1771238576.6745243,11.695474917598617,2.1446779366941118,1.98,121.2121212121212
1771238576.6786664,11.7044643516371,2.157464169235935,1.98,121.2121212121212
1771238576.682858,11.713383154160402,2.140512605592551,1.98,121.2121212121212
1771238576.687087,11.722313473280117,2.1432765887316556,1.98,121.2121212121212
1771238576.6911979,11.731248818526314,2.1444828590872205,1.98,121.2121212121212
1771238576.6953778,11.740204396762689,2.149338776729868,1.98,121.2121212121212
1771238576.703648,11.758046330176777,2.144026821851433,1.98,121.2121212121212
1771238576.7078638,11.766980035962895,2.1440893886684638,1.98,121.2121212121212
1771238576.7119603,11.77591022803934,2.143246098346683,1.98,121.2121212121212
1771238576.716148,11.784821608721046,2.138731363609251,1.98,121.2121212121212
1771238576.7202911,11.793721048541638,2.135865556942194,1.98,121.2121212121212
1771238576.724483,11.802641561200087,2.140923038027742,1.98,121.2121212121212
1771238576.7286606,11.811558453746025,2.1400542110254324,1.98,121.2121212121212
1771238576.7327957,11.820463875996683,2.1373013401580514,1.98,121.2121212121212
1771238576.7411103,11.838322370746523,2.1428592168827945,1.98,121.2121212121212
1771238576.7452862,11.84724331087814,2.141025631587935,1.98,121.2121212121212
1771238576.749501,11.85614220438552,2.135734441771253,1.98,121.2121212121212
1771238576.753594,11.865071715274228,2.14308261328975,1.98,121.2121212121212
1771238576.7577844,11.873993603591174,2.141253196066901,1.98,121.2121212121212
1771238576.7619524,11.882879014941256,2.1324987240197038,1.98,121.2121212121212
1771238576.7661257,11.891758916856682,2.1311764597021137,1.98,121.2121212121212
1771238576.770339,11.900660694769403,2.1364266990528527,1.98,121.2121212121212
1771238576.7786326,11.918413777540987,2.124692038309811,1.98,121.2121212121212
1771238576.7827635,11.927284751510992,2.129033752801223,1.98,121.2121212121212
1771238576.7869377,11.936174791578493,2.1336096162002107,1.98,121.2121212121212
1771238576.7910917,11.94505069544611,2.1302169282281787,1.98,121.2121212121212
1771238576.7952583,11.953896083237572,2.1228930699509028,1.98,121.2121212121212
1771238576.7994347,11.962769959586902,2.1297303238394334,1.98,121.2121212121212
1771238576.8036025,11.971648480055727,2.130844912517924,1.98,121.2121212121212
1771238576.8077686,11.980465654634537,2.1161218989147352,1.98,121.2121212121212
1771238576.8161209,11.998119937729902,2.120248404989191,1.98,121.2121212121212
1771238576.8202806,12.006939891846889,2.116788988076759,1.98,121.2121212121212
1771238576.8244445,12.015727270364433,2.108970844210826,1.98,121.2121212121212
1771238576.8285918,12.024544116170691,2.1160429935019796,1.98,121.2121212121212
1771238576.8327541,12.033358258781275,2.1153942265401415,1.98,121.2121212121212
1771238576.8369172,12.042167606263357,2.114243395699585,1.98,121.2121212121212
1771238576.841105,12.050953092380261,2.1085166680573026,1.98,121.2121212121212
1771238576.8494546,12.06849730642337,2.1032479761021787,1.98,121.2121212121212
1771238576.8536172,12.077214123600672,2.092036122552806,1.98,121.2121212121212
1771238576.8577728,12.0859499016086,2.096586721902637,1.98,121.2121212121212
1771238576.8619566,12.094673750162745,2.0937236529947874,1.98,121.2121212121212
1771238576.8661106,12.103392812567455,2.0925749771304685,1.98,121.2121212121212
1771238576.870299,12.112078609148044,2.084591179341622,1.98,121.2121212121212
1771238576.8744423,12.12075138623727,2.0814665014141647,1.98,121.2121212121212
1771238576.8827887,12.13801241171242,2.0650357776269432,1.98,121.2121212121212
1771238576.886942,12.14662480524382,2.0669744475355505,1.98,121.2121212121212
1771238576.8911302,12.155207372466247,2.0598161333825247,1.98,121.2121212121212
1771238576.8952885,12.16372047101875,2.043143652600946,1.98,121.2121212121212
1771238576.8994434,12.17224748460692,2.046483261160758,1.98,121.2121212121212
1771238576.903619,12.180758099332149,2.0425475340548047,1.98,121.2121212121212
1771238576.9119623,12.197710411875512,2.0269374769137074,1.98,121.2121212121212
1771238576.9161093,12.206144726928795,2.0242356127878716,1.98,121.2121212121212
1771238576.9202683,12.214566597072384,2.021248834461579,1.98,121.2121212121212
1771238576.924472,12.222960197254872,2.014464043797094,1.98,121.2121212121212
1771238576.9286041,12.231350952889425,2.01378135229278,1.98,121.2121212121212
1771238576.9369369,12.248124680155202,2.012550847740759,1.98,121.2121212121212
1771238576.9410982,12.25650802257591,2.0120021809695072,1.98,121.2121212121212
1771238576.9452543,12.264889260366816,2.0114970698178207,1.98,121.2121212121212
1771238576.9494026,12.273268572404435,2.0110348890285024,1.98,121.2121212121212
1771238576.953565,12.28164613496343,2.0106150141585304,1.98,121.2121212121212
1771238576.9577253,12.29002212172064,2.0102368217303233,1.98,121.2121212121212
1771238576.9660678,12.3067700495763,2.009602995981538,1.98,121.2121212121212
1771238576.970221,12.315142325083842,2.0093461218098905,1.98,121.2121212121212
1771238576.9744055,12.323513693619834,2.0091284486379064,1.98,121.2121212121212
1771238576.9785564,12.331884315952635,2.0089493598722306,1.98,121.2121212121212
1771238576.9827218,12.34025435028874,2.008808240665153,1.98,121.2121212121212
1771238576.9910522,12.356993275034304,2.0086374609117534,1.98,121.2121212121212
1771238576.995223,12.365362469119093,2.0086065803492628,1.98,121.2121212121212
1771238576.999392,12.373731682575352,2.0086112295021232,1.98,121.2121212121212
1771238577.0035512,12.382101060924391,2.008650803769449,1.98,121.2121212121212
1771238577.0077221,12.390470747177993,2.0087247008644704,1.98,121.2121212121212
1771238577.016056,12.407211602958421,2.008973066412361,1.98,121.2121212121212
1771238577.020221,12.415583046052264,2.009146342522321,1.98,121.2121212121212
1771238577.0243921,12.423955344206025,2.009351556902666,1.98,121.2121212121212
1771238577.028558,12.43232862803887,2.0095881198831997,1.98,121.2121212121212
1771238577.032716,12.440703025724266,2.009855444495042,1.98,121.2121212121212
1771238577.041054,12.457455663187018,2.010480044539601,1.98,121.2121212121212
1771238577.04522,12.465834147186904,2.01083615997256,1.98,121.2121212121212
1771238577.0493972,12.474214233508237,2.01122071711994,1.98,121.2121212121212
1771238577.0535522,12.482596038271566,2.011633143199163,1.98,121.2121212121212
1771238577.057729,12.490979675223143,2.0120728683784868,1.98,121.2121212121212
1771238577.066054,12.50775288887922,2.013031951650244,1.98,121.2121212121212
1771238577.070253,12.516339869683659,2.060875393065054,1.98,121.2121212121212
1771238577.074411,12.525488580217337,2.195690528082756,1.98,121.2121212121212
1771238577.078597,12.535261664246143,2.345540166913619,1.98,121.2121212121212
1771238577.082761,12.545584824667952,2.477558501233938,1.98,121.2121212121212
1771238577.086945,12.556373196881417,2.589209331231441,1.98,121.2121212121212
1771238577.0911393,12.567403725957638,2.647326978292865,1.98,121.2121212121212
1771238577.0952747,12.578624890540988,2.6930795000041567,1.98,121.2121212121212
1771238577.099453,12.590021390151273,2.7351599064682275,1.98,121.2121212121212
1771238577.0994833,12.590021390151273,2.7351599064682275,1.98,121.2121212121212
1771238577.1036105,12.601592950628662,2.7771745145731774,1.98,121.2121212121212
1771238577.1077666,12.613204604543533,2.7867969395691823,1.98,121.2121212121212
1771238577.1119308,12.624879354024726,2.8019398754864104,1.98,121.2121212121212
1771238577.1160939,12.63662691287111,2.8194141231323098,1.98,121.2121212121212
1771238577.1202593,12.64836619690387,2.8174281678626025,1.98,121.2121212121212
1771238577.124436,12.660139758996438,2.825654902216243,1.98,121.2121212121212
1771238577.1244657,12.660139758996438,2.825654902216243,1.98,121.2121212121212
1771238577.1285865,12.671963692098108,2.8377439444007955,1.98,121.2121212121212
1771238577.1327484,12.683778459436768,2.8355441612782384,1.98,121.2121212121212
1771238577.1369162,12.695565011175654,2.8287724173326283,1.98,121.2121212121212
1771238577.14111,12.7073821072098,2.8361030481947886,1.98,121.2121212121212
1771238577.1452506,12.719245926859895,2.8473167160227826,1.98,121.2121212121212
1771238577.149419,12.73112857514147,2.851835587578357,1.98,121.2121212121212
1771238577.149457,12.73112857514147,2.851835587578357,1.98,121.2121212121212
1771238577.1535792,12.743012183937328,2.852066111005761,1.98,121.2121212121212
1771238577.1577463,12.754927264517692,2.8596193392871863,1.98,121.2121212121212
1771238577.1619208,12.766894954756175,2.872245657236023,1.98,121.2121212121212
1771238577.1660752,12.778886351287571,2.8779351675350124,1.98,121.2121212121212
1771238577.1702433,12.790882599175182,2.8790994930267684,1.98,121.2121212121212
1771238577.170281,12.790882599175182,2.8790994930267684,1.98,121.2121212121212
1771238577.1744332,12.802912380842978,2.8871476002707377,1.98,121.2121212121212
1771238577.1786077,12.814959012884312,2.8911916899203454,1.98,121.2121212121212
1771238577.1827767,12.827045361773086,2.9007237333058837,1.98,121.2121212121212
1771238577.1869085,12.839147960218993,2.904623627017637,1.98,121.2121212121212
1771238577.1910796,12.851296265437595,2.915593252464325,1.98,121.2121212121212
1771238577.191128,12.851296265437595,2.915593252464325,1.98,121.2121212121212
1771238577.1952584,12.86346363172076,2.920167907959501,1.98,121.2121212121212
1771238577.1994164,12.87568683914044,2.9335697807234076,1.98,121.2121212121212
1771238577.2035813,12.887932095254437,2.9388614673589064,1.98,121.2121212121212
1771238577.2077436,12.90018498624793,2.940693838438705,1.98,121.2121212121212
1771238577.2077804,12.90018498624793,2.940693838438705,1.98,121.2121212121212
1771238577.2119114,12.91247805722486,2.950337034463068,1.98,121.2121212121212
1771238577.2160776,12.92483795505654,2.966375479603327,1.98,121.2121212121212
1771238577.220239,12.937234179340672,2.9750938281916324,1.98,121.2121212121212
1771238577.224412,12.949647169842656,2.979117720475916,1.98,121.2121212121212
1771238577.2285743,12.962111165923842,2.991359059484716,1.98,121.2121212121212
1771238577.2286103,12.962111165923842,2.991359059484716,1.98,121.2121212121212
1771238577.2327397,12.974597851167028,2.996804458364532,1.98,121.2121212121212
1771238577.2369127,12.987141779283794,3.010542748023936,1.98,121.2121212121212
1771238577.2410839,12.999611934044124,2.992837142479213,1.98,121.2121212121212
1771238577.2452614,13.011842842923027,2.9354181309367195,1.98,121.2121212121212
1771238577.2452998,13.011842842923027,2.9354181309367195,1.98,121.2121212121212
1771238577.2494354,13.023790052554727,2.8673303116079376,1.98,121.2121212121212
1771238577.2536216,13.03559397519612,2.8329414339341628,1.98,121.2121212121212
1771238577.2577982,13.047291339704543,2.807367482021642,1.98,121.2121212121212
1771238577.2619448,13.058896637483072,2.7852714668468055,1.98,121.2121212121212
1771238577.2661614,13.07037477684836,2.754753447669049,1.98,121.2121212121212
1771238577.2662077,13.07037477684836,2.754753447669049,1.98,121.2121212121212
1771238577.2703083,13.081805250391124,2.743313650263529,1.98,121.2121212121212
1771238577.2744527,13.093220336819009,2.739620742692419,1.98,121.2121212121212
1771238577.2786489,13.104470225656573,2.699973321015684,1.98,121.2121212121212
1771238577.2827857,13.115681878607745,2.6907967082809896,1.98,121.2121212121212
1771238577.2869563,13.126927622358636,2.6989785002137867,1.98,121.2121212121212
1771238577.2910986,13.138054932964799,2.670554545479202,1.98,121.2121212121212
1771238577.295265,13.14911349292857,2.6540543913051784,1.98,121.2121212121212
1771238577.2994459,13.160186249500468,2.657461577255221,1.98,121.2121212121212
1771238577.299484,13.160186249500468,2.657461577255221,1.98,121.2121212121212
1771238577.3036094,13.171218131921401,2.647651781024002,1.98,121.2121212121212
1771238577.3077571,13.182212769590475,2.638713040577767,1.98,121.2121212121212
1771238577.3119423,13.193269950540959,2.653723428116072,1.98,121.2121212121212
1771238577.3161123,13.204382263369071,2.666955078747077,1.98,121.2121212121212
1771238577.3202758,13.215443161650054,2.6546155874360258,1.98,121.2121212121212
1771238577.3244302,13.226485369597693,2.650129907433415,1.98,121.2121212121212
1771238577.328599,13.237577132559103,2.662023110738581,1.98,121.2121212121212
1771238577.3327684,13.248690523837867,2.667213906903297,1.98,121.2121212121212
1771238577.3369446,13.259765519859112,2.65799904509883,1.98,121.2121212121212
1771238577.3410928,13.270825554175033,2.6544082358210805,1.98,121.2121212121212
1771238577.3411329,13.270825554175033,2.6544082358210805,1.98,121.2121212121212
1771238577.3452601,13.281936551361282,2.666639324699636,1.98,121.2121212121212
1771238577.349436,13.29306949908059,2.6719074526336244,1.98,121.2121212121212
1771238577.3536057,13.304162412077135,2.662299119170769,1.98,121.2121212121212
1771238577.357755,13.315236948320027,2.6578886982943195,1.98,121.2121212121212
1771238577.3619397,13.326365948370077,2.6709600120118604,1.98,121.2121212121212
1771238577.3660905,13.337570376844013,2.6890628337447438,1.98,121.2121212121212
1771238577.3702927,13.348752196624286,2.683636747265248,1.98,121.2121212121212
1771238577.374426,13.359893942982165,2.6740191258908794,1.98,121.2121212121212
1771238577.3786075,13.371075103928336,2.683478627080955,1.98,121.2121212121212
1771238577.3786595,13.371075103928336,2.683478627080955,1.98,121.2121212121212
1771238577.3827777,13.382322568832938,2.699391577104677,1.98,121.2121212121212
1771238577.3869336,13.393496353870697,2.6817084090619963,1.98,121.2121212121212
1771238577.3910909,13.404629086604453,2.671855856101396,1.98,121.2121212121212
1771238577.3952594,13.415794899122426,2.6797950043134917,1.98,121.2121212121212
1771238577.3994393,13.426970846038534,2.6822272598659134,1.98,121.2121212121212
1771238577.403607,13.438081509786436,2.6665592994962815,1.98,121.2121212121212
1771238577.4077764,13.449148938266974,2.656182835329237,1.98,121.2121212121212
1771238577.4119294,13.460251170423348,2.664535717529682,1.98,121.2121212121212
1771238577.4119673,13.460251170423348,2.664535717529682,1.98,121.2121212121212
1771238577.416103,13.471297921945066,2.651220365212548,1.98,121.2121212121212
1771238577.420256,13.482308675124003,2.6425807629447955,1.98,121.2121212121212
1771238577.424451,13.493303718909926,2.6388105086215643,1.98,121.2121212121212
1771238577.4285936,13.504335882570741,2.647719278595757,1.98,121.2121212121212
1771238577.4327736,13.515327876440573,2.6380785287596087,1.98,121.2121212121212
1771238577.4369178,13.526292565522905,2.631525379759619,1.98,121.2121212121212
1771238577.4410863,13.537258043969477,2.631714827177036,1.98,121.2121212121212
1771238577.445259,13.54826034663852,2.6405526405701973,1.98,121.2121212121212
1771238577.4494567,13.55923067393202,2.632878550440148,1.98,121.2121212121212
1771238577.4536235,13.570180949850716,2.6280662204868053,1.98,121.2121212121212
1771238577.453662,13.570180949850716,2.6280662204868053,1.98,121.2121212121212
1771238577.457776,13.58118518433474,2.641016276165999,1.98,121.2121212121212
1771238577.4619434,13.592237975143616,2.6526697941300337,1.98,121.2121212121212
1771238577.4661145,13.603246156450046,2.6419635135433417,1.98,121.2121212121212
1771238577.4702492,13.61423191450369,2.6365819328745177,1.98,121.2121212121212
1771238577.4744368,13.625264925875953,2.647922729343058,1.98,121.2121212121212
1771238577.478587,13.636320470137807,2.653330622845073,1.98,121.2121212121212
1771238577.482767,13.647324913616606,2.6410664349115947,1.98,121.2121212121212
1771238577.4869266,13.658297880790625,2.633512121764621,1.98,121.2121212121212
1771238577.4910865,13.66931941439058,2.645168063989154,1.98,121.2121212121212
1771238577.495261,13.680364546289805,2.650831655813949,1.98,121.2121212121212
1771238577.4953003,13.680364546289805,2.650831655813949,1.98,121.2121212121212
1771238577.4994502,13.691350320776843,2.636585876889204,1.98,121.2121212121212
1771238577.5035956,13.70229627115308,2.627028090296571,1.98,121.2121212121212
1771238577.5077708,13.713289312903527,2.638330020107403,1.98,121.2121212121212
1771238577.5119166,13.724307047724679,2.644256357076456,1.98,121.2121212121212
1771238577.5161045,13.73526059379225,2.6288510562169902,1.98,121.2121212121212
1771238577.5202563,13.74617041468769,2.618357014905565,1.98,121.2121212121212
1771238577.5244708,13.75712472981707,2.6290356310514134,1.98,121.2121212121212
1771238577.5286021,13.768102597760443,2.6346883064096214,1.98,121.2121212121212
1771238577.5327818,13.77902691887386,2.621837067220369,1.98,121.2121212121212
1771238577.5369291,13.78990805508032,2.61147268955019,1.98,121.2121212121212
1771238577.541124,13.800834501900408,2.622347236820924,1.98,121.2121212121212
1771238577.541165,13.800834501900408,2.622347236820924,1.98,121.2121212121212
1771238577.5452693,13.811783114990867,2.627667141710033,1.98,121.2121212121212
1771238577.5494711,13.822675941064569,2.6142782576886376,1.98,121.2121212121212
1771238577.5535936,13.833526538857523,2.604143470309192,1.98,121.2121212121212
1771238577.5577788,13.844423485493962,2.615267192745286,1.98,121.2121212121212
1771238577.5619411,13.855396015083649,2.633407101524976,1.98,121.2121212121212
1771238577.566128,13.866326792597205,2.6233866032533504,1.98,121.2121212121212
1771238577.5702813,13.877200781268158,2.6097572810285996,1.98,121.2121212121212
1771238577.574446,13.888110276073123,2.618278753191712,1.98,121.2121212121212
1771238577.5786126,13.89908579278403,2.6341240106178945,1.98,121.2121212121212
1771238577.5827816,13.909975182392298,2.613453505984247,1.98,121.2121212121212
1771238577.586929,13.920813102302045,2.601100778339334,1.98,121.2121212121212
1771238577.5869608,13.920813102302045,2.601100778339334,1.98,121.2121212121212
1771238577.5911143,13.931680041760421,2.6080654700103856,1.98,121.2121212121212
1771238577.595266,13.942614142439071,2.624184162876143,1.98,121.2121212121212
1771238577.5994527,13.953458255057534,2.602587028430896,1.98,121.2121212121212
1771238577.6035893,13.964250280838252,2.59008618737258,1.98,121.2121212121212
1771238577.6077619,13.975068083937355,2.596272743784538,1.98,121.2121212121212
1771238577.611957,13.985969093203368,2.616242223842995,1.98,121.2121212121212
1771238577.6160998,13.996780378055764,2.594708364575093,1.98,121.2121212121212
1771238577.6203153,14.007538084290365,2.581849496304428,1.98,121.2121212121212
1771238577.6244626,14.018321974121786,2.5881335595410646,1.98,121.2121212121212
1771238577.6286256,14.02910911897695,2.588914765239032,1.98,121.2121212121212
1771238577.6327982,14.039827716762243,2.5724634684704517,1.98,121.2121212121212
1771238577.6369321,14.050504880702233,2.562519345597365,1.98,121.2121212121212
1771238577.6369617,14.050504880702233,2.562519345597365,1.98,121.2121212121212
1771238577.6411126,14.061218298707983,2.571220321379965,1.98,121.2121212121212
1771238577.6452863,14.07187604678979,2.5578595396333914,1.98,121.2121212121212
1771238577.649448,14.082498293303892,2.549339163384728,1.98,121.2121212121212
1771238577.6536293,14.093105153423654,2.545646428742583,1.98,121.2121212121212
1771238577.6577704,14.103752485603742,2.555359723221313,1.98,121.2121212121212
1771238577.6619573,14.114363694507968,2.5466901370142687,1.98,121.2121212121212
1771238577.6660979,14.124950382499781,2.540805118035105,1.98,121.2121212121212
1771238577.6702774,14.135596037648835,2.5549572357729393,1.98,121.2121212121212
1771238577.6744478,14.14626972235425,2.561684329299674,1.98,121.2121212121212
1771238577.67862,14.156915705221968,2.5550358882524518,1.98,121.2121212121212
1771238577.6827753,14.167538572877794,2.5494882373980596,1.98,121.2121212121212
1771238577.6869366,14.178215230506826,2.5623978309678437,1.98,121.2121212121212
1771238577.6910968,14.188916427374412,2.5682872482209023,1.98,121.2121212121212
1771238577.6952927,14.199573089676466,2.557598952493051,1.98,121.2121212121212
1771238577.6994307,14.210203446963396,2.551285748863279,1.98,121.2121212121212
1771238577.6994605,14.210203446963396,2.551285748863279,1.98,121.2121212121212
1771238577.70361,14.220887373178767,2.56414229168898,1.98,121.2121212121212
1771238577.707753,14.2315958290819,2.570029416752145,1.98,121.2121212121212
1771238577.7119517,14.242251801406663,2.557433357943151,1.98,121.2121212121212
1771238577.7161026,14.252873775197411,2.5492737097793325,1.98,121.2121212121212
1771238577.7202687,14.26354918145788,2.5620975025121155,1.98,121.2121212121212
1771238577.7244437,14.274249949880009,2.5681844213112344,1.98,121.2121212121212
1771238577.7286108,14.284890749086244,2.55379180949662,1.98,121.2121212121212
1771238577.7327669,14.295491567609735,2.5441964456380086,1.98,121.2121212121212
1771238577.7369714,14.306142359557427,2.5561900674458244,1.98,121.2121212121212
1771238577.7410946,14.316872102929365,2.575138409265251,1.98,121.2121212121212
1771238577.7452767,14.327527676241196,2.55733759483969,1.98,121.2121212121212
1771238577.749442,14.338137862512015,2.5464447049965737,1.98,121.2121212121212
1771238577.753606,14.348784128257087,2.5551037788171236,1.98,121.2121212121212
1771238577.7577915,14.359520983388535,2.57684523154755,1.98,121.2121212121212
1771238577.7619343,14.370173905113077,2.556701213890255,1.98,121.2121212121212
1771238577.7619643,14.370173905113077,2.556701213890255,1.98,121.2121212121212
1771238577.7661288,14.380750344247657,2.538345392299041,1.98,121.2121212121212
1771238577.77027,14.391363035803124,2.547045973312041,1.98,121.2121212121212
1771238577.7744317,14.402039647082706,2.5623867070997206,1.98,121.2121212121212
1771238577.7786272,14.412636677493222,2.543287298523857,1.98,121.2121212121212
1771238577.7827573,14.423187356301833,2.532162914066551,1.98,121.2121212121212
1771238577.7869394,14.433767845669735,2.5393174482962717,1.98,121.2121212121212
1771238577.7911127,14.444428456603225,2.5585466240374357,1.98,121.2121212121212
1771238577.795273,14.4550040624417,2.5381454012343156,1.98,121.2121212121212
1771238577.7994685,14.46550176763807,2.519449247128826,1.98,121.2121212121212
1771238577.803603,14.476035312619539,2.528050795552245,1.98,121.2121212121212
1771238577.8077662,14.48663313625836,2.5434776733173337,1.98,121.2121212121212
1771238577.811938,14.497149819234826,2.5240039143515838,1.98,121.2121212121212
1771238577.816098,14.507620473193972,2.5129569501950786,1.98,121.2121212121212
1771238577.8202724,14.518122117487177,2.520394630369169,1.98,121.2121212121212
1771238577.8244596,14.528707560976926,2.5405064375397157,1.98,121.2121212121212
1771238577.8286095,14.53920725784739,2.5199272489116127,1.98,121.2121212121212
1771238577.832788,14.549631285367301,2.501766604778357,1.98,121.2121212121212
1771238577.8369334,14.56009287401035,2.5107812743315367,1.98,121.2121212121212
1771238577.836964,14.56009287401035,2.5107812743315367,1.98,121.2121212121212
1771238577.8411076,14.570565550592306,2.513442379669466,1.98,121.2121212121212
1771238577.8452854,14.580978158135613,2.499025810393722,1.98,121.2121212121212
1771238577.8494534,14.591364698677323,2.492769730010233,1.98,121.2121212121212
1771238577.8536007,14.601787890008099,2.501565919386148,1.98,121.2121212121212
1771238577.8577802,14.612157780103786,2.4887736229647244,1.98,121.2121212121212
1771238577.8619406,14.622493311350336,2.4805274991720063,1.98,121.2121212121212
1771238577.8661263,14.632883001259628,2.4935255782303614,1.98,121.2121212121212
1771238577.8702826,14.643300675665296,2.500241857360399,1.98,121.2121212121212
1771238577.8744545,14.653679824332938,2.49099568023416,1.98,121.2121212121212
1771238577.8785968,14.664025927622076,2.4830647893930067,1.98,121.2121212121212
1771238577.8827996,14.674420346946642,2.494660637895782,1.98,121.2121212121212
1771238577.886945,14.684866215784039,2.507008520975401,1.98,121.2121212121212
1771238577.8911178,14.69525613435552,2.4935804571552733,1.98,121.2121212121212
1771238577.895262,14.70561449721278,2.4860070857427186,1.98,121.2121212121212
1771238577.8994465,14.716017868491786,2.496809106961592,1.98,121.2121212121212
1771238577.9036334,14.726461462122737,2.5064624714281387,1.98,121.2121212121212
1771238577.9078057,14.737103052698131,2.553981738094583,1.98,121.2121212121212
1771238577.9119804,14.748013169726647,2.618428086843864,1.98,121.2121212121212
1771238577.9161398,14.759179148886435,2.679834998349288,1.98,121.2121212121212
1771238577.9203045,14.770455272998309,2.706269786849699,1.98,121.2121212121212
1771238577.9203343,14.770455272998309,2.706269786849699,1.98,121.2121212121212
1771238577.9244642,14.781834806570513,2.731088057329172,1.98,121.2121212121212
1771238577.928637,14.793382371128331,2.7714154938762916,1.98,121.2121212121212
1771238577.9328058,14.804952697107472,2.776878234993929,1.98,121.2121212121212
1771238577.936948,14.816535171851672,2.77979393860818,1.98,121.2121212121212
1771238577.9411175,14.828131479766347,2.7831138995218585,1.98,121.2121212121212
1771238577.945286,14.839693492368117,2.7748830244249665,1.98,121.2121212121212
1771238577.949448,14.851210917997067,2.7641821509482063,1.98,121.2121212121212
1771238577.9494786,14.851210917997067,2.7641821509482063,1.98,121.2121212121212
1771238577.9536226,14.862710851084266,2.7599839409276385,1.98,121.2121212121212
1771238577.9577649,14.874164269786792,2.748820488606156,1.98,121.2121212121212
1771238577.9619458,14.885557746542833,2.734434421449623,1.98,121.2121212121212
1771238577.9661195,14.896913349098371,2.725344613328951,1.98,121.2121212121212
1771238577.9702682,14.908167325482323,2.700954332148374,1.98,121.2121212121212
1771238577.9744473,14.919366843887762,2.6878844173053555,1.98,121.2121212121212
1771238577.9786026,14.930476025603536,2.6662036117856545,1.98,121.2121212121212
1771238577.9786332,14.930476025603536,2.6662036117856545,1.98,121.2121212121212
1771238577.9827874,14.941491322459928,2.6436712455342843,1.98,121.2121212121212
1771238577.9869635,14.952454701566007,2.6312109854589156,1.98,121.2121212121212
1771238577.9911058,14.963357539932437,2.6166812079432478,1.98,121.2121212121212
1771238577.9952998,14.974258413335985,2.6162096168516418,1.98,121.2121212121212
1771238577.9994547,14.985055608274054,2.5913267851367427,1.98,121.2121212121212
1771238578.0036113,14.995797074604617,2.5779519193352134,1.98,121.2121212121212
1771238578.007821,15.006444304261056,2.5553351175450985,1.98,121.2121212121212
1771238578.0119503,15.016988148719095,2.53052266992944,1.98,121.2121212121212
1771238578.0161152,15.027392632577705,2.497076126066162,1.98,121.2121212121212
1771238578.0202727,15.037707613019048,2.4755953059225067,1.98,121.2121212121212
1771238578.0244517,15.047939986992905,2.45576975372558,1.98,121.2121212121212
1771238578.0286171,15.057978150188905,2.4091591670400643,1.98,121.2121212121212
1771238578.032775,15.067784587425042,2.353544936672627,1.98,121.2121212121212
1771238578.0369368,15.077442785644513,2.317967572672978,1.98,121.2121212121212
1771238578.0411077,15.087008784815565,2.29583980105235,1.98,121.2121212121212
1771238578.045272,15.096542105135528,2.2879968767914756,1.98,121.2121212121212
1771238578.0494711,15.105846592770254,2.2330770323342723,1.98,121.2121212121212
1771238578.0536115,15.11499682208707,2.1960550360357103,1.98,121.2121212121212
1771238578.057795,15.124045417345855,2.1716628621083767,1.98,121.2121212121212
1771238578.0619543,15.133053481442316,2.1619353831507104,1.98,121.2121212121212
1771238578.0661201,15.141886783787943,2.1199925629503755,1.98,121.2121212121212
1771238578.0703154,15.150586283768831,2.0878799954132923,1.98,121.2121212121212
1771238578.0786414,15.167992351818269,2.090548146423936,1.98,121.2121212121212
1771238578.0827925,15.176702546324632,2.0904466815274723,1.98,121.2121212121212
1771238578.0869823,15.185410691748558,2.089954901742079,1.98,121.2121212121212
1771238578.0911553,15.194146523155531,2.096599537673735,1.98,121.2121212121212
1771238578.095301,15.202896891632253,2.1000884344132844,1.98,121.2121212121212
1771238578.0995026,15.211658301659645,2.1027384065739234,1.98,121.2121212121212
1771238578.1036284,15.220368703450252,2.09049642974544,1.98,121.2121212121212
1771238578.1119587,15.237912911378832,2.1105081515038306,1.98,121.2121212121212
1771238578.1161323,15.246740514144989,2.1186246638778683,1.98,121.2121212121212
1771238578.1202977,15.255577345738153,2.1208395823593333,1.98,121.2121212121212
1771238578.1244729,15.264349908003389,2.1054149436565286,1.98,121.2121212121212
1771238578.128615,15.273159278276275,2.114248865492642,1.98,121.2121212121212
1771238578.1328104,15.282028103766756,2.128518117715317,1.98,121.2121212121212
1771238578.1369781,15.290763407922674,2.0964729974204688,1.98,121.2121212121212
1771238578.1453042,15.307833104552826,2.0474141579552803,1.98,121.2121212121212
1771238578.1495264,15.31626608065264,2.023914263955767,1.98,121.2121212121212
1771238578.1536763,15.32465782806824,2.014019379743874,1.98,121.2121212121212
1771238578.157834,15.332928477734015,1.9849559197861333,1.98,121.2121212121212
1771238578.1619847,15.341170208533498,1.9780153918760541,1.98,121.2121212121212
1771238578.1703,15.35774414929568,1.9954119102136554,1.98,121.2121212121212
1771238578.1744874,15.365988126621755,1.978554558257864,1.98,121.2121212121212
1771238578.1786208,15.374224015598461,1.9766133544094,1.98,121.2121212121212
1771238578.182815,15.382496301990704,1.9853487341385432,1.98,121.2121212121212
1771238578.1869867,15.390839024370367,2.002253371119013,1.98,121.2121212121212
1771238578.1952891,15.407415192535552,1.9897555465378824,1.98,121.2121212121212
1771238578.1994393,15.415754082287224,2.0013335404011205,1.98,121.2121212121212
1771238578.2036004,15.424165391465301,2.018714202738428,1.98,121.2121212121212
1771238578.2077582,15.432568558522176,2.0167600936497676,1.98,121.2121212121212
1771238578.211925,15.440997802092191,2.0230184568036402,1.98,121.2121212121212
1771238578.2202713,15.45801006575774,2.048019156374721,1.98,121.2121212121212
1771238578.2245133,15.46655882309473,2.051701760877388,1.98,121.2121212121212
1771238578.2286174,15.47512948017883,2.056957700184374,1.98,121.2121212121212
1771238578.2327743,15.483742102095386,2.0670292599732143,1.98,121.2121212121212
1771238578.2369418,15.492426366958375,2.084223567117437,1.98,121.2121212121212
1771238578.2411098,15.501095511965467,2.08059480170198,1.98,121.2121212121212
1771238578.2494476,15.518494579234904,2.09336607065548,1.98,121.2121212121212
1771238578.2536094,15.52728255464524,2.109114098480543,1.98,121.2121212121212
1771238578.2577815,15.536051337695683,2.104507932106413,1.98,121.2121212121212
1771238578.2619462,15.544826612141016,2.1060658668795496,1.98,121.2121212121212
1771238578.2661133,15.553651072968767,2.117870598660307,1.98,121.2121212121212
1771238578.2702923,15.562575634593824,2.1418947900133216,1.98,121.2121212121212
1771238578.2744715,15.571483979057811,2.13800267135713,1.98,121.2121212121212
1771238578.278652,15.58040946109804,2.142115689654857,1.98,121.2121212121212
1771238578.2869883,15.598323647175071,2.154399095187117,1.98,121.2121212121212
1771238578.2911565,15.60724130176039,2.1402371004764227,1.98,121.2121212121212
1771238578.2953188,15.616171108409555,2.1431535957997707,1.98,121.2121212121212
1771238578.2995274,15.62510543939418,2.1442394363098054,1.98,121.2121212121212
1771238578.3036673,15.634034304063073,2.1429275205346583,1.98,121.2121212121212
1771238578.307837,15.642948228391635,2.139341838854811,1.98,121.2121212121212
1771238578.311967,15.651879557343419,2.1435189484281483,1.98,121.2121212121212
1771238578.3161492,15.660813319869078,2.144103006158359,1.98,121.2121212121212
1771238578.3245063,15.678651138065586,2.138567806793862,1.98,121.2121212121212
1771238578.3286676,15.687582679759883,2.143570006631301,1.98,121.2121212121212
1771238578.3328333,15.696514485624265,2.143633407451796,1.98,121.2121212121212
1771238578.3369968,15.705442291949772,2.142673518121802,1.98,121.2121212121212
1771238578.3411443,15.714352847473089,2.138533325596095,1.98,121.2121212121212
1771238578.3453045,15.723284632461423,2.1436283972001755,1.98,121.2121212121212
1771238578.3494911,15.732211296926607,2.1423994716442296,1.98,121.2121212121212
1771238578.3536615,15.74113789861175,2.1423844044343032,1.98,121.2121212121212
1771238578.3577805,15.750049927449819,2.138886921136537,1.98,121.2121212121212
1771238578.366113,15.767908618856257,2.1424146343873125,1.98,121.2121212121212
1771238578.3702903,15.776839364782882,2.1433790223897695,1.98,121.2121212121212
1771238578.3744617,15.78575269986019,2.1392004185539015,1.98,121.2121212121212
1771238578.3786197,15.794685017005309,2.143756114828443,1.98,121.2121212121212
1771238578.382815,15.803611633075295,2.1423878567967254,1.98,121.2121212121212
1771238578.3869634,15.812545604338375,2.1441531031389474,1.98,121.2121212121212
1771238578.391159,15.821460845074544,2.1396577766806577,1.98,121.2121212121212
1771238578.3952994,15.83039417789077,2.143999875894475,1.98,121.2121212121212
1771238578.4036767,15.84824555193874,2.142430607924363,1.98,121.2121212121212
1771238578.4078102,15.857162207644802,2.139997369454697,1.98,121.2121212121212
1771238578.4119608,15.8660959561006,2.1440996293912504,1.98,121.2121212121212
1771238578.4161258,15.875021632713192,2.142162387022284,1.98,121.2121212121212
1771238578.420308,15.883930736833968,2.138184988986047,1.98,121.2121212121212
1771238578.42448,15.892848906570398,2.1403607367435096,1.98,121.2121212121212
1771238578.4286287,15.901783007161727,2.1441841419188377,1.98,121.2121212121212
1771238578.432819,15.910708010362166,2.1420007681054782,1.98,121.2121212121212
1771238578.4411464,15.928531528039265,2.1410449341462803,1.98,121.2121212121212
1771238578.445294,15.937466703365263,2.1444420782393823,1.98,121.2121212121212
1771238578.44947,15.946393464131164,2.1424225838161277,1.98,121.2121212121212
1771238578.453658,15.95529871255284,2.1372596212025203,1.98,121.2121212121212
1771238578.4577923,15.964221735398226,2.141525482892556,1.98,121.2121212121212
1771238578.461956,15.973155487681296,2.1441005479369393,1.98,121.2121212121212
1771238578.4661288,15.982082135410106,2.1423954549145203,1.98,121.2121212121212
1771238578.470294,15.990982053589256,2.1359803629961793,1.98,121.2121212121212
1771238578.4786327,16.00883882972654,2.14367417995871,1.98,121.2121212121212
1771238578.4828064,16.017761454441747,2.1414299316494763,1.98,121.2121212121212
1771238578.4870105,16.026663038235164,2.13638011042001,1.98,121.2121212121212
1771238578.4911292,16.03558887960815,2.142201929516538,1.98,121.2121212121212
1771238578.4953032,16.044517770463646,2.142933805319306,1.98,121.2121212121212
1771238578.4994738,16.053446350315035,2.142859164333449,1.98,121.2121212121212
1771238578.5036666,16.062351656585516,2.137273504915227,1.98,121.2121212121212
1771238578.5078142,16.07127945650194,2.1426719799421043,1.98,121.2121212121212
1771238578.5119617,16.080208466099855,2.1429623034995733,1.98,121.2121212121212
1771238578.5203004,16.098047030080537,2.1381076852910486,1.98,121.2121212121212
1771238578.5244606,16.106976423078592,2.1430543195336273,1.98,121.2121212121212
1771238578.5286329,16.11590406058179,2.1426330007680177,1.98,121.2121212121212
1771238578.5328019,16.124828700610358,2.141913606855753,1.98,121.2121212121212
1771238578.53698,16.13373892835106,2.138454657768539,1.98,121.2121212121212
1771238578.5411346,16.142669446859767,2.143324442089311,1.98,121.2121212121212
1771238578.5453005,16.151597712595038,2.1427837764653797,1.98,121.2121212121212
1771238578.5495105,16.16053213473806,2.1442613143246176,1.98,121.2121212121212
1771238578.5578105,16.17837114792806,2.143511278923544,1.98,121.2121212121212
1771238578.5619524,16.187297655861205,2.142361903954105,1.98,121.2121212121212
1771238578.5661552,16.196221532600173,2.141730417352275,1.98,121.2121212121212
1771238578.5703483,16.20513099308008,2.138270515177563,1.98,121.2121212121212
1771238578.574482,16.214062668389477,2.143602074255961,1.98,121.2121212121212
1771238578.578683,16.22298956555574,2.142455319902578,1.98,121.2121212121212
1771238578.582821,16.231921521506724,2.1436694282360387,1.98,121.2121212121212
1771238578.5869937,16.240832292103892,2.138584943320711,1.98,121.2121212121212
1771238578.5953066,16.258689754340924,2.142074645108628,1.98,121.2121212121212
1771238578.5994868,16.267618077452916,2.1427975468780525,1.98,121.2121212121212
1771238578.6036608,16.276531113250346,2.1391285913831473,1.98,121.2121212121212
1771238578.6078155,16.28546374337287,2.1438312294055857,1.98,121.2121212121212
1771238578.6120367,16.294389022349012,2.142066954274072,1.98,121.2121212121212
1771238578.6161609,16.303316319804225,2.142551389251389,1.98,121.2121212121212
1771238578.6203227,16.312230881021634,2.139494692178477,1.98,121.2121212121212
1771238578.624446,16.321163952783355,2.143937222813207,1.98,121.2121212121212
1771238578.628618,16.330089545038064,2.1421421411297783,1.98,121.2121212121212
1771238578.636957,16.347915205625412,2.1400291927912956,1.98,121.2121212121212
1771238578.641132,16.356849039980982,2.144120245336446,1.98,121.2121212121212
1771238578.6453037,16.365776039352152,2.142479849080597,1.98,121.2121212121212
1771238578.6494899,16.37467722770491,2.1362852046623404,1.98,121.2121212121212
1771238578.6536503,16.38359696599885,2.140737190545942,1.98,121.2121212121212
1771238578.6577888,16.39253181574298,2.1443639385910207,1.98,121.2121212121212
1771238578.6619763,16.401460009518285,2.1427665060731647,1.98,121.2121212121212
1771238578.6661487,16.41036265426753,2.136634739818592,1.98,121.2121212121212
1771238578.6744714,16.428219302881903,2.1442035362267657,1.98,121.2121212121212
1771238578.6786156,16.43714656085331,2.142541913137888,1.98,121.2121212121212
1771238578.6828015,16.446053249622935,2.1376053047097887,1.98,121.2121212121212
1771238578.686971,16.45497692025638,2.141680952026834,1.98,121.2121212121212
1771238578.691132,16.463909894801777,2.1439138908949267,1.98,121.2121212121212
1771238578.6953337,16.472834891165853,2.1419991273782344,1.98,121.2121212121212
1771238578.6994905,16.481735367794045,2.1361143907658255,1.98,121.2121212121212
1771238578.7036262,16.49066111240229,2.1421787059788944,1.98,121.2121212121212
1771238578.7119892,16.50852484935261,2.143389245492418,1.98,121.2121212121212
1771238578.71617,16.517426390043752,2.1363697658743224,1.98,121.2121212121212
1771238578.7203126,16.526352673970912,2.1423081425180333,1.98,121.2121212121212
1771238578.7244885,16.535281891032422,2.143012094762555,1.98,121.2121212121212
1771238578.728642,16.544211921575933,2.1432073304426105,1.98,121.2121212121212
1771238578.7328193,16.553118177466498,2.1375014137355293,1.98,121.2121212121212
1771238578.7369673,16.562046106545388,2.1427029789338796,1.98,121.2121212121212
1771238578.741117,16.57097604916896,2.1431862296566417,1.98,121.2121212121212
1771238578.749481,16.588814692403464,2.137910320005106,1.98,121.2121212121212
1771238578.7536342,16.597743719491717,2.1429665011812746,1.98,121.2121212121212
1771238578.7577906,16.606672044028418,2.1427978888082104,1.98,121.2121212121212
1771238578.7619643,16.615598096411112,2.142252571846757,1.98,121.2121212121212
1771238578.7661502,16.62450788421038,2.1383490718245564,1.98,121.2121212121212
1771238578.7703094,16.633438518092255,2.143352131649729,1.98,121.2121212121212
1771238578.774488,16.642367055912562,2.142849076873562,1.98,121.2121212121212
1771238578.7786703,16.65129412641784,2.142496921267251,1.98,121.2121212121212
1771238578.7828176,16.660202913042948,2.1381087900255804,1.98,121.2121212121212
1771238578.7911468,16.678062558143438,2.1427310422574655,1.98,121.2121212121212
1771238578.7953224,16.68698979963126,2.1425379570773506,1.98,121.2121212121212
1771238578.7994967,16.695901070828796,2.1387050874089937,1.98,121.2121212121212
1771238578.8036296,16.704833672857383,2.1438244868612024,1.98,121.2121212121212
1771238578.8078053,16.713761801874465,2.1427509641000273,1.98,121.2121212121212
1771238578.8119714,16.72269092717035,2.1429900710125853,1.98,121.2121212121212
1771238578.8161223,16.731603877534397,2.13910808737076,1.98,121.2121212121212
1771238578.82029,16.74053662893812,2.143860336893543,1.98,121.2121212121212
1771238578.8286214,16.75839526171507,2.1434523727201524,1.98,121.2121212121212
1771238578.8327885,16.76731033935208,2.139618632882187,1.98,121.2121212121212
1771238578.836964,16.77624387803996,2.1440492850917856,1.98,121.2121212121212
1771238578.8411388,16.78516995364889,2.142258146142927,1.98,121.2121212121212
1771238578.8453064,16.79409831874815,2.1428076238231504,1.98,121.2121212121212
1771238578.8494978,16.803014499803425,2.1398834532659046,1.98,121.2121212121212
1771238578.8536296,16.8119480762316,2.1440583427623747,1.98,121.2121212121212
1771238578.8577929,16.820874934922216,2.14244608574755,1.98,121.2121212121212
1771238578.866139,16.838702796159005,2.1402895408248757,1.98,121.2121212121212
1771238578.8702815,16.84763681574591,2.144164700857304,1.98,121.2121212121212
1771238578.8744519,16.856564446389445,2.1426313544479276,1.98,121.2121212121212
1771238578.8786263,16.865465414418978,2.13623232708766,1.98,121.2121212121212
1771238578.8828132,16.874385326372416,2.1407788688248544,1.98,121.2121212121212
1771238578.8869393,16.883318741798313,2.1440197022155316,1.98,121.2121212121212
1771238578.8911169,16.892245964064312,2.1425333438398666,1.98,121.2121212121212
1771238578.895285,16.901150416470088,2.137068577386265,1.98,121.2121212121212
1771238578.8994608,16.910072258887993,2.1412421802971235,1.98,121.2121212121212
1771238578.9077692,16.92793114469472,2.1421873961518285,1.98,121.2121212121212
1771238578.9119537,16.93682897262704,2.1354787037564025,1.98,121.2121212121212
1771238578.916109,16.94575324665506,2.1418257667244642,1.98,121.2121212121212
1771238578.9202693,16.954686749964438,2.144040794251023,1.98,121.2121212121212
1771238578.9244444,16.96361586479675,2.1429875597546593,1.98,121.2121212121212
1771238578.928617,16.972516501779168,2.136152875779853,1.98,121.2121212121212
1771238578.9327745,16.98144284482777,2.1423223316648294,1.98,121.2121212121212
1771238578.936949,16.990372466265846,2.143109145137481,1.98,121.2121212121212
1771238578.9453144,17.00820020371616,2.1366836043993547,1.98,121.2121212121212
1771238578.949469,17.017127370427914,2.1425200108207427,1.98,121.2121212121212
1771238578.953648,17.02605754122948,2.14324099237564,1.98,121.2121212121212
1771238578.9578686,17.03498707089551,2.1430871198472166,1.98,121.2121212121212
1771238578.9619768,17.043893289605208,2.1374924903275856,1.98,121.2121212121212
1771238578.9661446,17.05282236907419,2.1429790725553537,1.98,121.2121212121212
1771238578.9702952,17.061751118744347,2.1428999208379857,1.98,121.2121212121212
1771238578.9744835,17.07068132313257,2.1432490531731605,1.98,121.2121212121212
1771238578.9828045,17.088522079656716,2.1432830691663094,1.98,121.2121212121212
1771238578.9869714,17.097450699479474,2.142868757461448,1.98,121.2121212121212
1771238578.9911218,17.10638113295569,2.1433040342916434,1.98,121.2121212121212
1771238578.9953003,17.115287890908245,2.1376219086132657,1.98,121.2121212121212
1771238578.9994514,17.12421862268268,2.143375625864145,1.98,121.2121212121212
1771238579.0036075,17.13314690813102,2.142788507601563,1.98,121.2121212121212
1771238579.0077932,17.142073839261954,2.14246347142376,1.98,121.2121212121212
1771238579.0119574,17.150982428208525,2.138061347177171,1.98,121.2121212121212
1771238579.0202668,17.16884196272927,2.142804387840152,1.98,121.2121212121212
1771238579.0244787,17.17777595902804,2.1441591117042287,1.98,121.2121212121212
1771238579.0286558,17.186686634786913,2.1385621821294873,1.98,121.2121212121212
1771238579.0328033,17.195618640678248,2.1436814139203855,1.98,121.2121212121212
1771238579.036987,17.20454497346807,2.1423198695573475,1.98,121.2121212121212
1771238579.04116,17.21347277078739,2.14267135663687,1.98,121.2121212121212
1771238579.045316,17.222384971494662,2.138928169745223,1.98,121.2121212121212
1771238579.049469,17.23131746123986,2.143797538847691,1.98,121.2121212121212
1771238579.053625,17.24024482995357,2.142568491290631,1.98,121.2121212121212
1771238579.0619676,17.258090922573345,2.1394427903779056,1.98,121.2121212121212
1771238579.0661047,17.267024256638983,2.144000175753286,1.98,121.2121212121212
1771238579.070282,17.275952269348007,2.142723050165549,1.98,121.2121212121212
1771238579.0744722,17.284886659689416,2.144253681938167,1.98,121.2121212121212
1771238579.078653,17.293802884255403,2.139893895836685,1.98,121.2121212121212
1771238579.0827913,17.302736910606693,2.144166324309928,1.98,121.2121212121212
1771238579.086986,17.31166265695744,2.1421791241797044,1.98,121.2121212121212
1771238579.0911758,17.320590508192797,2.142684296485515,1.98,121.2121212121212
1771238579.0994394,17.338442914538845,2.1442703048303002,1.98,121.2121212121212
1771238579.1036077,17.347370703813503,2.142669425918216,1.98,121.2121212121212
1771238579.107786,17.356282742936717,2.138889389571151,1.98,121.2121212121212
1771238579.111985,17.365202492743858,2.1407399537141676,1.98,121.2121212121212
1771238579.1161115,17.37413511040757,2.143828239290097,1.98,121.2121212121212
1771238579.1202831,17.383063160024523,2.1427319080695386,1.98,121.2121212121212
1771238579.1244597,17.39196982287947,2.1375990851877944,1.98,121.2121212121212
1771238579.1286218,17.40089126039247,2.141145003119824,1.98,121.2121212121212
1771238579.136941,17.418749472234968,2.1423051002441102,1.98,121.2121212121212
1771238579.1411283,17.427647147904178,2.135442160610926,1.98,121.2121212121212
1771238579.1452734,17.436571504826485,2.1418456613539703,1.98,121.2121212121212
1771238579.1494343,17.445504954760786,2.1440279842319705,1.98,121.2121212121212
1771238579.1536026,17.454434700855654,2.143139062768271,1.98,121.2121212121212
1771238579.157778,17.463335213923745,2.136123136341716,1.98,121.2121212121212
1771238579.1619375,17.47226150394474,2.1423096050390615,1.98,121.2121212121212
1771238579.1660967,17.481193853611096,2.143763919925325,1.98,121.2121212121212
1771238579.1702957,17.490128780914766,2.144382552881247,1.98,121.2121212121212
1771238579.1786337,17.50795910061637,2.1425538337995604,1.98,121.2121212121212
1771238579.1828427,17.516887492442404,2.142814038247507,1.98,121.2121212121212
1771238579.1869748,17.52581723608518,2.1431384742665327,1.98,121.2121212121212
1771238579.1911523,17.53472431157134,2.1376981166775844,1.98,121.2121212121212
1771238579.1953108,17.543653719827702,2.1430579815277353,1.98,121.2121212121212
1771238579.199458,17.55258284886772,2.1429909696042997,1.98,121.2121212121212
1771238579.2036536,17.561511824978204,2.1429542665165515,1.98,121.2121212121212
1771238579.2078252,17.57042173029302,2.1383772755560515,1.98,121.2121212121212
1771238579.2161622,17.58828101132848,2.142926051516828,1.98,121.2121212121212
1771238579.2203245,17.597207530286987,2.142364550041292,1.98,121.2121212121212
1771238579.2244995,17.606114465856443,2.137664536669495,1.98,121.2121212121212
1771238579.2286258,17.615045666913925,2.1434882537956312,1.98,121.2121212121212
1771238579.2327812,17.623974994877578,2.143038711276564,1.98,121.2121212121212
1771238579.2369726,17.632905680637116,2.1433645822891076,1.98,121.2121212121212
1771238579.241126,17.641814450244638,2.138104705805683,1.98,121.2121212121212
1771238579.2453184,17.650746125445583,2.1436020482264198,1.98,121.2121212121212
1771238579.2536604,17.66860191844861,2.1428784452023,1.98,121.2121212121212
1771238579.2578413,17.67751266659869,2.1385795560196006,1.98,121.2121212121212
1771238579.2619772,17.686444783855656,2.1437081416716346,1.98,121.2121212121212
1771238579.266144,17.69537230991871,2.142606255133108,1.98,121.2121212121212
1771238579.2703404,17.70430539325955,2.1439400018009347,1.98,121.2121212121212
1771238579.2745044,17.71321836642201,2.13911355899046,1.98,121.2121212121212
1771238579.2786446,17.722151187624917,2.1438770886976086,1.98,121.2121212121212
1771238579.2828193,17.731077492616603,2.1423131980045627,1.98,121.2121212121212
1771238579.2870038,17.740005612464536,2.1427487635039237,1.98,121.2121212121212
1771238579.295295,17.757853298389044,2.1439579264394175,1.98,121.2121212121212
1771238579.2994869,17.766780476468767,2.1425227391333856,1.98,121.2121212121212
1771238579.3036277,17.77571241038014,2.1436641387300455,1.98,121.2121212121212
1771238579.307863,17.784628910472005,2.1399600220471,1.98,121.2121212121212
1771238579.311938,17.79356266859554,2.1441019496490084,1.98,121.2121212121212
1771238579.3161154,17.802490090337674,2.1425812181115984,1.98,121.2121212121212
1771238579.3203204,17.811387278082922,2.13532505885941,1.98,121.2121212121212
1771238579.3244865,17.820306328718896,2.140572152634182,1.98,121.2121212121212
1771238579.3327997,17.83816581078233,2.142419090889983,1.98,121.2121212121212
1771238579.3369782,17.84706902943333,2.1367724762410325,1.98,121.2121212121212
1771238579.3411372,17.855989894191726,2.141007542014363,1.98,121.2121212121212
1771238579.345267,17.86492263702338,2.1438582795965306,1.98,121.2121212121212
1771238579.3494527,17.873848659882494,2.142245486187488,1.98,121.2121212121212
1771238579.3536093,17.882753400818235,2.1371378245774824,1.98,121.2121212121212
1771238579.3577726,17.89167630813719,2.141497756548684,1.98,121.2121212121212
1771238579.3619323,17.90060848645904,2.143722797243579,1.98,121.2121212121212
1771238579.370284,17.91844380536056,2.1378900678491193,1.98,121.2121212121212
1771238579.374444,17.92736816272902,2.1418457684302727,1.98,121.2121212121212
1771238579.3785996,17.93629877007457,2.143345762931386,1.98,121.2121212121212
1771238579.3827777,17.945225232135602,2.142350894647949,1.98,121.2121212121212
1771238579.3869467,17.954126068249316,2.136200667291537,1.98,121.2121212121212
1771238579.391104,17.96305229525979,2.14229448251363,1.98,121.2121212121212
1771238579.3952627,17.971981725219035,2.1430631902185735,1.98,121.2121212121212
1771238579.3994448,17.980911842369622,2.1432281161413322,1.98,121.2121212121212
1771238579.4077723,17.99874211142507,2.1425153064819837,1.98,121.2121212121212
1771238579.4119437,18.007669321503595,2.1425304188457375,1.98,121.2121212121212
1771238579.4161108,18.016600357243572,2.143448577594063,1.98,121.2121212121212
1771238579.4202974,18.025506616544085,2.1375022321231554,1.98,121.2121212121212
1771238579.4244583,18.03443572726447,2.1429865728922612,1.98,121.2121212121212
1771238579.4286237,18.043364495586285,2.1429043972358786,1.98,121.2121212121212
1771238579.432804,18.0522914007896,2.142457248795626,1.98,121.2121212121212
1771238579.4369764,18.061200466046223,2.1381756615895138,1.98,121.2121212121212
1771238579.4411533,18.070131220911826,2.1433811677441925,1.98,121.2121212121212
1771238579.4494832,18.087990978540873,2.1434318495402493,1.98,121.2121212121212
1771238579.4536445,18.09689954313311,2.138055502136551,1.98,121.2121212121212
1771238579.4578073,18.105831487287396,2.143666597029056,1.98,121.2121212121212
1771238579.4619787,18.114760535401782,2.1429715474522744,1.98,121.2121212121212
1771238579.4661543,18.12368935882966,2.142917622690963,1.98,121.2121212121212
1771238579.4703026,18.13260001197414,2.1385567546749744,1.98,121.2121212121212
1771238579.4744697,18.141532387122318,2.1437700355624307,1.98,121.2121212121212
1771238579.4786146,18.150460782354088,2.1428148556245277,1.98,121.2121212121212
1771238579.4869666,18.168302089879948,2.1391203980165794,1.98,121.2121212121212
1771238579.4911013,18.1772351667924,2.14393845898873,1.98,121.2121212121212
1771238579.4952762,18.186164265396474,2.1429836649776286,1.98,121.2121212121212
1771238579.4994478,18.195095872165076,2.143585624464551,1.98,121.2121212121212
1771238579.5036104,18.20401028698881,2.1394595576962794,1.98,121.2121212121212
1771238579.507779,18.212943427859933,2.1439538090694494,1.98,121.2121212121212
1771238579.5119338,18.221871879242705,2.1428283318655086,1.98,121.2121212121212
1771238579.516136,18.23080580254008,2.1441415913697424,1.98,121.2121212121212
1771238579.5244648,18.248655341699383,2.1440545602358907,1.98,121.2121212121212
1771238579.5286336,18.25758156893232,2.1422945359045915,1.98,121.2121212121212
1771238579.5328243,18.266511417023764,2.14316354194684,1.98,121.2121212121212
1771238579.5369868,18.275428376447074,2.1400702615945604,1.98,121.2121212121212
1771238579.5411375,18.284357652281344,2.1430262002243534,1.98,121.2121212121212
1771238579.545289,18.29328332668755,2.1421618574894046,1.98,121.2121212121212
1771238579.5495038,18.302179217586065,2.1350138156434793,1.98,121.2121212121212
1771238579.553636,18.311097761846135,2.140450622416363,1.98,121.2121212121212
1771238579.5577943,18.320028264117166,2.143320545047368,1.98,121.2121212121212
1771238579.5661347,18.337857517286725,2.136990387408048,1.98,121.2121212121212
1771238579.570299,18.34677810005599,2.140939864623057,1.98,121.2121212121212
1771238579.5744367,18.355709404945223,2.143513173416063,1.98,121.2121212121212
1771238579.5786054,18.364635473034596,2.1422563414499147,1.98,121.2121212121212
1771238579.5827725,18.37354133601957,2.1374071163936645,1.98,121.2121212121212
1771238579.5869486,18.382464162662945,2.1414783944101496,1.98,121.2121212121212
1771238579.5911303,18.391394606067323,2.143306417050242,1.98,121.2121212121212
1771238579.595275,18.400322123426108,2.14260416610826,1.98,121.2121212121212
1771238579.6036615,18.418155659677005,2.141883736760458,1.98,121.2121212121212
1771238579.607771,18.42708586393616,2.143249022197513,1.98,121.2121212121212
1771238579.6119502,18.436012191367023,2.142318583407134,1.98,121.2121212121212
1771238579.6161172,18.444913158836204,2.136232192603632,1.98,121.2121212121212
1771238579.6202922,18.453840153874165,2.1424788091104263,1.98,121.2121212121212
1771238579.624487,18.462767728165637,2.1426178299531777,1.98,121.2121212121212
1771238579.628618,18.471699230807197,2.1435606339741096,1.98,121.2121212121212
1771238579.6328058,18.480602815122886,2.1368602357651896,1.98,121.2121212121212
1771238579.6411312,18.498458629862768,2.1427146089942735,1.98,121.2121212121212
1771238579.6453385,18.507389848686024,2.1434925175812904,1.98,121.2121212121212
1771238579.6494849,18.516297407308244,2.1378140693323004,1.98,121.2121212121212
1771238579.6536322,18.52522692746845,2.1430848384490018,1.98,121.2121212121212
1771238579.6577976,18.534155729479632,2.142912482683953,1.98,121.2121212121212
1771238579.6619866,18.543081938115442,2.1422900725942062,1.98,121.2121212121212
1771238579.6662128,18.551986686809453,2.1371396865623487,1.98,121.2121212121212
1771238579.6703227,18.560916907910055,2.143253064144203,1.98,121.2121212121212
1771238579.6786234,18.578774587156865,2.142884337607675,1.98,121.2121212121212
1771238579.6828184,18.587682540818346,2.137908878755265,1.98,121.2121212121212
1771238579.6870236,18.596613812958662,2.1435053136761724,1.98,121.2121212121212
1771238579.6911426,18.60554183845535,2.142726119204905,1.98,121.2121212121212
1771238579.695318,18.614470392431375,2.142852954246604,1.98,121.2121212121212
1771238579.699483,18.62338063259129,2.1384576383792804,1.98,121.2121212121212
1771238579.703643,18.632312818538164,2.1437246272504438,1.98,121.2121212121212
1771238579.707856,18.641241284810498,2.1428319053601586,1.98,121.2121212121212
1771238579.7119708,18.650170135709846,2.1429242158438413,1.98,121.2121212121212
1771238579.7202678,18.66801589491762,2.143935799477671,1.98,121.2121212121212
1771238579.7244442,18.676945289502644,2.1430547004060774,1.98,121.2121212121212
1771238579.7286026,18.685878588441582,2.1439917453451147,1.98,121.2121212121212
1771238579.732789,18.694793330048757,2.1395379857215566,1.98,121.2121212121212
1771238579.7369542,18.703726813361204,2.144035994987076,1.98,121.2121212121212
1771238579.741129,18.712653961152796,2.142515469982228,1.98,121.2121212121212
1771238579.7452967,18.72158233615461,2.142810000435364,1.98,121.2121212121212
1771238579.7494762,18.730499056983597,2.1400129989560854,1.98,121.2121212121212
1771238579.7577922,18.748358862817884,2.142760331480046,1.98,121.2121212121212
1771238579.7619333,18.75729150054648,2.143833054862573,1.98,121.2121212121212
1771238579.7661467,18.766209682039502,2.1403635583255003,1.98,121.2121212121212
1771238579.770272,18.775140783131295,2.143464262029948,1.98,121.2121212121212
1771238579.7744477,18.78406660881803,2.142198164815907,1.98,121.2121212121212
1771238579.778641,18.792966786215867,2.1360425754813455,1.98,121.2121212121212
1771238579.7827845,18.801886294419898,2.140681968967029,1.98,121.2121212121212
1771238579.7869325,18.810816712452166,2.1433003277441016,1.98,121.2121212121212
1771238579.7952745,18.828644484029958,2.136592185946611,1.98,121.2121212121212
1771238579.7994704,18.83756555050247,2.141055953403034,1.98,121.2121212121212
1771238579.8035934,18.846493936464057,2.1428126307803383,1.98,121.2121212121212
1771238579.807762,18.855420042582967,2.142265468538382,1.98,121.2121212121212
1771238579.811938,18.86432594263291,2.137416011985806,1.98,121.2121212121212
1771238579.8161001,18.873248907780113,2.141511635328816,1.98,121.2121212121212
1771238579.8202589,18.88217689856316,2.1427177879308683,1.98,121.2121212121212
1771238579.82443,18.89110318381612,2.14230846071064,1.98,121.2121212121212
1771238579.8286154,18.900001526966086,2.13560235599198,1.98,121.2121212121212
1771238579.8369262,18.917854208812695,2.1425394622937737,1.98,121.2121212121212
1771238579.841131,18.926784812534002,2.1433448931135057,1.98,121.2121212121212
1771238579.8452997,18.935685206488852,2.1360945491643535,1.98,121.2121212121212
1771238579.8494647,18.944612158379748,2.1424684538150753,1.98,121.2121212121212
1771238579.853624,18.953540276643743,2.1427483833584824,1.98,121.2121212121212
1771238579.8577933,18.962472847509996,2.143817007900842,1.98,121.2121212121212
1771238579.8619773,18.971378490036553,2.1373542063732405,1.98,121.2121212121212
1771238579.8661149,18.98030731188805,2.1429172443598525,1.98,121.2121212121212
1771238579.8744826,18.99816369095137,2.1425992451837477,1.98,121.2121212121212
1771238579.8786514,19.007072299293757,2.1380660021727413,1.98,121.2121212121212
1771238579.8828115,19.016002798003992,2.1433196904563374,1.98,121.2121212121212
1771238579.8869789,19.024932893457443,2.143222908828554,1.98,121.2121212121212
1771238579.8911762,19.0338609117011,2.142724378477746,1.98,121.2121212121212
1771238579.8953297,19.0427670444499,2.137471859711604,1.98,121.2121212121212
1771238579.899473,19.051697941305353,2.1434152453085242,1.98,121.2121212121212
1771238579.9036555,19.0606273515569,2.1430584603709035,1.98,121.2121212121212
1771238579.91197,19.078464906083134,2.1380275262242217,1.98,121.2121212121212
1771238579.9161205,19.087396352434165,2.143547124247425,1.98,121.2121212121212
1771238579.9202836,19.09632528682124,2.1429442528978586,1.98,121.2121212121212
1771238579.9245076,19.105258860866208,2.1440577707920023,1.98,121.2121212121212
1771238579.9286597,19.11416953341675,2.1385614121298935,1.98,121.2121212121212
1771238579.9328208,19.123101735064864,2.143728395547496,1.98,121.2121212121212
1771238579.9370022,19.132029852007275,2.142748066178485,1.98,121.2121212121212
1771238579.9411776,19.140958510910984,2.142878136890533,1.98,121.2121212121212
1771238579.9494662,19.158803596091413,2.1438371956904687,1.98,121.2121212121212
1771238579.9536407,19.16773279306932,2.143007274697895,1.98,121.2121212121212
1771238579.9577713,19.176689772104048,2.1496749683345966,1.98,121.2121212121212
1771238579.962003,19.185636551058064,2.1472269489637683,1.98,121.2121212121212
1771238579.96618,19.19463150674027,2.1587893637293405,1.98,121.2121212121212
1771238579.9703317,19.203545554382426,2.1393714341180634,1.98,121.2121212121212
1771238579.974518,19.212415371885392,2.12875620071154,1.98,121.2121212121212
1771238579.9786742,19.221313437665486,2.1355357872223073,1.98,121.2121212121212
1771238579.9828336,19.230232566170784,2.1405908412710675,1.98,121.2121212121212
1771238579.9910786,19.248064386090213,2.1393741800613406,1.98,121.2121212121212
1771238579.9953334,19.256962477712737,2.135541989405376,1.98,121.2121212121212
1771238579.9994757,19.265878604680154,2.1398704721805424,1.98,121.2121212121212
1771238580.0036492,19.274793632866377,2.139606764693346,1.98,121.2121212121212
1771238580.0078273,19.283688223987856,2.1347018691550796,1.98,121.2121212121212
1771238580.011933,19.292564118233244,2.1302146188933273,1.98,121.2121212121212
1771238580.0161004,19.30147030303402,2.1374843521856515,1.98,121.2121212121212
1771238580.0202963,19.31038519895749,2.139575021633297,1.98,121.2121212121212
1771238580.0286233,19.32816414199947,2.130596114079635,1.98,121.2121212121212
1771238580.0327818,19.337069795686254,2.13735688482853,1.98,121.2121212121212
1771238580.0369422,19.34599446527829,2.1419207020892537,1.98,121.2121212121212
1771238580.041106,19.354901074241695,2.137586151216884,1.98,121.2121212121212
1771238580.0452595,19.36377920467941,2.1307513050520286,1.98,121.2121212121212
1771238580.0494232,19.372683080881103,2.136930288406183,1.98,121.2121212121212
1771238580.053588,19.38161480523571,2.143613845105479,1.98,121.2121212121212
1771238580.0577645,19.39052790922146,2.1391449565803202,1.98,121.2121212121212
1771238580.0660732,19.40832145653781,2.1383438695111834,1.98,121.2121212121212
1771238580.070274,19.417249761564914,2.1427932065048503,1.98,121.2121212121212
1771238580.074442,19.426182778217292,2.1439239965707775,1.98,121.2121212121212
1771238580.078636,19.435092700147905,2.1383812633469494,1.98,121.2121212121212
1771238580.082787,19.44402545395065,2.1438609126590897,1.98,121.2121212121212
1771238580.0869553,19.452969754098305,2.146632035437113,1.98,121.2121212121212
1771238580.0911694,19.46188808607865,2.14039967528253,1.98,121.2121212121212
1771238580.0952713,19.470785098238306,2.1352829183176287,1.98,121.2121212121212
1771238580.1036367,19.488657252269057,2.1461057735779825,1.98,121.2121212121212
1771238580.1077807,19.497610157145765,2.1486971704097164,1.98,121.2121212121212
1771238580.112018,19.50653351384861,2.1416056086829003,1.98,121.2121212121212
1771238580.116141,19.51547225720303,2.145298405061109,1.98,121.2121212121212
1771238580.1203222,19.524400804428964,2.1428513342242375,1.98,121.2121212121212
1771238580.1245074,19.53331368969214,2.13909246316166,1.98,121.2121212121212
1771238580.1286645,19.542239657672802,2.1422323153591734,1.98,121.2121212121212
1771238580.1327975,19.551176422254816,2.144823499683133,1.98,121.2121212121212
1771238580.1369605,19.560106086279653,2.14311936596062,1.98,121.2121212121212
1771238580.1453068,19.57793804617994,2.142945349168741,1.98,121.2121212121212
1771238580.1494815,19.586873804094445,2.144581899480871,1.98,121.2121212121212
1771238580.153613,19.595838418554226,2.15150747034786,1.98,121.2121212121212
1771238580.1578271,19.604743197119753,2.1371468557265723,1.98,121.2121212121212
1771238580.1619916,19.613671791881398,2.142862742795138,1.98,121.2121212121212
1771238580.1661487,19.622605824924683,2.1441679303885453,1.98,121.2121212121212
1771238580.1703148,19.631564459348862,2.1500722618025407,1.98,121.2121212121212
1771238580.1745296,19.64047338158896,2.1381413376241913,1.98,121.2121212121212
1771238580.1828144,19.658334716393817,2.143526720865884,1.98,121.2121212121212
1771238580.186947,19.66727996269591,2.1468591125024377,1.98,121.2121212121212
1771238580.1911757,19.67618712865531,2.1377198302558726,1.98,121.2121212121212
1771238580.1953328,19.68511853649683,2.1435378819649475,1.98,121.2121212121212
1771238580.199441,19.693986132307245,2.1282229944998434,1.98,121.2121212121212
1771238580.2036438,19.702624008405262,2.0730902635244317,1.98,121.2121212121212
1771238580.2078507,19.711100948120006,2.0344655315381757,1.98,121.2121212121212
1771238580.21616,19.727802370360667,1.9983132633310943,1.98,121.2121212121212
1771238580.2202573,19.736113076315203,1.9945694290881604,1.98,121.2121212121212
1771238580.2244446,19.744450683341515,2.001025686315443,1.98,121.2121212121212
1771238580.228602,19.752789321250027,2.0012730980429474,1.98,121.2121212121212
1771238580.2327552,19.761149464137112,2.0064342929006678,1.98,121.2121212121212
1771238580.2410848,19.77793788591121,2.023442315456775,1.98,121.2121212121212
1771238580.2452562,19.786483989844868,2.0510649440776745,1.98,121.2121212121212
1771238580.2494216,19.795100094566507,2.0678651331934246,1.98,121.2121212121212
1771238580.2535772,19.803738935451577,2.0733218124168826,1.98,121.2121212121212
1771238580.2577596,19.812462509575802,2.093657789814152,1.98,121.2121212121212
1771238580.2619328,19.821345642264244,2.1319518452258555,1.98,121.2121212121212
1771238580.2661464,19.83027254542135,2.142456757706114,1.98,121.2121212121212
1771238580.2744653,19.848109076528026,2.1417623703615365,1.98,121.2121212121212
1771238580.2786436,19.857040030126385,2.1434288636062835,1.98,121.2121212121212
1771238580.2827928,19.866003908192585,2.1513307358881466,1.98,121.2121212121212
1771238580.2869453,19.87493149983083,2.142621993178562,1.98,121.2121212121212
1771238580.291158,19.883856529426204,2.1420071028900254,1.98,121.2121212121212
1771238580.295323,19.892785587880635,2.1429740290630597,1.98,121.2121212121212
1771238580.2995374,19.901718824267768,2.1439767329117827,1.98,121.2121212121212
1771238580.3036578,19.910615548855496,2.1352139010550704,1.98,121.2121212121212
1771238580.311952,19.928469624234033,2.142889284932421,1.98,121.2121212121212
1771238580.3161285,19.93740022380972,2.1433438981648987,1.98,121.2121212121212
1771238580.3203378,19.946297586234767,2.135366982010991,1.98,121.2121212121212
1771238580.324492,19.955223225354256,2.1421533886778312,1.98,121.2121212121212
1771238580.328663,19.964151090473187,2.1426876285438476,1.98,121.2121212121212
1771238580.3328395,19.973082995571765,2.1436572236587224,1.98,121.2121212121212
1771238580.3370128,19.98198207561458,2.1357792102758246,1.98,121.2121212121212
1771238580.341172,19.990906643891627,2.141896386491069,1.98,121.2121212121212
1771238580.3495018,20.00876430252373,2.1430392410625068,0.0,0.0
