tiempo,y,vy,velocidad_ruedas,fuerza_ruedas,error
1771879193.188305,0.010669888754433728,0.18834199504297813,7.2,53.0,1.811658004957022
1771879193.229965,0.020102107902190296,0.25696600583423634,7.2,53.0,1.7430339941657635
1771879193.2674756,0.030960689226986048,0.3149990122654679,7.2,53.0,1.685000987734532
1771879193.2966294,0.040850549212673365,0.3566291998458973,7.2,53.0,1.6433708001541028
1771879193.3216443,0.05024643231570264,0.38908971305454837,7.2,53.0,1.6109102869454517
1771879193.3467228,0.06040123281689372,0.4178398591569667,7.2,53.0,1.5821601408430332
1771879193.3716943,0.07121080695478063,0.442086353877591,7.2,53.0,1.557913646122409
1771879193.392527,0.0806292675204638,0.45821827776093743,7.2,53.0,1.5417817222390626
1771879193.4133239,0.0903071631420499,0.4654981703582938,7.2,53.0,1.5345018296417061
1771879193.4383252,0.10179846868894449,0.4549103389041029,7.2,53.0,1.545089661095897
1771879193.4592102,0.11113051327907046,0.4428927172272205,7.2,53.0,1.5571072827727794
1771879193.4799802,0.12017437578605122,0.42783368326608157,7.2,53.0,1.5721663167339184
1771879193.5050046,0.1305551933552237,0.4055885595564196,7.2,53.0,1.5944114404435803
1771879193.521721,0.1416983055270675,0.7135159256761637,7.2,53.0,1.2864840743238362
1771879193.534223,0.1525108927180695,0.931978964747163,7.2,53.0,1.068021035252837
1771879193.5425472,0.16109004165706087,1.078787538280533,7.2,53.0,0.921212461719467
1771879193.5508761,0.17023203095697215,1.090887710156605,7.2,53.0,0.909112289843395
1771879193.5635889,0.1834563577479407,1.0387253475334897,7.2,53.0,0.9612746524665103
1771879193.5717607,0.19197131328296776,1.0177499403435273,7.2,53.0,0.9822500596564727
1771879193.5800972,0.20041025043751523,1.012004065955725,7.2,53.0,0.987995934044275
1771879193.592647,0.21301478521578954,1.0044739500969053,7.2,53.0,0.9955260499030947
1771879193.6009564,0.22130847364616246,0.9922522602857868,7.2,53.0,1.0077477397142132
1771879193.6134796,0.2335887701144684,0.9830630337091134,7.2,53.0,1.0169369662908867
1771879193.621807,0.24174999538158679,0.975842431739467,7.2,53.0,1.024157568260533
1771879193.6342459,0.25381442493959805,0.9633123065246727,7.2,53.0,1.0366876934753273
1771879193.642612,0.26184067630279945,0.9647421808490756,7.2,53.0,1.0352578191509245
1771879193.6550727,0.2735865822266826,0.9325181747392478,7.2,53.0,1.067481825260752
1771879193.6633732,0.28135144239039384,0.9326490875304076,7.2,53.0,1.0673509124695924
1771879193.675951,0.2928475600197407,0.9050683078538148,7.2,53.0,1.0949316921461851
1771879193.6842744,0.30023099437810863,0.8835529530421764,7.2,53.0,1.1164470469578236
1771879193.697012,0.31315205410404195,1.3048897001794024,7.2,53.0,0.6951102998205976
1771879193.7010436,0.32037109472783565,1.732569749710487,7.2,53.0,0.26743025028951295
1771879193.709484,0.3371074286033183,2.1020058830798956,7.2,53.0,-0.10200588307989555
1771879193.713682,0.3463390487628021,2.2155888382761044,7.2,53.0,-0.21558883827610442
1771879193.7176712,0.35584523579814403,2.2814848884820726,7.2,53.0,-0.28148488848207265
1771879193.7218575,0.36552030449787837,2.3220164879362457,7.2,53.0,-0.3220164879362457
1771879193.7259557,0.3754498645804897,2.3830944198267185,7.2,53.0,-0.38309441982671855
1771879193.7301984,0.38554747495632197,2.4234264901997458,7.2,53.0,-0.42342649019974576
1771879193.7343125,0.3957113850440116,2.4393384210455142,7.2,53.0,-0.43933842104551424
1771879193.7385004,0.4059948746811721,2.4680375129185212,7.2,53.0,-0.46803751291852125
1771879193.7426355,0.41642014581924436,2.502065073137334,7.2,53.0,-0.502065073137334
1771879193.7467933,0.42689003365996364,2.512773081772633,7.2,53.0,-0.5127730817726328
1771879193.750966,0.43738454117125525,2.5186818027099798,7.2,53.0,-0.5186818027099798
1771879193.755117,0.4479308341277066,2.5311103095483287,7.2,53.0,-0.5311103095483287
1771879193.7594151,0.45842554213734243,2.5187299223125987,7.2,53.0,-0.5187299223125987
1771879193.7636478,0.468949353214702,2.5257146585662937,7.2,53.0,-0.5257146585662937
1771879193.767656,0.4795206548897206,2.537112402004476,7.2,53.0,-0.537112402004476
1771879193.7718282,0.4900760334696408,2.533290859180848,7.2,53.0,-0.5332908591808478
1771879193.7719407,0.4900760334696408,2.533290859180848,7.2,53.0,-0.5332908591808478
1771879193.7759633,0.5006301212911984,2.532981077173836,7.2,53.0,-0.5329810771738361
1771879193.7801647,0.5112294837461804,2.543846989195662,7.2,53.0,-0.5438469891956621
1771879193.7843378,0.521726941308841,2.5193898150385454,7.2,53.0,-0.5193898150385454
1771879193.7884142,0.532268294127732,2.52992467653384,7.2,53.0,-0.5299246765338399
1771879193.792588,0.5428707072224018,2.5445791427207642,7.2,53.0,-0.5445791427207642
1771879193.7967684,0.5534988886662648,2.5507635465271137,7.2,53.0,-0.5507635465271137
1771879193.800971,0.5640747707953073,2.5382117109701916,7.2,53.0,-0.5382117109701916
1771879193.8051033,0.57463612014049,2.5347238428438534,7.2,53.0,-0.5347238428438534
1771879193.8093345,0.5852130878291454,2.538472245277279,7.2,53.0,-0.538472245277279
1771879193.8134544,0.5956823978933807,2.512634415416486,7.2,53.0,-0.5126344154164859
1771879193.8176305,0.6061208628771695,2.505231596109288,7.2,53.0,-0.5052315961092879
1771879193.8217876,0.6165810863609686,2.5104536361117873,7.2,53.0,-0.5104536361117873
1771879193.8259568,0.6269895020407137,2.498019763138801,7.2,53.0,-0.4980197631388008
1771879193.8300946,0.637353742211176,2.4874176409109507,7.2,53.0,-0.48741764091095074
1771879193.834263,0.6477207442461146,2.4880804883852656,7.2,53.0,-0.48808048838526563
1771879193.8384101,0.6581171080562491,2.4951273144322834,7.2,53.0,-0.4951273144322834
1771879193.8426208,0.6684394918496674,2.477372110420402,7.2,53.0,-0.47737211042040206
1771879193.8467722,0.678742345135541,2.472684788609653,7.2,53.0,-0.4726847886096528
1771879193.850932,0.6890760794946852,2.4800962461946012,7.2,53.0,-0.48009624619460123
1771879193.8551168,0.6992986252100614,2.4534109716902797,7.2,53.0,-0.45341097169027966
1771879193.8593147,0.7094908172682691,2.446126093969854,7.2,53.0,-0.44612609396985414
1771879193.863592,0.7196973432621251,2.4495662385254198,7.2,53.0,-0.44956623852541977
1771879193.8676383,0.7299438180941086,2.4591539596760486,7.2,53.0,-0.45915395967604855
1771879193.8717923,0.7404327564567665,2.51734520703792,7.2,53.0,-0.5173452070379199
1771879193.871877,0.7404327564567665,2.51734520703792,7.2,53.0,-0.5173452070379199
1771879193.8760037,0.7511862053890204,2.5808277437409113,7.2,53.0,-0.5808277437409113
1771879193.8801441,0.7619797353562374,2.5904471921320984,7.2,53.0,-0.5904471921320984
1771879193.884317,0.7729858068118903,2.6414571493567,7.2,53.0,-0.6414571493566998
1771879193.888456,0.7840240308656183,2.6491737728947125,7.2,53.0,-0.6491737728947125
1771879193.8926666,0.7951978534360374,2.681717416900585,7.2,53.0,-0.6817174169005851
1771879193.8968072,0.8063957156396044,2.6874869288560777,7.2,53.0,-0.6874869288560777
1771879193.9009955,0.8176852442989647,2.709486878246471,7.2,53.0,-0.7094868782464712
1771879193.905109,0.8290649439122116,2.7311279071792534,7.2,53.0,-0.7311279071792534
1771879193.909345,0.8403915261711619,2.718379742148055,7.2,53.0,-0.7183797421480551
1771879193.9094505,0.8403915261711619,2.718379742148055,7.2,53.0,-0.7183797421480551
1771879193.9134498,0.8517838828710804,2.734165607980443,7.2,53.0,-0.7341656079804428
1771879193.91764,0.863226217141899,2.746160224996458,7.2,53.0,-0.7461602249964581
1771879193.9218466,0.8746601063594763,2.744133412218569,7.2,53.0,-0.7441334122185692
1771879193.9259398,0.8861252233919902,2.751628087803337,7.2,53.0,-0.7516280878033368
1771879193.9300768,0.8976236504797737,2.7596225010680246,7.2,53.0,-0.7596225010680246
1771879193.9342809,0.9090947548052938,2.753065038124819,7.2,53.0,-0.7530650381248192
1771879193.9384382,0.9206257239242629,2.767432588552576,7.2,53.0,-0.7674325885525759
1771879193.9385457,0.9206257239242629,2.767432588552576,7.2,53.0,-0.7674325885525759
1771879193.9426417,0.932264123747408,2.7932159575548257,7.2,53.0,-0.7932159575548257
1771879193.9468079,0.9439465607395919,2.803784878124142,7.2,53.0,-0.8037848781241421
1771879193.951076,0.9555784597418688,2.7916557605464445,7.2,53.0,-0.7916557605464445
1771879193.9551194,0.9673358992673496,2.821785486115383,7.2,53.0,-0.8217854861153828
1771879193.9593298,0.9790995786776517,2.8232830584725135,7.2,53.0,-0.8232830584725135
1771879193.9634209,0.9908669628011836,2.8241721896476415,7.2,53.0,-0.8241721896476415
1771879193.9635465,0.9908669628011836,2.8241721896476415,7.2,53.0,-0.8241721896476415
1771879193.967713,1.00285439768777,2.87698437278072,7.2,53.0,-0.8769843727807198
1771879193.9718344,1.0147807689338975,2.8623290990705885,7.2,53.0,-0.8623290990705885
1771879193.975904,1.0267116204549402,2.8634043650502674,7.2,53.0,-0.8634043650502674
1771879193.9801161,1.038812877611811,2.904301717648977,7.2,53.0,-0.9043017176489769
1771879193.98432,1.0508549682289214,2.890101748106493,7.2,53.0,-0.8901017481064928
1771879193.9844332,1.0508549682289214,2.890101748106493,7.2,53.0,-0.8901017481064928
1771879193.9885197,1.0631214097702355,2.943945969915368,7.2,53.0,-0.9439459699153678
1771879193.9926589,1.0754379335017794,2.9559656955705615,7.2,53.0,-0.9559656955705615
1771879193.9967887,1.0877047093272552,2.944026198114181,7.2,53.0,-0.9440261981141811
1771879194.000965,1.1001336662217038,2.982949654667688,7.2,53.0,-0.9829496546676881
1771879194.0010498,1.1001336662217038,2.982949654667688,7.2,53.0,-0.9829496546676881
1771879194.0051968,1.112584991017934,2.9883179510952407,7.2,53.0,-0.9883179510952407
1771879194.0093393,1.1250835716117413,2.999659342513752,7.2,53.0,-0.9996593425137519
1771879194.0135753,1.1376753856365212,3.0220353659471835,7.2,53.0,-1.0220353659471835
1771879194.0176957,1.150129170607819,2.9889083931114646,7.2,53.0,-0.9889083931114646
1771879194.0177734,1.150129170607819,2.9889083931114646,7.2,53.0,-0.9889083931114646
1771879194.021796,1.162616443108422,2.9969454001447238,7.2,53.0,-0.9969454001447238
1771879194.0259888,1.1751761715066336,3.014334815570746,7.2,53.0,-1.014334815570746
1771879194.0301018,1.1876522192056396,2.9942514477614455,7.2,53.0,-0.9942514477614455
1771879194.0342708,1.200240379035493,3.0211583591647924,7.2,53.0,-1.0211583591647924
1771879194.0343826,1.200240379035493,3.0211583591647924,7.2,53.0,-1.0211583591647924
1771879194.0384762,1.212850616484833,3.026456987841594,7.2,53.0,-1.026456987841594
1771879194.0426533,1.2254092957827134,3.0140830314913036,7.2,53.0,-1.0140830314913036
1771879194.0468457,1.238114415898085,3.049228827689187,7.2,53.0,-1.0492288276891868
1771879194.0509846,1.2508414829001169,3.0544960804876284,7.2,53.0,-1.0544960804876284
1771879194.0511003,1.2508414829001169,3.0544960804876284,7.2,53.0,-1.0544960804876284
1771879194.055179,1.2637093452126402,3.088286955005591,7.2,53.0,-1.0882869550055911
1771879194.059325,1.2766223057136383,3.099110520239557,7.2,53.0,-1.0991105202395568
1771879194.0634847,1.2894049466235529,3.0678338183794964,7.2,53.0,-1.0678338183794964
1771879194.0676978,1.3023139331639426,3.098156769693551,7.2,53.0,-1.098156769693551
1771879194.0677664,1.3023139331639426,3.098156769693551,7.2,53.0,-1.098156769693551
1771879194.0717962,1.315244623814336,3.1033657560944494,7.2,53.0,-1.1033657560944494
1771879194.0760055,1.3281764306144366,3.103633632024142,7.2,53.0,-1.1036336320241422
1771879194.0801895,1.3411823281470918,3.121415407837251,7.2,53.0,-1.121415407837251
1771879194.0802526,1.3411823281470918,3.121415407837251,7.2,53.0,-1.121415407837251
1771879194.0843256,1.354209812693184,3.126596291062155,7.2,53.0,-1.126596291062155
1771879194.0885136,1.3673287340918674,3.148541135684001,7.2,53.0,-1.1485411356840012
1771879194.0928082,1.380471950041266,3.154371827855685,7.2,53.0,-1.1543718278556852
1771879194.092968,1.380471950041266,3.154371827855685,7.2,53.0,-1.1543718278556852
1771879194.096835,1.3934914351244347,3.1246764199604575,7.2,53.0,-1.1246764199604575
1771879194.1010158,1.4066374780151087,3.1550502937617346,7.2,53.0,-1.1550502937617346
1771879194.105117,1.4198049009935336,3.1601815148219825,7.2,53.0,-1.1601815148219825
1771879194.1093504,1.4330652553279535,3.1824850402607536,7.2,53.0,-1.1824850402607536
1771879194.109456,1.4330652553279535,3.1824850402607536,7.2,53.0,-1.1824850402607536
1771879194.1135387,1.4463859095714315,3.196957018434748,7.2,53.0,-1.1969570184347482
1771879194.117664,1.4597277838393659,3.2020498243042432,7.2,53.0,-1.2020498243042432
1771879194.1218562,1.4731806584159963,3.228689898391319,7.2,53.0,-1.2286898983913188
1771879194.1219735,1.4731806584159963,3.228689898391319,7.2,53.0,-1.2286898983913188
1771879194.1259866,1.4866660110821217,3.2364846398700875,7.2,53.0,-1.2364846398700875
1771879194.1301696,1.5001052207408394,3.225410318092228,7.2,53.0,-1.2254103180922278
1771879194.1302495,1.5001052207408394,3.225410318092228,7.2,53.0,-1.2254103180922278
1771879194.1343632,1.5135977195064385,3.238199703743791,7.2,53.0,-1.238199703743791
1771879194.138445,1.52711122464792,3.2432412339555277,7.2,53.0,-1.2432412339555277
1771879194.1426675,1.5407285819903265,3.2681657621775515,7.2,53.0,-1.2681657621775515
1771879194.1427467,1.5407285819903265,3.2681657621775515,7.2,53.0,-1.2681657621775515
1771879194.1468134,1.5543800007537167,3.2763405032136514,7.2,53.0,-1.2763405032136514
1771879194.1510623,1.5679032950796592,3.245590638226196,7.2,53.0,-1.2455906382261959
1771879194.155134,1.5815213334617302,3.2683292116970466,7.2,53.0,-1.2683292116970466
1771879194.155207,1.5815213334617302,3.2683292116970466,7.2,53.0,-1.2683292116970466
1771879194.1592534,1.5951601905754103,3.273325707283197,7.2,53.0,-1.2733257072831972
1771879194.1634593,1.6089345487465314,3.305845961069053,7.2,53.0,-1.305845961069053
1771879194.1676455,1.6227365664680329,3.312484253160334,7.2,53.0,-1.312484253160334
1771879194.1677837,1.6227365664680329,3.312484253160334,7.2,53.0,-1.312484253160334
1771879194.171849,1.6365597227692321,3.3175575122877925,7.2,53.0,-1.3175575122877925
1771879194.1760216,1.6504398530591644,3.331231269583752,7.2,53.0,-1.331231269583752
1771879194.1761317,1.6504398530591644,3.331231269583752,7.2,53.0,-1.331231269583752
1771879194.1801019,1.6643444522667172,3.337103809812687,7.2,53.0,-1.337103809812687
1771879194.1842973,1.6783144775986587,3.3528060796659553,7.2,53.0,-1.3528060796659553
1771879194.188497,1.6923070458363942,3.3582163770565403,7.2,53.0,-1.3582163770565403
1771879194.1886032,1.6923070458363942,3.3582163770565403,7.2,53.0,-1.3582163770565403
1771879194.1927445,1.706374553625801,3.376201869457608,7.2,53.0,-1.3762018694576081
1771879194.1968374,1.7204569085499368,3.379765181792568,7.2,53.0,-1.379765181792568
1771879194.1969228,1.7204569085499368,3.379765181792568,7.2,53.0,-1.379765181792568
1771879194.2009335,1.734559596750886,3.3846451682277774,7.2,53.0,-1.3846451682277774
1771879194.20519,1.7486737139848276,3.387388136145999,7.2,53.0,-1.387388136145999
1771879194.2092707,1.7628111589147528,3.3929867831820553,7.2,53.0,-1.3929867831820553
1771879194.2093627,1.7628111589147528,3.3929867831820553,7.2,53.0,-1.3929867831820553
1771879194.2134712,1.7769198025599744,3.3860744748531983,7.2,53.0,-1.3860744748531983
1771879194.2176535,1.7910245627999244,3.3851424575879845,7.2,53.0,-1.3851424575879845
1771879194.2177722,1.7910245627999244,3.3851424575879845,7.2,53.0,-1.3851424575879845
1771879194.2218308,1.8052454074823496,3.413002723782046,7.2,53.0,-1.413002723782046
1771879194.2260535,1.819430701677865,3.404470606923669,7.2,53.0,-1.404470606923669
1771879194.2301223,1.8337394629604282,3.4341027078151884,7.2,53.0,-1.4341027078151884
1771879194.2302177,1.8337394629604282,3.4341027078151884,7.2,53.0,-1.4341027078151884
1771879194.234354,1.847983157280403,3.418486636793974,7.2,53.0,-1.4184866367939741
1771879194.2384498,1.8622317388738003,3.419659582415341,7.2,53.0,-1.419659582415341
1771879194.238561,1.8622317388738003,3.419659582415341,7.2,53.0,-1.419659582415341
1771879194.2426474,1.876641254930276,3.458283853554163,7.2,53.0,-1.4582838535541631
1771879194.2467825,1.891015268277037,3.4497632032225947,7.2,53.0,-1.4497632032225947
1771879194.2468767,1.891015268277037,3.4497632032225947,7.2,53.0,-1.4497632032225947
1771879194.2509367,1.905478362682339,3.4711426572725097,7.2,53.0,-1.4711426572725097
1771879194.2551255,1.9199075767312852,3.463011371747072,7.2,53.0,-1.463011371747072
1771879194.2594619,1.9343224119645068,3.459560455973205,7.2,53.0,-1.4595604559732052
1771879194.2595718,1.9343224119645068,3.459560455973205,7.2,53.0,-1.4595604559732052
1771879194.263537,1.9489082451239135,3.5005999582575957,7.2,53.0,-1.5005999582575957
1771879194.2677002,1.9634732260548742,3.4955954234305544,7.2,53.0,-1.4955954234305544
1771879194.26786,1.9634732260548742,3.4955954234305544,7.2,53.0,-1.4955954234305544
1771879194.2718582,1.9782436115074655,3.544892508621945,7.2,53.0,-1.544892508621945
1771879194.2760272,1.9929399376753598,3.5271182802946077,7.2,53.0,-1.5271182802946077
1771879194.2761407,1.9929399376753598,3.5271182802946077,7.2,53.0,-1.5271182802946077
1771879194.2801692,2.007797124429792,3.565724821063695,7.2,53.0,-1.5657248210636951
1771879194.2843015,2.022517936533408,3.5329949048678047,7.2,53.0,-1.5329949048678047
1771879194.2843864,2.022517936533408,3.5329949048678047,7.2,53.0,-1.5329949048678047
1771879194.2884848,2.037306195356824,3.549182117619955,7.2,53.0,-1.5491821176199552
1771879194.2926562,2.052143343167376,3.5609154745324507,7.2,53.0,-1.5609154745324507
1771879194.2927923,2.052143343167376,3.5609154745324507,7.2,53.0,-1.5609154745324507
1771879194.2967775,2.066956224913306,3.555091619023237,7.2,53.0,-1.5550916190232371
1771879194.301025,2.0818788153865753,3.581421713584621,7.2,53.0,-1.581421713584621
1771879194.3011086,2.0818788153865753,3.581421713584621,7.2,53.0,-1.581421713584621
1771879194.3051245,2.0967199203245546,3.561865185115041,7.2,53.0,-1.5618651851150411
1771879194.309297,2.1116856483121693,3.5917747170275462,7.2,53.0,-1.5917747170275462
1771879194.30937,2.1116856483121693,3.5917747170275462,7.2,53.0,-1.5917747170275462
1771879194.3134983,2.1265123250040565,3.5584024060529327,7.2,53.0,-1.5584024060529327
1771879194.3176346,2.141465341896143,3.5887240541008114,7.2,53.0,-1.5887240541008114
1771879194.317768,2.141465341896143,3.5887240541008114,7.2,53.0,-1.5887240541008114
1771879194.3218277,2.1564374248219655,3.593299902197406,7.2,53.0,-1.5932999021974061
1771879194.3259726,2.171389908708843,3.5885961328506015,7.2,53.0,-1.5885961328506015
1771879194.3260596,2.171389908708843,3.5885961328506015,7.2,53.0,-1.5885961328506015
1771879194.330196,2.1864716893988327,3.6196273655976063,7.2,53.0,-1.6196273655976063
1771879194.3343136,2.201480314505597,3.6020700256234166,7.2,53.0,-1.6020700256234166
1771879194.3344266,2.201480314505597,3.6020700256234166,7.2,53.0,-1.6020700256234166
1771879194.3385386,2.2166746276422287,3.6466351527916663,7.2,53.0,-1.6466351527916663
1771879194.3426976,2.2317357135040456,3.614660606836085,7.2,53.0,-1.6146606068360851
1771879194.3427918,2.2317357135040456,3.614660606836085,7.2,53.0,-1.6146606068360851
1771879194.3468525,2.246976514349316,3.6577922028648837,7.2,53.0,-1.6577922028648837
1771879194.3510215,2.2622360423566086,3.6622867217501813,7.2,53.0,-1.6622867217501813
1771879194.3510962,2.2622360423566086,3.6622867217501813,7.2,53.0,-1.6622867217501813
1771879194.3551052,2.2776322229747534,3.6950833483547925,7.2,53.0,-1.6950833483547925
1771879194.359311,2.2930604025485244,3.7027630977050503,7.2,53.0,-1.7027630977050503
1771879194.359387,2.2930604025485244,3.7027630977050503,7.2,53.0,-1.7027630977050503
1771879194.3635206,2.308490774662165,3.703289307273713,7.2,53.0,-1.703289307273713
1771879194.3676693,2.323977559613878,3.7168283884111624,7.2,53.0,-1.7168283884111624
1771879194.3677692,2.323977559613878,3.7168283884111624,7.2,53.0,-1.7168283884111624
1771879194.3718128,2.3393619771196783,3.692260201392097,7.2,53.0,-1.6922602013920969
1771879194.3760524,2.354809823541118,3.7074831411455045,7.2,53.0,-1.7074831411455045
1771879194.376129,2.354809823541118,3.7074831411455045,7.2,53.0,-1.7074831411455045
1771879194.3801112,2.3701130927858944,3.6727846187463165,7.2,53.0,-1.6727846187463165
1771879194.3802192,2.3701130927858944,3.6727846187463165,7.2,53.0,-1.6727846187463165
1771879194.384316,2.3855316992900617,3.700465561000136,7.2,53.0,-1.700465561000136
1771879194.3884406,2.4009687049988697,3.704881370113943,7.2,53.0,-1.704881370113943
1771879194.3885617,2.4009687049988697,3.704881370113943,7.2,53.0,-1.704881370113943
1771879194.3926363,2.41655395350593,3.740459641694516,7.2,53.0,-1.7404596416945162
1771879194.3968499,2.4321574384154863,3.744836378293447,7.2,53.0,-1.744836378293447
1771879194.3969297,2.4321574384154863,3.744836378293447,7.2,53.0,-1.744836378293447
1771879194.400936,2.447848021396797,3.765739915514503,7.2,53.0,-1.7657399155145028
1771879194.4051516,2.4635613500628772,3.7711988798592846,7.2,53.0,-1.7711988798592846
1771879194.4052265,2.4635613500628772,3.7711988798592846,7.2,53.0,-1.7711988798592846
1771879194.4093826,2.479238439076989,3.7625013633868756,7.2,53.0,-1.7625013633868756
1771879194.4135625,2.494974228939101,3.776589566906902,7.2,53.0,-1.7765895669069018
1771879194.413665,2.494974228939101,3.776589566906902,7.2,53.0,-1.7765895669069018
1771879194.4176445,2.510570570250952,3.7431219148443002,7.2,53.0,-1.7431219148443002
1771879194.417724,2.510570570250952,3.7431219148443002,7.2,53.0,-1.7431219148443002
1771879194.4218023,2.5262818317567213,3.7707027613845656,7.2,53.0,-1.7707027613845656
1771879194.4259644,2.542011086691243,3.77502118428524,7.2,53.0,-1.7750211842852401
1771879194.4260552,2.542011086691243,3.77502118428524,7.2,53.0,-1.7750211842852401
1771879194.4301872,2.5578924851283498,3.8115356249056234,7.2,53.0,-1.8115356249056234
1771879194.4342573,2.57379171436473,3.8158150167312805,7.2,53.0,-1.8158150167312805
1771879194.4343343,2.57379171436473,3.8158150167312805,7.2,53.0,-1.8158150167312805
1771879194.438493,2.5898063275595096,3.843507166747068,7.2,53.0,-1.843507166747068
1771879194.4425948,2.6058386346328524,3.8477536976022257,7.2,53.0,-1.8477536976022257
1771879194.4426963,2.6058386346328524,3.8477536976022257,7.2,53.0,-1.8477536976022257
1771879194.4468417,2.6219558533816203,3.8681324997043385,7.2,53.0,-1.8681324997043385
1771879194.4469543,2.6219558533816203,3.8681324997043385,7.2,53.0,-1.8681324997043385
1771879194.450972,2.6380971171297705,3.873903299556041,7.2,53.0,-1.8739032995560412
1771879194.4551198,2.654283625194114,3.8847619354424534,7.2,53.0,-1.8847619354424534
1771879194.4552004,2.654283625194114,3.8847619354424534,7.2,53.0,-1.8847619354424534
1771879194.4592867,2.6704907807697382,3.889717338149774,7.2,53.0,-1.889717338149774
1771879194.4593592,2.6704907807697382,3.889717338149774,7.2,53.0,-1.889717338149774
1771879194.4635003,2.68666652536037,3.8821787017516103,7.2,53.0,-1.8821787017516103
1771879194.4676337,2.702861511440349,3.8867966591949177,7.2,53.0,-1.8867966591949177
1771879194.4677284,2.702861511440349,3.8867966591949177,7.2,53.0,-1.8867966591949177
1771879194.4718134,2.718910320906162,3.851714271795002,7.2,53.0,-1.851714271795002
1771879194.4759285,2.7349752178170914,3.855575258623114,7.2,53.0,-1.855575258623114
1771879194.4760058,2.7349752178170914,3.855575258623114,7.2,53.0,-1.855575258623114
1771879194.4800966,2.7510575867961196,3.859768554966762,7.2,53.0,-1.8597685549667622
1771879194.480221,2.7510575867961196,3.859768554966762,7.2,53.0,-1.8597685549667622
1771879194.4842591,2.767143469615408,3.8606118766291773,7.2,53.0,-1.8606118766291773
1771879194.4884655,2.783338294569789,3.8867579890515196,7.2,53.0,-1.8867579890515196
1771879194.4885566,2.783338294569789,3.8867579890515196,7.2,53.0,-1.8867579890515196
1771879194.492665,2.79949832945985,3.8784083736145436,7.2,53.0,-1.8784083736145436
1771879194.4968092,2.815844951172006,3.9231892109173927,7.2,53.0,-1.9231892109173927
1771879194.4968936,2.815844951172006,3.9231892109173927,7.2,53.0,-1.9231892109173927
1771879194.5009823,2.8321229708812807,3.906724730225984,7.2,53.0,-1.9067247302259842
1771879194.501086,2.8321229708812807,3.906724730225984,7.2,53.0,-1.9067247302259842
1771879194.5051305,2.848619415092817,3.9591466107686246,7.2,53.0,-1.9591466107686246
1771879194.509383,2.8650178838506726,3.9356325018853346,7.2,53.0,-1.9356325018853346
1771879194.5094697,2.8650178838506726,3.9356325018853346,7.2,53.0,-1.9356325018853346
1771879194.5135224,2.881502078806632,3.9562067894302877,7.2,53.0,-1.9562067894302877
1771879194.5136502,2.881502078806632,3.9562067894302877,7.2,53.0,-1.9562067894302877
1771879194.517692,2.8979013774691444,3.9358316790030017,7.2,53.0,-1.9358316790030017
1771879194.5218008,2.914325237477062,3.9417264019002016,7.2,53.0,-1.9417264019002016
1771879194.5218825,2.914325237477062,3.9417264019002016,7.2,53.0,-1.9417264019002016
1771879194.5259907,2.9306932759467084,3.9283292327152046,7.2,53.0,-1.9283292327152046
1771879194.5260763,2.9306932759467084,3.9283292327152046,7.2,53.0,-1.9283292327152046
1771879194.5301208,2.9470840284821067,3.9337806084955798,7.2,53.0,-1.9337806084955798
1771879194.5343213,2.9634278190316703,3.92250973189528,7.2,53.0,-1.9225097318952802
1771879194.5344255,2.9634278190316703,3.92250973189528,7.2,53.0,-1.9225097318952802
1771879194.5386336,2.979781637206912,3.9249163620580947,7.2,53.0,-1.9249163620580947
1771879194.5427485,2.9961728037903135,3.9338799800163105,7.2,53.0,-1.9338799800163105
1771879194.5428312,2.9961728037903135,3.9338799800163105,7.2,53.0,-1.9338799800163105
1771879194.5468593,3.012738315016546,3.975722694295792,7.2,53.0,-1.9757226942957922
1771879194.5470374,3.012738315016546,3.975722694295792,7.2,53.0,-1.9757226942957922
1771879194.5509982,3.029397609897373,3.9982307713985397,7.2,53.0,-1.9982307713985397
1771879194.5551648,3.046188641314131,4.029847540021915,7.2,53.0,-2.0298475400219154
1771879194.5552793,3.046188641314131,4.029847540021915,7.2,53.0,-2.0298475400219154
1771879194.5593152,3.0630595416492685,4.049016080432984,7.2,53.0,-2.0490160804329838
1771879194.5594156,3.0630595416492685,4.049016080432984,7.2,53.0,-2.0490160804329838
1771879194.5634716,3.079918856733866,4.046235620303358,7.2,53.0,-2.0462356203033583
1771879194.5676725,3.0968757739530237,4.0696601325979325,7.2,53.0,-2.0696601325979325
1771879194.5678089,3.0968757739530237,4.0696601325979325,7.2,53.0,-2.0696601325979325
1771879194.5718524,3.1137964136961607,4.06095353835284,7.2,53.0,-2.06095353835284
1771879194.571955,3.1137964136961607,4.06095353835284,7.2,53.0,-2.06095353835284
1771879194.575997,3.1308200321911963,4.085668438808529,7.2,53.0,-2.085668438808529
1771879194.5760827,3.1308200321911963,4.085668438808529,7.2,53.0,-2.085668438808529
1771879194.5801015,3.147922998859682,4.104712000436514,7.2,53.0,-2.104712000436514
1771879194.584332,3.1651034439657555,4.123306825457612,7.2,53.0,-2.123306825457612
1771879194.5844743,3.1651034439657555,4.123306825457612,7.2,53.0,-2.123306825457612
1771879194.5886626,3.1822945019377364,4.125853913275422,7.2,53.0,-2.1258539132754217
1771879194.5887642,3.1822945019377364,4.125853913275422,7.2,53.0,-2.1258539132754217
1771879194.5926814,3.199527953079966,4.13602827413506,7.2,53.0,-2.13602827413506
1771879194.596852,3.2167359762222563,4.1299255541497315,7.2,53.0,-2.1299255541497315
1771879194.5969355,3.2167359762222563,4.1299255541497315,7.2,53.0,-2.1299255541497315
1771879194.6009314,3.233966259917855,4.13526808694368,7.2,53.0,-2.1352680869436798
1771879194.6010005,3.233966259917855,4.13526808694368,7.2,53.0,-2.1352680869436798
1771879194.6051433,3.2510983164233087,4.1116935613089325,7.2,53.0,-2.1116935613089325
1771879194.6052384,3.2510983164233087,4.1116935613089325,7.2,53.0,-2.1116935613089325
1771879194.609326,3.2682507327964303,4.116579929549138,7.2,53.0,-2.116579929549138
1771879194.6134915,3.2853253687652972,4.097912632528096,7.2,53.0,-2.0979126325280957
1771879194.6135867,3.2853253687652972,4.097912632528096,7.2,53.0,-2.0979126325280957
1771879194.6178117,3.302408153471034,4.099868329376827,7.2,53.0,-2.099868329376827
1771879194.6179218,3.302408153471034,4.099868329376827,7.2,53.0,-2.099868329376827
1771879194.6218255,3.319449119059495,4.089831741230612,7.2,53.0,-2.089831741230612
1771879194.6259754,3.3365103801349805,4.094702658116512,7.2,53.0,-2.0947026581165122
1771879194.626102,3.3365103801349805,4.094702658116512,7.2,53.0,-2.0947026581165122
1771879194.6301816,3.353659586861056,4.115809614258112,7.2,53.0,-2.1158096142581124
1771879194.6303303,3.353659586861056,4.115809614258112,7.2,53.0,-2.1158096142581124
1771879194.634332,3.37083009477481,4.120921899300946,7.2,53.0,-2.1209218993009458
1771879194.6344414,3.37083009477481,4.120921899300946,7.2,53.0,-2.1209218993009458
1771879194.638484,3.3880441575893956,4.131375075500581,7.2,53.0,-2.131375075500581
1771879194.6426303,3.4052802029750535,4.136650892557953,7.2,53.0,-2.1366508925579533
1771879194.6427352,3.4052802029750535,4.136650892557953,7.2,53.0,-2.1366508925579533
1771879194.646833,3.422521736395367,4.137968020875297,7.2,53.0,-2.137968020875297
1771879194.6469493,3.422521736395367,4.137968020875297,7.2,53.0,-2.137968020875297
1771879194.6509225,3.439785927646616,4.1434059002997605,7.2,53.0,-2.1434059002997605
1771879194.655187,3.4570205109142864,4.136299984240847,7.2,53.0,-2.136299984240847
1771879194.6553044,3.4570205109142864,4.136299984240847,7.2,53.0,-2.136299984240847
1771879194.6594186,3.474369853718343,4.163842272973611,7.2,53.0,-2.1638422729736106
1771879194.6595683,3.474369853718343,4.163842272973611,7.2,53.0,-2.1638422729736106
1771879194.6636236,3.4917075775059088,4.161053709015838,7.2,53.0,-2.161053709015838
1771879194.663737,3.4917075775059088,4.161053709015838,7.2,53.0,-2.161053709015838
1771879194.6676624,3.50912395454755,4.179930489993961,7.2,53.0,-2.1799304899939607
1771879194.6720169,3.526528032200842,4.17697863679007,7.2,53.0,-2.1769786367900696
1771879194.672165,3.526528032200842,4.17697863679007,7.2,53.0,-2.1769786367900696
1771879194.6759903,3.5439878990285965,4.1903680386610604,7.2,53.0,-2.1903680386610604
1771879194.67611,3.5439878990285965,4.1903680386610604,7.2,53.0,-2.1903680386610604
1771879194.6801476,3.5614342462833557,4.187123341142218,7.2,53.0,-2.187123341142218
1771879194.6802683,3.5614342462833557,4.187123341142218,7.2,53.0,-2.187123341142218
1771879194.6843367,3.5789271292263396,4.1982919063161654,7.2,53.0,-2.1982919063161654
1771879194.6885645,3.596411986766688,4.196365809683621,7.2,53.0,-2.1963658096836207
1771879194.688748,3.596411986766688,4.196365809683621,7.2,53.0,-2.1963658096836207
1771879194.692648,3.613941756016627,4.207144619985353,7.2,53.0,-2.2071446199853533
1771879194.6928294,3.613941756016627,4.207144619985353,7.2,53.0,-2.2071446199853533
1771879194.6968262,3.6314706633363953,4.206937756744364,7.2,53.0,-2.206937756744364
1771879194.696948,3.6314706633363953,4.206937756744364,7.2,53.0,-2.206937756744364
1771879194.700955,3.649053461214275,4.219871490691118,7.2,53.0,-2.2198714906911183
1771879194.7051475,3.666648256184232,4.222750792789638,7.2,53.0,-2.222750792789638
1771879194.7052364,3.666648256184232,4.222750792789638,7.2,53.0,-2.222750792789638
1771879194.709322,3.6842581897156856,4.226384047548933,7.2,53.0,-2.226384047548933
1771879194.709453,3.6842581897156856,4.226384047548933,7.2,53.0,-2.226384047548933
1771879194.713508,3.702051549845563,4.2704064311704935,7.2,53.0,-2.2704064311704935
1771879194.7136698,3.702051549845563,4.2704064311704935,7.2,53.0,-2.2704064311704935
1771879194.7176278,3.719859852903031,4.273992733792347,7.2,53.0,-2.2739927337923467
1771879194.7218401,3.7377771185648987,4.300143758848309,7.2,53.0,-2.300143758848309
1771879194.7219615,3.7377771185648987,4.300143758848309,7.2,53.0,-2.300143758848309
1771879194.725918,3.7557091928236157,4.3036978220921265,7.2,53.0,-2.3036978220921265
1771879194.7260013,3.7557091928236157,4.3036978220921265,7.2,53.0,-2.3036978220921265
1771879194.7301316,3.7737076295067826,4.319624803960113,7.2,53.0,-2.319624803960113
1771879194.7302577,3.7737076295067826,4.319624803960113,7.2,53.0,-2.319624803960113
1771879194.7342691,3.791720763530547,4.323152165703427,7.2,53.0,-2.3231521657034273
1771879194.734422,3.791720763530547,4.323152165703427,7.2,53.0,-2.3231521657034273
1771879194.7384877,3.8097676866111305,4.331261539340043,7.2,53.0,-2.3312615393400433
1771879194.742641,3.8278292216687566,4.334768413830233,7.2,53.0,-2.3347684138302327
1771879194.7427497,3.8278292216687566,4.334768413830233,7.2,53.0,-2.3347684138302327
1771879194.746899,3.8459127286709403,4.340041680524022,7.2,53.0,-2.3400416805240223
1771879194.747015,3.8459127286709403,4.340041680524022,7.2,53.0,-2.3400416805240223
1771879194.751018,3.8640107729336433,4.343530623048723,7.2,53.0,-2.343530623048723
1771879194.7511287,3.8640107729336433,4.343530623048723,7.2,53.0,-2.343530623048723
1771879194.7551928,3.8821476556484424,4.352851851551814,7.2,53.0,-2.352851851551814
1771879194.7553203,3.8821476556484424,4.352851851551814,7.2,53.0,-2.352851851551814
1771879194.7592874,3.900190419915882,4.330263424185481,7.2,53.0,-2.330263424185481
1771879194.759392,3.900190419915882,4.330263424185481,7.2,53.0,-2.330263424185481
1771879194.7635837,3.9182530895133985,4.335040703403988,7.2,53.0,-2.3350407034039877
1771879194.7676375,3.936386155022463,4.35193572217546,7.2,53.0,-2.35193572217546
1771879194.7677226,3.936386155022463,4.35193572217546,7.2,53.0,-2.35193572217546
1771879194.771852,3.9545173960602655,4.351497849072609,7.2,53.0,-2.351497849072609
1771879194.7719977,3.9545173960602655,4.351497849072609,7.2,53.0,-2.351497849072609
1771879194.7759547,3.9727205208042364,4.368749938552981,7.2,53.0,-2.3687499385529813
1771879194.776051,3.9727205208042364,4.368749938552981,7.2,53.0,-2.3687499385529813
1771879194.7801647,3.9909372731202124,4.3720205558341885,7.2,53.0,-2.3720205558341885
1771879194.7803352,3.9909372731202124,4.3720205558341885,7.2,53.0,-2.3720205558341885
1771879194.784286,4.009073033659933,4.352582529533117,7.2,53.0,-2.352582529533117
1771879194.7886002,4.0272266036962545,4.356856808716982,7.2,53.0,-2.356856808716982
1771879194.7887976,4.0272266036962545,4.356856808716982,7.2,53.0,-2.356856808716982
1771879194.7927299,4.045288730371457,4.334910402048646,7.2,53.0,-2.3349104020486458
1771879194.79292,4.045288730371457,4.334910402048646,7.2,53.0,-2.3349104020486458
1771879194.7967963,4.063365161196503,4.338343398011193,7.2,53.0,-2.338343398011193
1771879194.7968874,4.063365161196503,4.338343398011193,7.2,53.0,-2.338343398011193
1771879194.8009925,4.081376377457035,4.322691902527647,7.2,53.0,-2.322691902527647
1771879194.8011487,4.081376377457035,4.322691902527647,7.2,53.0,-2.322691902527647
1771879194.8051515,4.099505139363602,4.350902857576143,7.2,53.0,-2.350902857576143
1771879194.8093252,4.117572534576606,4.336174851120898,7.2,53.0,-2.336174851120898
1771879194.8094215,4.117572534576606,4.336174851120898,7.2,53.0,-2.336174851120898
1771879194.8135762,4.1357785584757,4.369445735782536,7.2,53.0,-2.369445735782536
1771879194.8137083,4.1357785584757,4.369445735782536,7.2,53.0,-2.369445735782536
1771879194.8176599,4.153939131149216,4.358537441643991,7.2,53.0,-2.358537441643991
1771879194.8177667,4.153939131149216,4.358537441643991,7.2,53.0,-2.358537441643991
1771879194.8219213,4.1722261266855085,4.388878928710089,7.2,53.0,-2.3888789287100893
1771879194.8220656,4.1722261266855085,4.388878928710089,7.2,53.0,-2.3888789287100893
1771879194.8260093,4.1904809332548485,4.381153576641622,7.2,53.0,-2.381153576641622
1771879194.8261724,4.1904809332548485,4.381153576641622,7.2,53.0,-2.381153576641622
1771879194.83026,4.208813564275609,4.399831444982403,7.2,53.0,-2.3998314449824028
1771879194.834425,4.227248738565076,4.424441829472281,7.2,53.0,-2.424441829472281
1771879194.8345656,4.227248738565076,4.424441829472281,7.2,53.0,-2.424441829472281
1771879194.8385212,4.245748024214664,4.439828555901119,7.2,53.0,-2.4398285559011192
1771879194.8386698,4.245748024214664,4.439828555901119,7.2,53.0,-2.4398285559011192
1771879194.8426824,4.2644437371230905,4.486971098022313,7.2,53.0,-2.4869710980223134
1771879194.842849,4.2644437371230905,4.486971098022313,7.2,53.0,-2.4869710980223134
1771879194.8468127,4.283061887679027,4.468356133424699,7.2,53.0,-2.468356133424699
1771879194.8469105,4.283061887679027,4.468356133424699,7.2,53.0,-2.468356133424699
1771879194.851014,4.301827980721393,4.503862330167934,7.2,53.0,-2.5038623301679337
1771879194.8511162,4.301827980721393,4.503862330167934,7.2,53.0,-2.5038623301679337
1771879194.855172,4.320533097231725,4.489227962479611,7.2,53.0,-2.489227962479611
1771879194.8553185,4.320533097231725,4.489227962479611,7.2,53.0,-2.489227962479611
1771879194.85934,4.33930309416847,4.50479926481866,7.2,53.0,-2.5047992648186597
1771879194.8635638,4.357938161173323,4.472416081164949,7.2,53.0,-2.4724160811649494
1771879194.863701,4.357938161173323,4.472416081164949,7.2,53.0,-2.4724160811649494
1771879194.867642,4.376607208282141,4.48057130611619,7.2,53.0,-2.4805713061161896
1771879194.8677194,4.376607208282141,4.48057130611619,7.2,53.0,-2.4805713061161896
1771879194.871813,4.395277283534961,4.480818060676891,7.2,53.0,-2.4808180606768913
1771879194.871907,4.395277283534961,4.480818060676891,7.2,53.0,-2.4808180606768913
1771879194.875954,4.413960859652008,4.484058268091291,7.2,53.0,-2.4840582680912906
1771879194.8760767,4.413960859652008,4.484058268091291,7.2,53.0,-2.4840582680912906
1771879194.8801486,4.432654625159505,4.486503721799267,7.2,53.0,-2.4865037217992674
1771879194.8802857,4.432654625159505,4.486503721799267,7.2,53.0,-2.4865037217992674
1771879194.8842938,4.451361841780388,4.489731989011885,7.2,53.0,-2.4897319890118847
1771879194.8844175,4.451361841780388,4.489731989011885,7.2,53.0,-2.4897319890118847
1771879194.8885517,4.470048891977948,4.484892047414322,7.2,53.0,-2.4848920474143217
1771879194.8886647,4.470048891977948,4.484892047414322,7.2,53.0,-2.4848920474143217
1771879194.8927398,4.488749364737389,4.488113462265992,7.2,53.0,-2.488113462265992
1771879194.8969686,4.507448454028212,4.487781429797357,7.2,53.0,-2.487781429797357
1771879194.897077,4.507448454028212,4.487781429797357,7.2,53.0,-2.487781429797357
1771879194.9010608,4.526227083646129,4.506871108300097,7.2,53.0,-2.506871108300097
1771879194.9011288,4.526227083646129,4.506871108300097,7.2,53.0,-2.506871108300097
1771879194.9052134,4.545005552233695,4.506832461015943,7.2,53.0,-2.506832461015943
1771879194.9053392,4.545005552233695,4.506832461015943,7.2,53.0,-2.506832461015943
1771879194.909471,4.563911701149042,4.537475739683193,7.2,53.0,-2.5374757396831926
1771879194.9095678,4.563911701149042,4.537475739683193,7.2,53.0,-2.5374757396831926
1771879194.9135773,4.582823806799129,4.538905356020841,7.2,53.0,-2.538905356020841
1771879194.9136956,4.582823806799129,4.538905356020841,7.2,53.0,-2.538905356020841
1771879194.9180114,4.601707337652271,4.5320474047540795,7.2,53.0,-2.5320474047540795
1771879194.9181468,4.601707337652271,4.5320474047540795,7.2,53.0,-2.5320474047540795
1771879194.92196,4.6207194452360945,4.5629058201176145,7.2,53.0,-2.5629058201176145
1771879194.922085,4.6207194452360945,4.5629058201176145,7.2,53.0,-2.5629058201176145
1771879194.9262037,4.639708168124329,4.557293493176294,7.2,53.0,-2.557293493176294
1771879194.9302902,4.65877182221968,4.575276982884083,7.2,53.0,-2.575276982884083
1771879194.930418,4.65877182221968,4.575276982884083,7.2,53.0,-2.575276982884083
1771879194.9346073,4.677796775537168,4.5659887961972,7.2,53.0,-2.5659887961971997
1771879194.9347134,4.677796775537168,4.5659887961972,7.2,53.0,-2.5659887961971997
1771879194.938939,4.696892921316732,4.583074987095571,7.2,53.0,-2.5830749870955714
1771879194.9391606,4.696892921316732,4.583074987095571,7.2,53.0,-2.5830749870955714
1771879194.9428477,4.715969080297261,4.578278155326776,7.2,53.0,-2.5782781553267764
1771879194.9429445,4.715969080297261,4.578278155326776,7.2,53.0,-2.5782781553267764
1771879194.9472952,4.735477643808326,4.682055242655732,7.2,53.0,-2.682055242655732
1771879194.947406,4.735477643808326,4.682055242655732,7.2,53.0,-2.682055242655732
1771879194.9512558,4.755313729888075,4.760660659139758,7.2,53.0,-2.7606606591397584
1771879194.9514124,4.755313729888075,4.760660659139758,7.2,53.0,-2.7606606591397584
1771879194.955372,4.775337635715996,4.805737398700883,7.2,53.0,-2.8057373987008827
1771879194.9554582,4.775337635715996,4.805737398700883,7.2,53.0,-2.8057373987008827
1771879194.95972,4.795487454379665,4.83595647928052,7.2,53.0,-2.8359564792805196
1771879194.9598365,4.795487454379665,4.83595647928052,7.2,53.0,-2.8359564792805196
1771879194.9637697,4.815831459337556,4.882561189893771,7.2,53.0,-2.882561189893771
1771879194.963921,4.815831459337556,4.882561189893771,7.2,53.0,-2.882561189893771
1771879194.968029,4.836270034586556,4.905258059759882,7.2,53.0,-2.9052580597598823
1771879194.9681704,4.836270034586556,4.905258059759882,7.2,53.0,-2.9052580597598823
1771879194.9720316,4.856750011775569,4.915194525363081,7.2,53.0,-2.9151945253630807
1771879194.97216,4.856750011775569,4.915194525363081,7.2,53.0,-2.9151945253630807
1771879194.9760985,4.877323765450523,4.9377008819891,7.2,53.0,-2.9377008819891
1771879194.976189,4.877323765450523,4.9377008819891,7.2,53.0,-2.9377008819891
1771879194.9802775,4.897922246278148,4.943635398630122,7.2,53.0,-2.9436353986301222
1771879194.980382,4.897922246278148,4.943635398630122,7.2,53.0,-2.9436353986301222
1771879194.984512,4.918566169183868,4.954541497372733,7.2,53.0,-2.954541497372733
1771879194.9845958,4.918566169183868,4.954541497372733,7.2,53.0,-2.954541497372733
1771879194.9885738,4.939237872394875,4.961208770641678,7.2,53.0,-2.9612087706416776
1771879194.9886725,4.939237872394875,4.961208770641678,7.2,53.0,-2.9612087706416776
1771879194.992726,4.959890705896514,4.956680040393519,7.2,53.0,-2.956680040393519
1771879194.9927993,4.959890705896514,4.956680040393519,7.2,53.0,-2.956680040393519
1771879194.996892,4.980627609012994,4.9768567479550825,7.2,53.0,-2.9768567479550825
1771879194.9969895,4.980627609012994,4.9768567479550825,7.2,53.0,-2.9768567479550825
1771879194.9970791,4.980627609012994,4.9768567479550825,7.2,53.0,-2.9768567479550825
1771879195.0010078,5.00133866021942,4.970652289542333,7.2,53.0,-2.9706522895423326
1771879195.001124,5.00133866021942,4.970652289542333,7.2,53.0,-2.9706522895423326
1771879195.00536,5.022053943773783,4.971668053047125,7.2,53.0,-2.971668053047125
1771879195.0054774,5.022053943773783,4.971668053047125,7.2,53.0,-2.971668053047125
1771879195.0094104,5.042784881644017,4.975425088856014,7.2,53.0,-2.9754250888560136
1771879195.0095036,5.042784881644017,4.975425088856014,7.2,53.0,-2.9754250888560136
1771879195.0135064,5.063481261993388,4.967131283849262,7.2,53.0,-2.9671312838492616
1771879195.0136237,5.063481261993388,4.967131283849262,7.2,53.0,-2.9671312838492616
1771879195.0176969,5.0841406234905815,4.95824675932645,7.2,53.0,-2.9582467593264496
1771879195.0177944,5.0841406234905815,4.95824675932645,7.2,53.0,-2.9582467593264496
1771879195.0218782,5.10476046036871,4.948760850750841,7.2,53.0,-2.9487608507508414
1771879195.0219834,5.10476046036871,4.948760850750841,7.2,53.0,-2.9487608507508414
1771879195.0260656,5.125378374335253,4.948299351970387,7.2,53.0,-2.9482993519703866
1771879195.0261455,5.125378374335253,4.948299351970387,7.2,53.0,-2.9482993519703866
1771879195.03018,5.145950734740581,4.937366497278742,7.2,53.0,-2.9373664972787417
1771879195.0302985,5.145950734740581,4.937366497278742,7.2,53.0,-2.9373664972787417
1771879195.0344045,5.166597931387741,4.955327195318257,7.2,53.0,-2.955327195318257
1771879195.0345173,5.166597931387741,4.955327195318257,7.2,53.0,-2.955327195318257
1771879195.0384867,5.1872278331166,4.9511764149262145,7.2,53.0,-2.9511764149262145
1771879195.0385683,5.1872278331166,4.9511764149262145,7.2,53.0,-2.9511764149262145
1771879195.0427704,5.207901536708522,4.961688862061379,7.2,53.0,-2.9616888620613793
1771879195.0429187,5.207901536708522,4.961688862061379,7.2,53.0,-2.9616888620613793
1771879195.0469484,5.228388662847959,4.916910273464796,7.2,53.0,-2.9169102734647963
1771879195.0470505,5.228388662847959,4.916910273464796,7.2,53.0,-2.9169102734647963
1771879195.0510583,5.248811090180227,4.901382559744462,7.2,53.0,-2.9013825597444622
1771879195.0511763,5.248811090180227,4.901382559744462,7.2,53.0,-2.9013825597444622
1771879195.0551732,5.269099275176846,4.869164399188707,7.2,53.0,-2.8691643991887066
1771879195.0552602,5.269099275176846,4.869164399188707,7.2,53.0,-2.8691643991887066
1771879195.0594149,5.288109479897681,4.562449133000354,7.2,53.0,-2.562449133000354
1771879195.0595093,5.288109479897681,4.562449133000354,7.2,53.0,-2.562449133000354
1771879195.0636303,5.306223409981668,4.347343220156921,7.2,53.0,-2.3473432201569207
1771879195.063725,5.306223409981668,4.347343220156921,7.2,53.0,-2.3473432201569207
1771879195.067916,5.3229632149108905,4.017553183013257,7.2,53.0,-2.0175531830132574
1771879195.0679898,5.3229632149108905,4.017553183013257,7.2,53.0,-2.0175531830132574
1771879195.0718715,5.3391085841478185,3.87488861686264,7.2,53.0,-1.87488861686264
1771879195.076011,5.3546920935594695,3.740042258796274,7.2,53.0,-1.740042258796274
1771879195.0760946,5.3546920935594695,3.740042258796274,7.2,53.0,-1.740042258796274
1771879195.0801454,5.3698615087688575,3.6406596502530952,7.2,53.0,-1.6406596502530952
1771879195.0844116,5.384560547466288,3.527769287383269,7.2,53.0,-1.527769287383269
1771879195.084504,5.384560547466288,3.527769287383269,7.2,53.0,-1.527769287383269
1771879195.0885494,5.3989582292738865,3.455443633823603,7.2,53.0,-1.4554436338236032
1771879195.0927348,5.413290650888828,3.439781187586055,7.2,53.0,-1.4397811875860551
1771879195.0928462,5.413290650888828,3.439781187586055,7.2,53.0,-1.4397811875860551
1771879195.0968697,5.42736543166389,3.3779473860149505,7.2,53.0,-1.3779473860149505
1771879195.1010125,5.441401788226216,3.368725574958098,7.2,53.0,-1.368725574958098
1771879195.1010966,5.441401788226216,3.368725574958098,7.2,53.0,-1.368725574958098
1771879195.105157,5.455202505061488,3.3121720404653323,7.2,53.0,-1.3121720404653323
1771879195.1093242,5.468983851238501,3.3075230824832293,7.2,53.0,-1.3075230824832293
1771879195.1135685,5.482545671452385,3.254836851332382,7.2,53.0,-1.254836851332382
1771879195.11369,5.482545671452385,3.254836851332382,7.2,53.0,-1.254836851332382
1771879195.1177397,5.496067758245944,3.245300830454204,7.2,53.0,-1.245300830454204
1771879195.1218836,5.509370696244175,3.192705119575356,7.2,53.0,-1.192705119575356
1771879195.1260138,5.522667256212661,3.1911743924366407,7.2,53.0,-1.1911743924366407
1771879195.1260943,5.522667256212661,3.1911743924366407,7.2,53.0,-1.1911743924366407
1771879195.130221,5.535871480648111,3.1690138645078423,7.2,53.0,-1.1690138645078423
1771879195.13437,5.549060055247388,3.1652579038265567,7.2,53.0,-1.1652579038265567
1771879195.1384525,5.562259325309571,3.1678248149241135,7.2,53.0,-1.1678248149241135
1771879195.1385422,5.562259325309571,3.1678248149241135,7.2,53.0,-1.1678248149241135
1771879195.142653,5.575433521441577,3.161807071681365,7.2,53.0,-1.1618070716813649
1771879195.1467822,5.588618351258052,3.164359155953925,7.2,53.0,-1.164359155953925
1771879195.1509917,5.601767174530343,3.155717585349771,7.2,53.0,-1.155717585349771
1771879195.1510682,5.601767174530343,3.155717585349771,7.2,53.0,-1.155717585349771
1771879195.1551242,5.614926606685648,3.1582637172731993,7.2,53.0,-1.1582637172731993
1771879195.1593034,5.628022663719123,3.143053688033952,7.2,53.0,-1.1430536880339521
1771879195.1634204,5.6411284465130755,3.1453878705485794,7.2,53.0,-1.1453878705485794
1771879195.163487,5.6411284465130755,3.1453878705485794,7.2,53.0,-1.1453878705485794
1771879195.167746,5.654192991573846,3.1354908145848848,7.2,53.0,-1.1354908145848848
1771879195.171787,5.667252367707878,3.13425027216762,7.2,53.0,-1.1342502721676202
1771879195.1759708,5.680254881616486,3.120603338066055,7.2,53.0,-1.1206033380660552
1771879195.176085,5.680254881616486,3.120603338066055,7.2,53.0,-1.1206033380660552
1771879195.1801019,5.693238333672637,3.1160284934761453,7.2,53.0,-1.1160284934761453
1771879195.1842504,5.706228737221172,3.1176968516485513,7.2,53.0,-1.1176968516485513
1771879195.1884675,5.719172591779234,3.1065250939347195,7.2,53.0,-1.1065250939347195
1771879195.1926131,5.732115692786578,3.1063442417625238,7.2,53.0,-1.1063442417625238
1771879195.192742,5.732115692786578,3.1063442417625238,7.2,53.0,-1.1063442417625238
1771879195.1968133,5.744944628250438,3.0789445113263216,7.2,53.0,-1.0789445113263216
1771879195.2009568,5.7577556611204965,3.0746478888141877,7.2,53.0,-1.0746478888141877
1771879195.2051399,5.770526789200128,3.065070739111556,7.2,53.0,-1.065070739111556
1771879195.2052467,5.770526789200128,3.065070739111556,7.2,53.0,-1.065070739111556
1771879195.2093334,5.783262858130013,3.0566565431725055,7.2,53.0,-1.0566565431725055
1771879195.2135522,5.795932909002513,3.0408122093999563,7.2,53.0,-1.0408122093999563
1771879195.2176695,5.808520882781406,3.0211137069344085,7.2,53.0,-1.0211137069344085
1771879195.2218585,5.821096829870223,3.0182273013161054,7.2,53.0,-1.0182273013161054
1771879195.22194,5.821096829870223,3.0182273013161054,7.2,53.0,-1.0182273013161054
1771879195.2259564,5.833644983180509,3.011556794468663,7.2,53.0,-1.011556794468663
1771879195.230119,5.846156077760441,3.0026626991838086,7.2,53.0,-1.0026626991838086
1771879195.2342882,5.858600283998483,2.9866094971300905,7.2,53.0,-0.9866094971300905
1771879195.238485,5.870969037954427,2.9685009494263372,7.2,53.0,-0.9685009494263372
1771879195.2385757,5.870969037954427,2.9685009494263372,7.2,53.0,-0.9685009494263372
1771879195.24266,5.883323958735268,2.965180987401812,7.2,53.0,-0.965180987401812
1771879195.2468386,5.895635538380025,2.954779114741698,7.2,53.0,-0.9547791147416982
1771879195.25102,5.907904607466193,2.9445765806802218,7.2,53.0,-0.9445765806802218
1771879195.2552085,5.920092191746487,2.925020227270488,7.2,53.0,-0.9250202272704882
1771879195.2553244,5.920092191746487,2.925020227270488,7.2,53.0,-0.9250202272704882
1771879195.2593825,5.932163248961925,2.897053731705227,7.2,53.0,-0.8970537317052272
1771879195.2634568,5.94421230279591,2.8917729201565154,7.2,53.0,-0.8917729201565154
1771879195.2676485,5.956211196042187,2.8797343791062002,7.2,53.0,-0.8797343791062002
1771879195.271846,5.968157206683337,2.8670425538759767,7.2,53.0,-0.8670425538759767
1771879195.275981,5.980003411883843,2.84308924812163,7.2,53.0,-0.8430892481216299
1771879195.2760968,5.980003411883843,2.84308924812163,7.2,53.0,-0.8430892481216299
1771879195.2802465,5.991728001445144,2.813901494712042,7.2,53.0,-0.813901494712042
1771879195.2843218,6.003424349219333,2.8071234658054376,7.2,53.0,-0.8071234658054376
1771879195.288523,6.015055270630512,2.7914211386828436,7.2,53.0,-0.7914211386828436
1771879195.2927825,6.026623099138922,2.7762788420183218,7.2,53.0,-0.7762788420183218
1771879195.2968104,6.038177036895173,2.7729450615003484,7.2,53.0,-0.7729450615003484
1771879195.3010538,6.049685536902642,2.762040001792445,7.2,53.0,-0.7620400017924451
1771879195.3051276,6.061145621421476,2.7504202845201076,7.2,53.0,-0.7504202845201076
1771879195.3052197,6.061145621421476,2.7504202845201076,7.2,53.0,-0.7504202845201076
1771879195.3092968,6.072514562277939,2.7285458055510343,7.2,53.0,-0.7285458055510343
1771879195.3134644,6.083762354405649,2.699470110650321,7.2,53.0,-0.6994701106503212
1771879195.3176656,6.09492687479761,2.6794848940706935,7.2,53.0,-0.6794848940706935
1771879195.321848,6.106031892870875,2.665204337583504,7.2,53.0,-0.665204337583504
1771879195.325987,6.11706359129602,2.647607622034766,7.2,53.0,-0.6476076220347662
1771879195.330149,6.128073180657502,2.6423014467556474,7.2,53.0,-0.6423014467556474
1771879195.3343053,6.13903754522089,2.6314474952131097,7.2,53.0,-0.6314474952131097
1771879195.338477,6.1499391273868405,2.616379719828236,7.2,53.0,-0.6163797198282359
1771879195.3426409,6.160746185483013,2.593693943081367,7.2,53.0,-0.5936939430813668
1771879195.342745,6.160746185483013,2.593693943081367,7.2,53.0,-0.5936939430813668
1771879195.3468504,6.171485282822843,2.577383361559227,7.2,53.0,-0.5773833615592272
1771879195.350984,6.182166516524589,2.563496088419025,7.2,53.0,-0.5634960884190252
1771879195.355227,6.192777317606805,2.54659225973202,7.2,53.0,-0.5465922597320199
1771879195.3592951,6.203365942780189,2.541270041612105,7.2,53.0,-0.5412700416121048
1771879195.3635375,6.213901417055483,2.528513826070795,7.2,53.0,-0.5285138260707951
1771879195.3677979,6.224368367232673,2.5120680425255224,7.2,53.0,-0.5120680425255224
1771879195.3718553,6.234725304333293,2.4856649041488224,7.2,53.0,-0.48566490414882235
1771879195.3759964,6.245040148538053,2.4755626091425147,7.2,53.0,-0.4755626091425147
1771879195.3802054,6.255291023330638,2.4602099502201153,7.2,53.0,-0.46020995022011535
1771879195.384387,6.265450541007759,2.438284242509042,7.2,53.0,-0.4382842425090421
1771879195.3884745,6.275580613672317,2.4312174394938966,7.2,53.0,-0.43121743949389657
1771879195.3926513,6.285644145865897,2.415247726459139,7.2,53.0,-0.415247726459139
1771879195.3969014,6.295585952964028,2.386033703551406,7.2,53.0,-0.38603370355140587
1771879195.4009614,6.305500147339241,2.37940665005122,7.2,53.0,-0.3794066500512199
1771879195.4052794,6.315344840456586,2.3627263481628384,7.2,53.0,-0.36272634816283844
1771879195.4093475,6.325105596128891,2.3425813613533113,7.2,53.0,-0.3425813613533113
1771879195.4135845,6.334835314726631,2.335132463457651,7.2,53.0,-0.33513246345765113
1771879195.4177096,6.344495571906896,2.318461723263621,7.2,53.0,-0.3184617232636211
1771879195.4218578,6.354130703740052,2.31243163995725,7.2,53.0,-0.31243163995725
1771879195.425947,6.363740812395626,2.306426077337964,7.2,53.0,-0.3064260773379641
1771879195.4301357,6.373280581930717,2.2895446884219304,7.2,53.0,-0.2895446884219304
1771879195.4343157,6.382795428174972,2.2835630986211424,7.2,53.0,-0.2835630986211424
1771879195.4385016,6.392261087051264,2.2717581303103365,7.2,53.0,-0.27175813031033647
1771879195.4426904,6.401653222906262,2.25411260519941,7.2,53.0,-0.2541126051994098
1771879195.4468505,6.411006278141422,2.2447332564384106,7.2,53.0,-0.2447332564384106
1771879195.4510462,6.4202826008845415,2.2263174583485896,7.2,53.0,-0.22631745834858963
1771879195.459455,6.438990562064754,2.265628078537083,7.2,53.0,-0.26562807853708303
1771879195.4637032,6.448437053717512,2.2671579966619047,7.2,53.0,-0.26715799666190465
1771879195.467971,6.458060028416597,2.3095139277802326,7.2,53.0,-0.30951392778023257
1771879195.4720984,6.467869642738962,2.35430743736759,7.2,53.0,-0.3543074373675901
1771879195.4762344,6.477743388794831,2.369699053408547,7.2,53.0,-0.36969905340854714
1771879195.4803731,6.487781003861768,2.409027616064851,7.2,53.0,-0.40902761606485116
1771879195.4844868,6.497904490325871,2.4296367513847303,7.2,53.0,-0.42963675138473034
1771879195.4886625,6.508029474645429,2.4299962366940546,7.2,53.0,-0.4299962366940546
1771879195.4929168,6.5182351002678915,2.4493501493908574,7.2,53.0,-0.4493501493908574
1771879195.4970703,6.528422171381244,2.4448970672046055,7.2,53.0,-0.44489706720460553
1771879195.5012708,6.538603462949268,2.4435099763259043,7.2,53.0,-0.4435099763259043
1771879195.5054636,6.548862265931488,2.4621127157327085,7.2,53.0,-0.4621127157327085
1771879195.5096822,6.559106005493296,2.4584974948339173,7.2,53.0,-0.45849749483391733
1771879195.5137823,6.569328886504993,2.4534914428071417,7.2,53.0,-0.4534914428071417
1771879195.5179214,6.579480595690291,2.436410204471571,7.2,53.0,-0.4364102044715712
1771879195.522,6.5896442149738,2.439268628042147,7.2,53.0,-0.43926862804214695
1771879195.5261683,6.599748713015761,2.425079530070564,7.2,53.0,-0.4250795300705641
1771879195.5303416,6.609754247615759,2.401328303999398,7.2,53.0,-0.401328303999398
1771879195.5344698,6.619723591983899,2.3926426483536987,7.2,53.0,-0.39264264835369866
1771879195.5386908,6.629632278807346,2.3780848376274406,7.2,53.0,-0.3780848376274406
1771879195.5427878,6.639528694329953,2.37513972542557,7.2,53.0,-0.37513972542557017
1771879195.547195,6.649395416370059,2.36801328962532,7.2,53.0,-0.3680132896253201
1771879195.551157,6.659190075997892,2.3507183106800853,7.2,53.0,-0.3507183106800853
1771879195.5553324,6.668967301161236,2.346534039202523,7.2,53.0,-0.3465340392025231
1771879195.5595965,6.678684604572917,2.332152818803342,7.2,53.0,-0.3321528188033418
1771879195.5636609,6.688313989837788,2.311052463569045,7.2,53.0,-0.31105246356904503
1771879195.5679784,6.69791242714571,2.30362495390115,7.2,53.0,-0.3036249539011502
1771879195.5720837,6.707419242220819,2.2816356180262645,7.2,53.0,-0.28163561802626447
1771879195.576132,6.716807953572634,2.2532907244357325,7.2,53.0,-0.25329072443573253
1771879195.580307,6.726097995564308,2.229610078001625,7.2,53.0,-0.2296100780016248
1771879195.5844536,6.735281680662175,2.204084423488264,7.2,53.0,-0.20408442348826394
1771879195.588577,6.744346536804133,2.1755654740698547,7.2,53.0,-0.17556547406985468
1771879195.592722,6.753372918154417,2.1663315240681604,7.2,53.0,-0.16633152406816043
1771879195.5969417,6.762404724343613,2.167633485406852,7.2,53.0,-0.16763348540685197
1771879195.6010892,6.771386717045395,2.1556782484276926,7.2,53.0,-0.15567824842769262
1771879195.6052513,6.780315231268111,2.142843413451948,7.2,53.0,-0.14284341345194784
1771879195.6136527,6.798069763922762,2.1225018826704196,7.2,53.0,-0.12250188267041962
1771879195.6178215,6.806819366573868,2.099904636265314,7.2,53.0,-0.0999046362653142
1771879195.621998,6.815550529650955,2.095479138500952,7.2,53.0,-0.09547913850095213
1771879195.626289,6.824217771096292,2.0801379468807877,7.2,53.0,-0.08013794688078768
1771879195.6303859,6.8328763252476525,2.0780529963265293,7.2,53.0,-0.07805299632652929
1771879195.6344824,6.841473246209884,2.063261030935509,7.2,53.0,-0.06326103093550905
1771879195.6386435,6.850084744780178,2.0667596568705147,7.2,53.0,-0.06675965687051466
1771879195.6472251,6.867537522019557,2.1030795806280635,7.2,53.0,-0.10307958062806355
1771879195.6511126,6.876278426604861,2.0978171004729957,7.2,53.0,-0.09781710047299574
1771879195.655209,6.885034357583556,2.1014234348866814,7.2,53.0,-0.10142343488668137
1771879195.6593397,6.893800553381653,2.103886991543416,7.2,53.0,-0.10388699154341596
1771879195.663573,6.902524362822752,2.0937142658637042,7.2,53.0,-0.09371426586370424
1771879195.667749,6.911280459581261,2.1014632220420655,7.2,53.0,-0.10146322204206548
1771879195.6760883,6.92857154512815,2.0624365422898627,7.2,53.0,-0.06243654228986273
1771879195.680375,6.937130959616508,2.0542594772056777,7.2,53.0,-0.0542594772056777
1771879195.6844282,6.9456949010761,2.0553459503021294,7.2,53.0,-0.05534595030212941
1771879195.6886854,6.954139052416864,2.02659632178334,7.2,53.0,-0.026596321783340038
1771879195.6927958,6.962520111610163,2.0114542063917056,7.2,53.0,-0.01145420639170558
1771879195.6969504,6.970864873932904,2.0027429574578526,7.2,53.0,-0.0027429574578525795
1771879195.7052197,6.987310883493297,1.9631094743818884,7.2,53.0,0.03689052561811157
1771879195.709483,6.995489522211282,1.9628732923163812,7.2,53.0,0.03712670768361881
1771879195.7136512,7.003667245083398,1.9626534893077865,7.2,53.0,0.03734651069221351
1771879195.717772,7.011795610868694,1.950807788470928,7.2,53.0,0.04919221152907194
1771879195.7260475,7.027910823497947,1.9358588446264062,7.2,53.0,0.06414115537359377
1771879195.730321,7.03603674646604,1.9502215123425444,7.2,53.0,0.04977848765745563
1771879195.7344902,7.044177723597681,1.953834511593833,7.2,53.0,0.04616548840616708
1771879195.7386322,7.052265839536711,1.9411478253670518,7.2,53.0,0.05885217463294823
1771879195.7427576,7.060359880140225,1.9425697448434105,7.2,53.0,0.057430255156589505
1771879195.7511086,7.076311015825874,1.90173289254832,7.2,53.0,0.0982671074516801
1771879195.7552722,7.0842062103829315,1.8948466936936335,7.2,53.0,0.10515330630636655
1771879195.7594552,7.0921005608292065,1.894644107106069,7.2,53.0,0.1053558928939311
1771879195.7677004,7.107742792407501,1.8667883570355754,7.2,53.0,0.13321164296442456
1771879195.7719421,7.11541625164963,1.84163021811089,7.2,53.0,0.1583697818891101
1771879195.776151,7.123101731738304,1.8445152212817817,7.2,53.0,0.1554847787182183
1771879195.7802813,7.130775611777378,1.841731209377729,7.2,53.0,0.15826879062227106
1771879195.7885072,7.145942021779789,1.8160498206405526,7.2,53.0,0.18395017935944735
1771879195.7927637,7.153507929385508,1.8158178253726462,7.2,53.0,0.18418217462735376
1771879195.79691,7.16102674170717,1.804514957198752,7.2,53.0,0.195485042801248
1771879195.8052683,7.176017184651878,1.7979614114480569,7.2,53.0,0.20203858855194312
1771879195.809358,7.18354453322096,1.806563656579854,7.2,53.0,0.19343634342014604
1771879195.8135803,7.1910231215689455,1.794861203516577,7.2,53.0,0.20513879648342304
1771879195.8219564,7.205749550748421,1.7645456789365044,7.2,53.0,0.23545432106349562
1771879195.8260624,7.213103779541744,1.7650149103976047,7.2,53.0,0.23498508960239528
1771879195.8302028,7.220415871816257,1.754902145883252,7.2,53.0,0.2450978541167479
1771879195.838651,7.2348909672057795,1.7358448635085815,7.2,53.0,0.26415513649141853
1771879195.8426867,7.242130554984246,1.737501066831952,7.2,53.0,0.26249893316804807
1771879195.851014,7.256592922469367,1.7309087286787004,7.2,53.0,0.2690912713212996
1771879195.8552425,7.263757373574204,1.7194682651608388,7.2,53.0,0.28053173483916116
1771879195.8595703,7.270920548791907,1.7191620522487898,7.2,53.0,0.2808379477512102
1771879195.86774,7.285408818468503,1.7359722143744267,7.2,53.0,0.2640277856255733
1771879195.8719118,7.292505674012699,1.7032453306069872,7.2,53.0,0.29675466939301276
1771879195.880196,7.306545687191599,1.6832182648016112,7.2,53.0,0.3167817351983888
1771879195.8845181,7.3135470394519615,1.6803245424870459,7.2,53.0,0.3196754575129541
1771879195.8885891,7.320490452089952,1.6664190331177358,7.2,53.0,0.33358096688226424
1771879195.8968835,7.334314131037471,1.6602959648254536,7.2,53.0,0.3397040351745464
1771879195.9011436,7.341241673936991,1.662610295884867,7.2,53.0,0.337389704115133
1771879195.909386,7.354909950940434,1.6317759285026894,7.2,53.0,0.3682240714973106
1771879195.913497,7.36165502424927,1.6188175941205896,7.2,53.0,0.38118240587941044
1771879195.9220493,7.375033120813178,1.5958111756626534,7.2,53.0,0.4041888243373466
1771879195.926162,7.3815406752482495,1.5618130644171069,7.2,53.0,0.4381869355828931
1771879195.9343593,7.394554030560228,1.5640137041833564,7.2,53.0,0.4359862958166436
1771879195.938556,7.401073618854577,1.5647011906435448,7.2,53.0,0.43529880935645515
1771879195.946899,7.413973696386324,1.5390273720678906,7.2,53.0,0.46097262793210936
1771879195.9510465,7.4203524974589925,1.530912257440322,7.2,53.0,0.469087742559678
1771879195.959434,7.4331745205517326,1.5423073711549382,7.2,53.0,0.4576926288450618
1771879195.96774,7.445893492080923,1.5218727916196657,7.2,53.0,0.4781272083803343
1771879195.9718504,7.452197641571578,1.5129958777570596,7.2,53.0,0.48700412224294043
1771879195.9802468,7.4646668269530165,1.4897261323367772,7.2,53.0,0.5102738676632228
1771879195.9844575,7.470800136597021,1.4719943145612062,7.2,53.0,0.5280056854387938
1771879195.9928055,7.482777973546401,1.4351551968878329,7.2,53.0,0.5648448031121671
1771879196.001133,7.494769941044173,1.4341268116589283,7.2,53.0,0.5658731883410717
1771879196.005294,7.5006946441152476,1.4219287370579794,7.2,53.0,0.5780712629420206
1771879196.013618,7.512428206353405,1.4040384420286813,7.2,53.0,0.5959615579713187
1771879196.0219126,7.524169841519602,1.406615464717554,7.2,53.0,0.5933845352824461
1771879196.026089,7.530040060958412,1.4088526653143645,7.2,53.0,0.5911473346856355
1771879196.0343776,7.5416342039368915,1.3883817313452123,7.2,53.0,0.6116182686547877
1771879196.0428042,7.5532749683967,1.4038536663472427,7.2,53.0,0.5961463336527573
1771879196.0511405,7.564750612417509,1.3652793579016818,7.2,53.0,0.6347206420983182
1771879196.055267,7.570408385121455,1.3578654489470638,7.2,53.0,0.6421345510529362
1771879196.063593,7.581791875943015,1.3675103459775888,7.2,53.0,0.6324896540224112
1771879196.0719056,7.5930829139590665,1.3498908369388942,7.2,53.0,0.6501091630611058
1771879196.080162,7.60427048742558,1.3396971907647597,7.2,53.0,0.6603028092352403
1771879196.0885642,7.6153768564936115,1.327231072233219,7.2,53.0,0.672768927766781
1771879196.0928378,7.620797392590435,1.3009286632376893,7.2,53.0,0.6990713367623107
1771879196.1010783,7.631424427462388,1.272403322719689,7.2,53.0,0.7275966772803111
1771879196.1094067,7.642104641980872,1.2872335989906105,7.2,53.0,0.7127664010093895
1771879196.117722,7.652718057345188,1.2654290491993283,7.2,53.0,0.7345709508006717
1771879196.1261218,7.663015800973363,1.232474395855071,7.2,53.0,0.767525604144929
1771879196.1344886,7.673314185295247,1.2325735929413018,7.2,53.0,0.7674264070586982
1771879196.1427236,7.683511332486798,1.2131498914317511,7.2,53.0,0.7868501085682489
1771879196.1510873,7.69347967952031,1.1934164694291594,7.2,53.0,0.8065835305708406
1771879196.1593838,7.703415465122065,1.1930902214193246,7.2,53.0,0.8069097785806754
1771879196.1677475,7.7134381734221265,1.2036267518615442,7.2,53.0,0.7963732481384558
1771879196.176065,7.723313617979384,1.1808477908581672,7.2,53.0,0.8191522091418328
1771879196.1843967,7.733317033240012,1.2094625214737913,7.2,53.0,0.7905374785262087
1771879196.1927998,7.743346733692556,1.2038523517245827,7.2,53.0,0.7961476482754173
1771879196.2010698,7.753269012820983,1.1867079114775942,7.2,53.0,0.8132920885224058
1771879196.209414,7.763262054126547,1.1972942034139782,7.2,53.0,0.8027057965860218
1771879196.217779,7.773091977913503,1.1721387197882451,7.2,53.0,0.8278612802117549
1771879196.2260008,7.782684682657641,1.146049673733686,7.2,53.0,0.853950326266314
1771879196.234311,7.7921809797187604,1.1384024501319683,7.2,53.0,0.8615975498680317
1771879196.2428029,7.801387365714592,1.0852180391072421,7.2,53.0,0.9147819608927579
1771879196.2510712,7.81015659872866,1.0447901377663908,7.2,53.0,0.9552098622336092
1771879196.2635236,7.823093612862425,1.0332954868370525,7.2,53.0,0.9667045131629475
1771879196.2718735,7.831559704052448,1.0061034662320394,7.2,53.0,0.9938965337679606
1771879196.284311,7.843816918566446,0.9722459013189213,7.2,53.0,1.0277540986810787
1771879196.2926507,7.851879173718553,0.9665403225714727,7.2,53.0,1.0334596774285272
1771879196.3052132,7.86366530225525,0.9144797378868117,7.2,53.0,1.0855202621131883
1771879196.3135173,7.870968446627778,0.8633617409280313,7.2,53.0,1.1366382590719688
1771879196.3260221,7.881496046509921,0.837317352420382,7.2,53.0,1.1626826475796181
1771879196.3385522,7.891829335899777,0.8149876604286705,7.2,53.0,1.1850123395713295
1771879196.3509972,7.901400699415398,0.7505125883495569,7.2,53.0,1.249487411650443
1771879196.3635569,7.9106467345783615,0.736700894543622,7.2,53.0,1.263299105456378
1771879196.380147,7.9227631212048895,0.7131627051556924,7.2,53.0,1.2868372948443076
1771879196.3926282,7.9313354972907835,0.6739613587783264,7.2,53.0,1.3260386412216736
1771879196.4093316,7.941950571719999,0.6155716146056609,7.2,53.0,1.384428385394339
1771879196.4260738,7.951740884296185,0.5658329535998737,7.2,53.0,1.4341670464001264
1771879196.4427106,7.9604756935022545,0.49269547975878386,7.2,53.0,1.507304520241216
1771879196.463545,7.970080599397959,0.44702324782408986,7.2,53.0,1.5529767521759101
1771879196.4885433,7.980268760801541,0.37082373822996006,7.2,53.0,1.62917626177004
1771879196.5219126,7.9901988105864135,0.2472741624749151,7.2,53.0,1.752725837525085
1771879196.559366,8.001951927579466,0.529889380190117,7.2,53.0,1.470110619809883
1771879196.5763524,8.012413056978321,0.6797569529387775,7.2,53.0,1.3202430470612225
1771879196.588726,8.020988904341412,0.7094472453708685,7.2,53.0,1.2905527546291315
1771879196.6052833,8.032555360566867,0.6705644826362691,7.2,53.0,1.329435517363731
1771879196.6179123,8.040760477471396,0.6484079170375828,7.2,53.0,1.351592082962417
1771879196.634453,8.051676713065616,0.6454008353655161,7.2,53.0,1.354599164634484
1771879196.6510885,8.061442640765282,0.5519387701708067,7.2,53.0,1.4480612298291933
1771879196.6677692,8.070242809853967,0.5183728930955739,7.2,53.0,1.4816271069044262
1771879196.6886382,8.081464483334122,0.5602257688510283,7.2,53.0,1.4397742311489719
1771879196.7051513,8.091217266972194,0.5794271833471192,7.2,53.0,1.4205728166528808
1771879196.721954,8.10113137915231,0.5866800934916881,7.2,53.0,1.413319906508312
1771879196.738614,8.110933301775628,0.5680718538622562,7.2,53.0,1.4319281461377438
1771879196.7594876,8.121725144824664,0.4935223905693205,7.2,53.0,1.5064776094306795
1771879196.7761016,8.130679896394978,0.5698544729917249,7.2,53.0,1.4301455270082752
1771879196.7970152,8.141726996595828,0.47783961792100726,7.2,53.0,1.5221603820789928
1771879196.822031,8.150869668349939,0.3359393016838208,7.2,53.0,1.6640606983161792
1771879196.8510375,8.160218438233487,0.3171467681094239,7.2,53.0,1.6828532318905762
1771879196.8843641,8.171413023892333,0.353071524769054,7.2,53.0,1.646928475230946
1771879196.90936,8.18034196494752,0.3583400263934677,7.2,53.0,1.6416599736065323
1771879196.934368,8.19001204981683,0.3934894148958522,7.2,53.0,1.606510585104148
1771879196.9635653,8.201754121280466,0.4266544644953653,7.2,53.0,1.5733455355046346
1771879196.9844062,8.210778807360159,0.43859873125314713,7.2,53.0,1.5614012687468528
1771879197.005218,8.220851693606582,0.4975393101241024,7.2,53.0,1.5024606898758976
1771879197.02604,8.2316929548531,0.5480435644420399,7.2,53.0,1.45195643555796
1771879197.0427203,8.241053226861663,0.5779746502351846,7.2,53.0,1.4220253497648154
1771879197.059351,8.251168124590897,0.6171964427350957,7.2,53.0,1.3828035572649044
1771879197.0760686,8.262369532966371,0.705928534808636,7.2,53.0,1.2940714651913638
1771879197.0885446,8.27145043411596,0.7562181683771053,7.2,53.0,1.2437818316228948
1771879197.1011012,8.281375345412986,0.80603267311122,7.2,53.0,1.19396732688878
1771879197.1136692,8.291292930793805,0.7917755665375905,7.2,53.0,1.2082244334624095
1771879197.1261094,8.301453879378172,0.821699690920005,7.2,53.0,1.178300309079995
1771879197.1386294,8.312096261990394,0.865847984329809,7.2,53.0,1.134152015670191
1771879197.1510098,8.323015677364813,0.8772227306003739,7.2,53.0,1.122777269399626
1771879197.159379,8.330683425256654,0.9308767781300905,7.2,53.0,1.0691232218699094
1771879197.1718986,8.342667582468556,0.9710469335759545,7.2,53.0,1.0289530664240454
1771879197.1801844,8.35093440018211,0.991950491649613,7.2,53.0,1.0080495083503869
1771879197.1927252,8.36333388045813,1.0022672433146158,7.2,53.0,0.9977327566853842
1771879197.2010922,8.371584486665418,0.9882667762751515,7.2,53.0,1.0117332237248484
1771879197.2094085,8.380212433127245,1.0382262929959545,7.2,53.0,0.9617737070040455
1771879197.2218823,8.393484838663793,1.0791060133482144,7.2,53.0,0.9208939866517856
1771879197.2302532,8.402742710417613,1.1182728410628122,7.2,53.0,0.8817271589371878
1771879197.23864,8.412092122735043,1.1266660128236101,7.2,53.0,0.8733339871763899
1771879197.2468982,8.421612585926827,1.1418196750898322,7.2,53.0,0.8581803249101678
1771879197.2552104,8.43116655918298,1.1534671994934733,7.2,53.0,0.8465328005065267
1771879197.2635596,8.440891915593205,1.1637623197153508,7.2,53.0,0.8362376802846492
1771879197.2718878,8.45082308508201,1.2136357131637963,7.2,53.0,0.7863642868362037
1771879197.2801948,8.460978464972163,1.2169736705520537,7.2,53.0,0.7830263294479463
1771879197.2884946,8.471414055874003,1.2751954502734646,7.2,53.0,0.7248045497265354
1771879197.296896,8.48199427115662,1.2703877692996395,7.2,53.0,0.7296122307003605
1771879197.3052487,8.492787673099006,1.2974838619884994,7.2,53.0,0.7025161380115006
1771879197.313521,8.503577400780271,1.2981918153130099,7.2,53.0,0.7018081846869901
1771879197.3221118,8.514405558203338,1.3074580871297896,7.2,53.0,0.6925419128702104
1771879197.330249,8.525621354288813,1.3536917078336888,7.2,53.0,0.6463082921663112
1771879197.3344631,8.531228262614286,1.345657998113541,7.2,53.0,0.654342001886459
1771879197.3428528,8.542622264576826,1.3798762488222849,7.2,53.0,0.6201237511777151
1771879197.351022,8.554199550964249,1.3927667005275772,7.2,53.0,0.6072332994724228
1771879197.3552628,8.560101047315731,1.4163591243556353,7.2,53.0,0.5836408756443647
1771879197.3635247,8.571928851013432,1.4166410642506684,7.2,53.0,0.5833589357493316
1771879197.3718467,8.583887899510387,1.4478385287436626,7.2,53.0,0.5521614712563374
1771879197.376096,8.590012475394047,1.4698982120784474,7.2,53.0,0.5301017879215526
1771879197.3844337,8.60244386753654,1.494886673866236,7.2,53.0,0.5051133261337639
1771879197.39279,8.6148625851683,1.4877569288574712,7.2,53.0,0.5122430711425288
1771879197.396966,8.621156956366903,1.510649087664741,7.2,53.0,0.48935091233525907
1771879197.4052496,8.633934074584728,1.5300103120142838,7.2,53.0,0.46998968798571616
1771879197.4093742,8.640285739450034,1.5243995676734328,7.2,53.0,0.47560043232656724
1771879197.417702,8.653253972290528,1.5673956918762109,7.2,53.0,0.43260430812378914
1771879197.426037,8.666333498047676,1.5651173366531643,7.2,53.0,0.4348826633468357
1771879197.430203,8.672929771378366,1.5831055993655543,7.2,53.0,0.4168944006344457
1771879197.4385962,8.686223165263876,1.5954629896037582,7.2,53.0,0.4045370103962418
1771879197.442821,8.692899035686002,1.60220890131057,7.2,53.0,0.39779109868942997
1771879197.4510825,8.706490982641961,1.6394788133866796,7.2,53.0,0.36052118661332044
1771879197.4552658,8.713270196242139,1.627011264042534,7.2,53.0,0.37298873595746596
1771879197.4594905,8.720051975072485,1.6276269192830162,7.2,53.0,0.37237308071698383
1771879197.4677935,8.734035262901614,1.7024267617831106,7.2,53.0,0.2975732382168894
1771879197.4719641,8.74112014866073,1.7003725821879845,7.2,53.0,0.2996274178120155
1771879197.4801917,8.755313536019898,1.7064907019155386,7.2,53.0,0.29350929808446136
1771879197.4844465,8.762595257905641,1.7476132525785166,7.2,53.0,0.25238674742148337
1771879197.4929807,8.777053027304998,1.7281002441354167,7.2,53.0,0.27189975586458326
1771879197.496897,8.784247809964496,1.7267478382796535,7.2,53.0,0.2732521617203465
1771879197.501132,8.791593820767941,1.7630425928268536,7.2,53.0,0.2369574071731464
1771879197.5094213,8.806295233730411,1.7590586100315593,7.2,53.0,0.24094138996844072
1771879197.5137417,8.813622161885103,1.7584627571261866,7.2,53.0,0.2415372428738134
1771879197.5177286,8.821094918759643,1.793461649889422,7.2,53.0,0.20653835011057797
1771879197.5260942,8.836305966777674,1.8284627670581632,7.2,53.0,0.17153723294183676
1771879197.5302315,8.84390109130426,1.8228298863807144,7.2,53.0,0.17717011361928559
1771879197.5343485,8.85156477627986,1.8392843941438168,7.2,53.0,0.16071560585618316
1771879197.5427039,8.867075088195675,1.8643968759793326,7.2,53.0,0.13560312402066743
1771879197.5470037,8.874781365009557,1.8495064353318065,7.2,53.0,0.15049356466819352
1771879197.551094,8.882542145200919,1.8625872459267112,7.2,53.0,0.1374127540732888
1771879197.5554361,8.890319879830615,1.8666563111272767,7.2,53.0,0.1333436888727233
1771879197.5635908,8.906122796019323,1.8995558657058227,7.2,53.0,0.10044413429417731
1771879197.567844,8.914097962906112,1.914040052829324,7.2,53.0,0.08595994717067601
1771879197.5719078,8.92206616522016,1.9123685553713605,7.2,53.0,0.08763144462863948
1771879197.5763452,8.930108037890527,1.9300494408880442,7.2,53.0,0.0699505591119558
1771879197.5844684,8.946241002266971,1.9353108415908258,7.2,53.0,0.06468915840917422
1771879197.5887105,8.954322051069957,1.9394517127164719,7.2,53.0,0.060548287283528124
1771879197.5928195,8.962460742534363,1.953285951457693,7.2,53.0,0.046714048542306985
1771879197.5970867,8.970626170614482,1.959702739228512,7.2,53.0,0.040297260771487986
1771879197.6053305,8.986935881746861,1.9593670464228568,7.2,53.0,0.04063295357714325
1771879197.6096659,8.995118540588336,1.9638381219540257,7.2,53.0,0.03616187804597426
1771879197.6135924,9.003403820446955,1.9884671660686548,7.2,53.0,0.011532833931345188
1771879197.6177697,9.011675888638823,1.9852963660483625,7.2,53.0,0.01470363395163754
1771879197.621873,9.020022698514277,2.0032343701088764,7.2,53.0,-0.0032343701088763943
1771879197.6303213,9.03679277091908,2.021520286404498,7.2,53.0,-0.0215202864044981
1771879197.6344218,9.045377699291063,2.060382809275922,7.2,53.0,-0.06038280927592199
1771879197.6387403,9.054083188086233,2.089317310840801,7.2,53.0,-0.08931731084080097
1771879197.6427236,9.062791327906615,2.089953556891555,7.2,53.0,-0.08995355689155504
1771879197.646984,9.071526157276391,2.096359048746472,7.2,53.0,-0.09635904874647183
1771879197.6512146,9.080323838625112,2.111443523693071,7.2,53.0,-0.11144352369307109
1771879197.6594849,9.09821165495229,2.1461088602666987,7.2,53.0,-0.14610886026669867
1771879197.663546,9.10717989120976,2.1523767017927176,7.2,53.0,-0.15237670179271756
1771879197.66776,9.11611802589633,2.1451523247767748,7.2,53.0,-0.14515232477677475
1771879197.6719491,9.125130271889073,2.1629390382583407,7.2,53.0,-0.16293903825834066
1771879197.6760302,9.134138216457334,2.1619066963824483,7.2,53.0,-0.16190669638244826
1771879197.6801636,9.143172637712674,2.1682611012817254,7.2,53.0,-0.16826110128172544
1771879197.6843493,9.152110771133211,2.145152020929111,7.2,53.0,-0.14515202092911084
1771879197.688678,9.161047337670707,2.144775968999221,7.2,53.0,-0.14477596899922096
1771879197.6927817,9.170071101809382,2.1657033932820258,7.2,53.0,-0.16570339328202577
1771879197.7010665,9.188138116564222,2.1642039151351127,7.2,53.0,-0.16420391513511268
1771879197.705214,9.197193331366023,2.173251552432364,7.2,53.0,-0.1732515524323639
1771879197.7095156,9.20642498728282,2.215597420030915,7.2,53.0,-0.2155974200309152
1771879197.7135632,9.215682233696228,2.221739139218093,7.2,53.0,-0.22173913921809296
1771879197.7177644,9.224908029325494,2.214190951023739,7.2,53.0,-0.2141909510237392
1771879197.7219243,9.234109435955302,2.208337591153731,7.2,53.0,-0.20833759115373107
1771879197.7260885,9.243471615393332,2.2469230651272856,7.2,53.0,-0.24692306512728557
1771879197.7302806,9.252953889803447,2.275745858427539,7.2,53.0,-0.27574585842753896
1771879197.7345567,9.262426359868137,2.2733928155255794,7.2,53.0,-0.27339281552557937
1771879197.7385242,9.271902215066904,2.2742052477039287,7.2,53.0,-0.27420524770392873
1771879197.7426875,9.281478571041914,2.298325434002362,7.2,53.0,-0.2983254340023622
1771879197.7468739,9.291065174754788,2.3007848910898185,7.2,53.0,-0.30078489108981854
1771879197.7510202,9.300625380165817,2.294449298647007,7.2,53.0,-0.29444929864700686
1771879197.7553627,9.310178180278129,2.292672026954822,7.2,53.0,-0.292672026954822
1771879197.7635999,9.329515932443934,2.3217475432308943,7.2,53.0,-0.3217475432308943
1771879197.7677748,9.339252751930731,2.336836676831162,7.2,53.0,-0.33683667683116214
1771879197.771932,9.34901061907722,2.341888115157143,7.2,53.0,-0.3418881151571429
1771879197.7760668,9.358755660196488,2.3388098686245065,7.2,53.0,-0.33880986862450646
1771879197.7801623,9.368583875945493,2.358771779761413,7.2,53.0,-0.35877177976141317
1771879197.7843802,9.378488690687323,2.377155538039066,7.2,53.0,-0.3771555380390659
1771879197.7885017,9.388418479998084,2.3831494345826463,7.2,53.0,-0.3831494345826463
1771879197.7927322,9.398329039805887,2.3785343538729893,7.2,53.0,-0.3785343538729893
1771879197.7968807,9.408306648517136,2.394626090699826,7.2,53.0,-0.394626090699826
1771879197.8010805,9.418337559872269,2.4074187252315498,7.2,53.0,-0.40741872523154976
1771879197.8052597,9.42839015581799,2.41262302697298,7.2,53.0,-0.4126230269729798
1771879197.809415,9.438367382929428,2.394534506745313,7.2,53.0,-0.394534506745313
1771879197.813635,9.448417020416281,2.4119129968449444,7.2,53.0,-0.4119129968449444
1771879197.8177657,9.458597378431806,2.4432859237258633,7.2,53.0,-0.4432859237258633
1771879197.8219278,9.468820343294581,2.453511567066061,7.2,53.0,-0.453511567066061
1771879197.8262227,9.479130328939469,2.474396554773051,7.2,53.0,-0.4743965547730511
1771879197.8302372,9.489480681972722,2.4840847279809353,7.2,53.0,-0.48408472798093527
1771879197.834448,9.499860692441752,2.4912025125670305,7.2,53.0,-0.4912025125670305
1771879197.8385541,9.510228628077504,2.4883045525803773,7.2,53.0,-0.4883045525803773
1771879197.8386228,9.510228628077504,2.4883045525803773,7.2,53.0,-0.4883045525803773
1771879197.8427956,9.520658585487846,2.503189778481905,7.2,53.0,-0.503189778481905
1771879197.8468757,9.5311130309159,2.5090669027332906,7.2,53.0,-0.5090669027332906
1771879197.8510349,9.541622244629748,2.5222112913233112,7.2,53.0,-0.5222112913233112
1771879197.8552053,9.552136327756608,2.523379950446496,7.2,53.0,-0.523379950446496
1771879197.8594425,9.562701708142525,2.5356912926197186,7.2,53.0,-0.5356912926197186
1771879197.8637228,9.57331554584232,2.547321047950612,7.2,53.0,-0.5473210479506121
1771879197.867955,9.583966757481498,2.5562907934027543,7.2,53.0,-0.5562907934027543
1771879197.8718934,9.594641128946169,2.5618491515210966,7.2,53.0,-0.5618491515210966
1771879197.8760817,9.605235912527997,2.5427480596386145,7.2,53.0,-0.5427480596386145
1771879197.880175,9.615873364849353,2.5529885571254374,7.2,53.0,-0.5529885571254374
1771879197.8845222,9.626735939637035,2.6070179490438194,7.2,53.0,-0.6070179490438194
1771879197.8886294,9.637610269045869,2.6098390581201154,7.2,53.0,-0.6098390581201154
1771879197.8926497,9.648464858008998,2.6051013511511845,7.2,53.0,-0.6051013511511845
1771879197.896823,9.659344025415495,2.61100017755931,7.2,53.0,-0.6110001775593101
1771879197.9009907,9.670277321540615,2.623991070028938,7.2,53.0,-0.6239910700289379
1771879197.9011204,9.670277321540615,2.623991070028938,7.2,53.0,-0.6239910700289379
1771879197.9052932,9.681333406342244,2.653460352390922,7.2,53.0,-0.6534603523909222
1771879197.909409,9.692373169875982,2.649543248096892,7.2,53.0,-0.6495432480968919
1771879197.9135032,9.703436788014843,2.6552683533266093,7.2,53.0,-0.6552683533266093
1771879197.9178522,9.71445965392419,2.6454878182431867,7.2,53.0,-0.6454878182431867
1771879197.922038,9.725565267906013,2.665347355637668,7.2,53.0,-0.6653473556376679
1771879197.92607,9.736694766841763,2.6710797445799073,7.2,53.0,-0.6710797445799073
1771879197.930242,9.747761972460578,2.65612934851566,7.2,53.0,-0.6561293485156598
1771879197.9343586,9.758769361625442,2.641773399566967,7.2,53.0,-0.6417733995669672
1771879197.9385936,9.769901563780891,2.671728517307892,7.2,53.0,-0.671728517307892
1771879197.9428806,9.78120137501384,2.711954695907835,7.2,53.0,-0.7119546959078349
1771879197.9429646,9.78120137501384,2.711954695907835,7.2,53.0,-0.7119546959078349
1771879197.9468827,9.792496496977325,2.7108292712365434,7.2,53.0,-0.7108292712365434
1771879197.9510334,9.803814875317922,2.7164108017432747,7.2,53.0,-0.7164108017432747
1771879197.9552214,9.8150650554125,2.700043222698653,7.2,53.0,-0.7000432226986528
1771879197.9593537,9.826428769680918,2.7272914244201396,7.2,53.0,-0.7272914244201396
1771879197.963698,9.838037748120149,2.7861548254155477,7.2,53.0,-0.7861548254155477
1771879197.967859,9.84957562322683,2.769090025603516,7.2,53.0,-0.769090025603516
1771879197.9719105,9.861107044477878,2.7675411002516044,7.2,53.0,-0.7675411002516044
1771879197.971992,9.861107044477878,2.7675411002516044,7.2,53.0,-0.7675411002516044
1771879197.976068,9.872662110059567,2.7732157396054324,7.2,53.0,-0.7732157396054324
1771879197.9802244,9.884210759968429,2.7716759781269897,7.2,53.0,-0.7716759781269897
1771879197.9843433,9.895752985553873,2.7701341405066287,7.2,53.0,-0.7701341405066287
1771879197.9885538,9.907318355356034,2.7756887525188327,7.2,53.0,-0.7756887525188327
1771879197.992717,9.918815938631845,2.7594199861942834,7.2,53.0,-0.7594199861942834
1771879197.996852,9.930334422745167,2.7644361871975334,7.2,53.0,-0.7644361871975334
1771879197.99693,9.930334422745167,2.7644361871975334,7.2,53.0,-0.7644361871975334
1771879198.0011284,9.942057082661162,2.8134383798385856,7.2,53.0,-0.8134383798385856
1771879198.005253,9.953818519205804,2.8227447707139057,7.2,53.0,-0.8227447707139057
1771879198.0095398,9.965538738918593,2.8128527310694365,7.2,53.0,-0.8128527310694365
1771879198.0136123,9.977281977400363,2.818377235625011,7.2,53.0,-0.818377235625011
1771879198.0177367,9.989057021427163,2.8260105664318678,7.2,53.0,-0.8260105664318678
1771879198.0219777,10.00098746638315,2.86330678943655,7.2,53.0,-0.86330678943655
1771879198.0220604,10.00098746638315,2.86330678943655,7.2,53.0,-0.86330678943655
1771879198.0260375,10.012940801584152,2.8688004482407385,7.2,53.0,-0.8688004482407385
1771879198.030276,10.024861099025058,2.8608713858172083,7.2,53.0,-0.8608713858172083
1771879198.0343215,10.036790234925085,2.862992616006557,7.2,53.0,-0.8629926160065571
1771879198.0384948,10.048813027919303,2.88547031861243,7.2,53.0,-0.88547031861243
1771879198.0428157,10.06086747671558,2.8930677111065997,7.2,53.0,-0.8930677111065997
1771879198.042936,10.06086747671558,2.8930677111065997,7.2,53.0,-0.8930677111065997
1771879198.046843,10.073017058112336,2.9158995352211567,7.2,53.0,-0.9158995352211567
1771879198.0511558,10.085192991834786,2.922224093388105,7.2,53.0,-0.9222240933881052
1771879198.0553935,10.097435667085247,2.938242060110541,7.2,53.0,-0.9382420601105408
1771879198.059375,10.109687324142136,2.940397693653361,7.2,53.0,-0.9403976936533609
1771879198.063723,10.121941552715864,2.9410148576947486,7.2,53.0,-0.9410148576947486
1771879198.063804,10.121941552715864,2.9410148576947486,7.2,53.0,-0.9410148576947486
1771879198.0677595,10.134157186284703,2.931752056521542,7.2,53.0,-0.931752056521542
1771879198.0719898,10.14641412163513,2.941664484102728,7.2,53.0,-0.941664484102728
1771879198.0762448,10.15872963449064,2.955723085322446,7.2,53.0,-0.9557230853224459
1771879198.0802135,10.171065002398358,2.9604882978518847,7.2,53.0,-0.9604882978518847
1771879198.0802932,10.171065002398358,2.9604882978518847,7.2,53.0,-0.9604882978518847
1771879198.0844023,10.183524406034167,2.9902568725940997,7.2,53.0,-0.9902568725940997
1771879198.088656,10.19600626189716,2.995645407118701,7.2,53.0,-0.9956454071187011
1771879198.0927026,10.208554075406473,3.011475242235228,7.2,53.0,-1.0114752422352278
1771879198.0968747,10.221124031954698,3.0167895715740034,7.2,53.0,-1.0167895715740034
1771879198.096956,10.221124031954698,3.0167895715740034,7.2,53.0,-1.0167895715740034
1771879198.101038,10.233636222242326,3.002925669030919,7.2,53.0,-1.002925669030919
1771879198.1051915,10.24616831393235,3.007702005605563,7.2,53.0,-1.0077020056055628
1771879198.1093488,10.258777946527873,3.026311822925826,7.2,53.0,-1.026311822925826
1771879198.1135871,10.271437459254383,3.0382830543623682,7.2,53.0,-1.0382830543623682
1771879198.1137145,10.271437459254383,3.0382830543623682,7.2,53.0,-1.0382830543623682
1771879198.117661,10.28411141916006,3.041750377362837,7.2,53.0,-1.041750377362837
1771879198.1218305,10.296743611905283,3.0317262588535043,7.2,53.0,-1.0317262588535043
1771879198.1260326,10.30942784547384,3.0442160564534455,7.2,53.0,-1.0442160564534455
1771879198.1302187,10.322163379925565,3.0565282684138206,7.2,53.0,-1.0565282684138206
1771879198.1303189,10.322163379925565,3.0565282684138206,7.2,53.0,-1.0565282684138206
1771879198.1344132,10.334800585884194,3.0329294300711274,7.2,53.0,-1.0329294300711274
1771879198.1385553,10.347432070759181,3.0315563699971015,7.2,53.0,-1.0315563699971015
1771879198.1427293,10.360119203224793,3.0449117917469075,7.2,53.0,-1.0449117917469075
1771879198.1428316,10.360119203224793,3.0449117917469075,7.2,53.0,-1.0449117917469075
1771879198.146948,10.372936404579432,3.0761283251134044,7.2,53.0,-1.0761283251134044
1771879198.1510084,10.38588141032735,3.106801379500195,7.2,53.0,-1.1068013795001952
1771879198.1551785,10.39878772048106,3.0975144368902354,7.2,53.0,-1.0975144368902354
1771879198.15937,10.411657021101423,3.0886321488869655,7.2,53.0,-1.0886321488869655
1771879198.1594656,10.411657021101423,3.0886321488869655,7.2,53.0,-1.0886321488869655
1771879198.1634903,10.424581563183118,3.101890099606727,7.2,53.0,-1.101890099606727
1771879198.1677282,10.43766500226802,3.1400253803763496,7.2,53.0,-1.1400253803763496
1771879198.171852,10.450752976790385,3.141113885367792,7.2,53.0,-1.1411138853677918
1771879198.171948,10.450752976790385,3.141113885367792,7.2,53.0,-1.1411138853677918
1771879198.1760447,10.463862101784633,3.146189998619537,7.2,53.0,-1.146189998619537
1771879198.1801956,10.476922100695129,3.1343997385189093,7.2,53.0,-1.1343997385189093
1771879198.1843543,10.490071254726805,3.1557969676022033,7.2,53.0,-1.1557969676022033
1771879198.1844337,10.490071254726805,3.1557969676022033,7.2,53.0,-1.1557969676022033
1771879198.188525,10.503347301939362,3.1862513310134637,7.2,53.0,-1.1862513310134637
1771879198.1926792,10.516598512071912,3.180290431811946,7.2,53.0,-1.180290431811946
1771879198.1968331,10.52986895930717,3.1849073364617597,7.2,53.0,-1.1849073364617597
1771879198.2010293,10.543052935993725,3.164154404773458,7.2,53.0,-1.1641544047734582
1771879198.2011125,10.543052935993725,3.164154404773458,7.2,53.0,-1.1641544047734582
1771879198.2051616,10.556318410027513,3.1837137681094516,7.2,53.0,-1.1837137681094516
1771879198.2093194,10.569670251223792,3.2044418871070466,7.2,53.0,-1.2044418871070466
1771879198.2135482,10.582985014155568,3.1955431036263566,7.2,53.0,-1.1955431036263566
1771879198.213621,10.582985014155568,3.1955431036263566,7.2,53.0,-1.1955431036263566
1771879198.2176769,10.59631628632226,3.199505320006034,7.2,53.0,-1.199505320006034
1771879198.2219017,10.609685167427005,3.208531465138572,7.2,53.0,-1.208531465138572
1771879198.2259846,10.62316427043321,3.234984721489193,7.2,53.0,-1.2349847214891931
1771879198.226048,10.62316427043321,3.234984721489193,7.2,53.0,-1.2349847214891931
1771879198.2301993,10.636764702584802,3.2641037163822615,7.2,53.0,-1.2641037163822615
1771879198.2344368,10.650321443397335,3.2536177950079392,7.2,53.0,-1.2536177950079392
1771879198.2345073,10.650321443397335,3.2536177950079392,7.2,53.0,-1.2536177950079392
1771879198.238517,10.663906882986664,3.260505501439211,7.2,53.0,-1.2605055014392108
1771879198.2427459,10.677526381575623,3.268679661350317,7.2,53.0,-1.2686796613503168
1771879198.2468677,10.69112181204126,3.2629033117527384,7.2,53.0,-1.2629033117527384
1771879198.246954,10.69112181204126,3.2629033117527384,7.2,53.0,-1.2629033117527384
1771879198.251025,10.704800831351996,3.2829646345764645,7.2,53.0,-1.2829646345764645
1771879198.2552292,10.718492520543759,3.2860054060228947,7.2,53.0,-1.2860054060228947
1771879198.2594283,10.732276556964594,3.3081687410006375,7.2,53.0,-1.3081687410006375
1771879198.2595177,10.732276556964594,3.3081687410006375,7.2,53.0,-1.3081687410006375
1771879198.2635837,10.746008998855343,3.295786053779883,7.2,53.0,-1.2957860537798829
1771879198.267747,10.759723113639925,3.2913875482997774,7.2,53.0,-1.2913875482997774
1771879198.2719128,10.773457228611413,3.296187593157277,7.2,53.0,-1.2961875931572768
1771879198.2720385,10.773457228611413,3.296187593157277,7.2,53.0,-1.2961875931572768
1771879198.276279,10.787239383018816,3.3077170577767108,7.2,53.0,-1.3077170577767108
1771879198.280187,10.801029522063025,3.309633370610205,7.2,53.0,-1.309633370610205
1771879198.2803025,10.801029522063025,3.309633370610205,7.2,53.0,-1.309633370610205
1771879198.284365,10.814780958607301,3.3003447706261118,7.2,53.0,-1.3003447706261118
1771879198.2885158,10.828516815959912,3.296605764626764,7.2,53.0,-1.2966057646267641
1771879198.292711,10.84234073369083,3.3177402554204427,7.2,53.0,-1.3177402554204427
1771879198.2928383,10.84234073369083,3.3177402554204427,7.2,53.0,-1.3177402554204427
1771879198.2970204,10.856292540684755,3.348433678542027,7.2,53.0,-1.348433678542027
1771879198.3010159,10.87034065692744,3.3715478982440885,7.2,53.0,-1.3715478982440885
1771879198.301122,10.87034065692744,3.3715478982440885,7.2,53.0,-1.3715478982440885
1771879198.3052082,10.884352885991236,3.3629349753111586,7.2,53.0,-1.3629349753111586
1771879198.3093238,10.89836445655455,3.3627769351954613,7.2,53.0,-1.3627769351954613
1771879198.3135056,10.912463234988252,3.383706824088529,7.2,53.0,-1.383706824088529
1771879198.3136144,10.912463234988252,3.383706824088529,7.2,53.0,-1.383706824088529
1771879198.317738,10.926552655922107,3.381461024125218,7.2,53.0,-1.381461024125218
1771879198.3218367,10.94073417351269,3.4035642217399262,7.2,53.0,-1.4035642217399262
1771879198.3219035,10.94073417351269,3.4035642217399262,7.2,53.0,-1.4035642217399262
1771879198.3260322,10.954884557590155,3.396092178591726,7.2,53.0,-1.3960921785917262
1771879198.3301349,10.969043262821678,3.3980892555654214,7.2,53.0,-1.3980892555654214
1771879198.3343272,10.983300951633499,3.4218453148370234,7.2,53.0,-1.4218453148370234
1771879198.3344238,10.983300951633499,3.4218453148370234,7.2,53.0,-1.4218453148370234
1771879198.3385208,10.9975863749975,3.428501607360047,7.2,53.0,-1.428501607360047
1771879198.3427494,11.011881012457785,3.4307129904682805,7.2,53.0,-1.4307129904682805
1771879198.342842,11.011881012457785,3.4307129904682805,7.2,53.0,-1.4307129904682805
1771879198.3469007,11.026142450377547,3.4227451007429432,7.2,53.0,-1.4227451007429432
1771879198.3510048,11.040455228653803,3.4350667863016238,7.2,53.0,-1.4350667863016238
1771879198.351069,11.040455228653803,3.4350667863016238,7.2,53.0,-1.4350667863016238
1771879198.35524,11.054887357275689,3.463710869252478,7.2,53.0,-1.4637108692524778
1771879198.359418,11.069374752205592,3.47697478317669,7.2,53.0,-1.47697478317669
1771879198.3635173,11.083875202911363,3.4801081693851277,7.2,53.0,-1.4801081693851277
1771879198.3635888,11.083875202911363,3.4801081693851277,7.2,53.0,-1.4801081693851277
1771879198.3677075,11.098317817675651,3.4662275434292784,7.2,53.0,-1.4662275434292784
1771879198.3718925,11.112801223804604,3.476017470948717,7.2,53.0,-1.476017470948717
1771879198.37196,11.112801223804604,3.476017470948717,7.2,53.0,-1.476017470948717
1771879198.3760414,11.127363272695568,3.4948917338312255,7.2,53.0,-1.4948917338312255
1771879198.3802266,11.141914625132047,3.4923245847551083,7.2,53.0,-1.4923245847551083
1771879198.380292,11.141914625132047,3.4923245847551083,7.2,53.0,-1.4923245847551083
1771879198.384366,11.156485540162276,3.4970196072546513,7.2,53.0,-1.4970196072546513
1771879198.388565,11.17100844814067,3.4854979148146286,7.2,53.0,-1.4854979148146286
1771879198.3886585,11.17100844814067,3.4854979148146286,7.2,53.0,-1.4854979148146286
1771879198.392651,11.185602280447473,3.502519753632463,7.2,53.0,-1.502519753632463
1771879198.3968968,11.200335398931196,3.535948436093821,7.2,53.0,-1.535948436093821
1771879198.3969836,11.200335398931196,3.535948436093821,7.2,53.0,-1.535948436093821
1771879198.4010842,11.215061652727067,3.534300911009155,7.2,53.0,-1.5343009110091552
1771879198.4052064,11.229742038856932,3.523292671167389,7.2,53.0,-1.5232926711673889
1771879198.4093807,11.244388973192358,3.5152642405020202,7.2,53.0,-1.5152642405020202
1771879198.4094613,11.244388973192358,3.5152642405020202,7.2,53.0,-1.5152642405020202
1771879198.413509,11.259173375201776,3.5482564822602165,7.2,53.0,-1.5482564822602165
1771879198.4177356,11.273982503708986,3.554190841730303,7.2,53.0,-1.554190841730303
1771879198.4178197,11.273982503708986,3.554190841730303,7.2,53.0,-1.554190841730303
1771879198.4218562,11.28879770628751,3.555648618845793,7.2,53.0,-1.555648618845793
1771879198.4260561,11.303589542338182,3.550040652161457,7.2,53.0,-1.550040652161457
1771879198.426152,11.303589542338182,3.550040652161457,7.2,53.0,-1.550040652161457
1771879198.4302347,11.31847183659707,3.5717506221329813,7.2,53.0,-1.5717506221329813
1771879198.434349,11.333447638848078,3.594192540242235,7.2,53.0,-1.594192540242235
1771879198.434418,11.333447638848078,3.594192540242235,7.2,53.0,-1.594192540242235
1771879198.4385662,11.348479764260842,3.6077100990633015,7.2,53.0,-1.6077100990633015
1771879198.442776,11.363527538971725,3.61146593061177,7.2,53.0,-1.6114659306117698
1771879198.4428542,11.363527538971725,3.61146593061177,7.2,53.0,-1.6114659306117698
1771879198.4468782,11.378513622736287,3.596660103494932,7.2,53.0,-1.5966601034949321
1771879198.451032,11.393582323004528,3.616488064377841,7.2,53.0,-1.6164880643778412
1771879198.451142,11.393582323004528,3.616488064377841,7.2,53.0,-1.6164880643778412
1771879198.4551861,11.40862351122543,3.6098851730163597,7.2,53.0,-1.6098851730163597
1771879198.4593818,11.423731595967146,3.6259403380115516,7.2,53.0,-1.6259403380115516
1771879198.4594755,11.423731595967146,3.6259403380115516,7.2,53.0,-1.6259403380115516
1771879198.4636562,11.438793172846513,3.614778451048155,7.2,53.0,-1.614778451048155
1771879198.4678524,11.453854616644666,3.614746511556924,7.2,53.0,-1.6147465115569242
1771879198.4679892,11.453854616644666,3.614746511556924,7.2,53.0,-1.6147465115569242
1771879198.4720767,11.469039349202278,3.6443358138267956,7.2,53.0,-1.6443358138267956
1771879198.4760337,11.484176629202405,3.6329472000306624,7.2,53.0,-1.6329472000306624
1771879198.4761155,11.484176629202405,3.6329472000306624,7.2,53.0,-1.6329472000306624
1771879198.4802313,11.499391069382337,3.6514656431838244,7.2,53.0,-1.6514656431838244
1771879198.484511,11.514734097477943,3.6823267429454307,7.2,53.0,-1.6823267429454307
1771879198.4846823,11.514734097477943,3.6823267429454307,7.2,53.0,-1.6823267429454307
1771879198.4885721,11.530201268621848,3.712121074537123,7.2,53.0,-1.712121074537123
1771879198.4886963,11.530201268621848,3.712121074537123,7.2,53.0,-1.712121074537123
1771879198.4926934,11.545630204239794,3.7029445483071233,7.2,53.0,-1.7029445483071233
1771879198.4968395,11.561044613185544,3.6994581469800187,7.2,53.0,-1.6994581469800187
1771879198.4969275,11.561044613185544,3.6994581469800187,7.2,53.0,-1.6994581469800187
1771879198.5010178,11.576470564636548,3.7022283482408334,7.2,53.0,-1.7022283482408334
1771879198.5053089,11.591936012751212,3.711707547519417,7.2,53.0,-1.711707547519417
1771879198.5054214,11.591936012751212,3.711707547519417,7.2,53.0,-1.711707547519417
1771879198.5094373,11.60747235697338,3.728722613320488,7.2,53.0,-1.728722613320488
1771879198.513549,11.622946996625242,3.713913516446639,7.2,53.0,-1.713913516446639
1771879198.513673,11.622946996625242,3.713913516446639,7.2,53.0,-1.713913516446639
1771879198.5177252,11.638416574989307,3.712698807375694,7.2,53.0,-1.712698807375694
1771879198.5220037,11.653896841881954,3.715264054235229,7.2,53.0,-1.715264054235229
1771879198.5221255,11.653896841881954,3.715264054235229,7.2,53.0,-1.715264054235229
1771879198.526119,11.669432449666285,3.7285458682394195,7.2,53.0,-1.7285458682394195
1771879198.5302935,11.685025262530566,3.742275087427524,7.2,53.0,-1.7422750874275241
1771879198.53038,11.685025262530566,3.742275087427524,7.2,53.0,-1.7422750874275241
1771879198.534355,11.700593294361619,3.736327639452858,7.2,53.0,-1.736327639452858
1771879198.5344732,11.700593294361619,3.736327639452858,7.2,53.0,-1.736327639452858
1771879198.5385175,11.716149542297442,3.733499504597378,7.2,53.0,-1.7334995045973778
1771879198.5428362,11.731757675055555,3.745951861947051,7.2,53.0,-1.7459518619470509
1771879198.5429542,11.731757675055555,3.745951861947051,7.2,53.0,-1.7459518619470509
1771879198.5469224,11.747386842204698,3.751000115794309,7.2,53.0,-1.7510001157943091
1771879198.551141,11.762964569211421,3.738654481613868,7.2,53.0,-1.7386544816138678
1771879198.5512307,11.762964569211421,3.738654481613868,7.2,53.0,-1.7386544816138678
1771879198.555359,11.778552626553884,3.7411337621911898,7.2,53.0,-1.7411337621911898
1771879198.5593626,11.7940815044775,3.7269307016680613,7.2,53.0,-1.7269307016680613
1771879198.5594327,11.7940815044775,3.7269307016680613,7.2,53.0,-1.7269307016680613
1771879198.563568,11.809603770545563,3.725343856335106,7.2,53.0,-1.725343856335106
1771879198.5677733,11.825106785958422,3.7207236990862795,7.2,53.0,-1.7207236990862795
1771879198.5678794,11.825106785958422,3.7207236990862795,7.2,53.0,-1.7207236990862795
1771879198.5718656,11.840617965669235,3.7226831305951804,7.2,53.0,-1.7226831305951804
1771879198.5720017,11.840617965669235,3.7226831305951804,7.2,53.0,-1.7226831305951804
1771879198.5760245,11.856102560913856,3.716302858709091,7.2,53.0,-1.7163028587090912
1771879198.5801208,11.871569554895823,3.7120785556720763,7.2,53.0,-1.7120785556720763
1771879198.5802045,11.871569554895823,3.7120785556720763,7.2,53.0,-1.7120785556720763
1771879198.5842931,11.887003133193868,3.704058791530815,7.2,53.0,-1.704058791530815
1771879198.5885506,11.902399896004976,3.6952230746658916,7.2,53.0,-1.6952230746658916
1771879198.588648,11.902399896004976,3.6952230746658916,7.2,53.0,-1.6952230746658916
1771879198.5927496,11.917749860486435,3.683991475550135,7.2,53.0,-1.683991475550135
1771879198.596845,11.933045213371251,3.6708846923560303,7.2,53.0,-1.6708846923560303
1771879198.5969198,11.933045213371251,3.6708846923560303,7.2,53.0,-1.6708846923560303
1771879198.6009736,11.948282879299098,3.6570398226834544,7.2,53.0,-1.6570398226834544
1771879198.6052463,11.963529747945831,3.6592484752158922,7.2,53.0,-1.6592484752158922
1771879198.6053245,11.963529747945831,3.6592484752158922,7.2,53.0,-1.6592484752158922
1771879198.6094408,11.978785075806286,3.6612786865093936,7.2,53.0,-1.6612786865093936
1771879198.6135423,11.994046617777817,3.662770073167433,7.2,53.0,-1.662770073167433
1771879198.6136491,11.994046617777817,3.662770073167433,7.2,53.0,-1.662770073167433
1771879198.6176417,12.009284010549878,3.6569742652947816,7.2,53.0,-1.6569742652947816
1771879198.6217961,12.02452677310469,3.658263013154804,7.2,53.0,-1.6582630131548042
1771879198.621894,12.02452677310469,3.658263013154804,7.2,53.0,-1.6582630131548042
1771879198.6260493,12.039734450881527,3.6498426664408323,7.2,53.0,-1.6498426664408323
1771879198.6302402,12.054912256510745,3.64267335101221,7.2,53.0,-1.6426733510122098
1771879198.63031,12.054912256510745,3.64267335101221,7.2,53.0,-1.6426733510122098
1771879198.6343443,12.07003980642615,3.6306119796972407,7.2,53.0,-1.6306119796972407
1771879198.634465,12.07003980642615,3.6306119796972407,7.2,53.0,-1.6306119796972407
1771879198.6384578,12.085114594607635,3.617949163556262,7.2,53.0,-1.6179491635562622
1771879198.642658,12.100127783515829,3.6031653379663977,7.2,53.0,-1.6031653379663977
1771879198.6427429,12.100127783515829,3.6031653379663977,7.2,53.0,-1.6031653379663977
1771879198.646822,12.115068519151947,3.5857765526685133,7.2,53.0,-1.5857765526685133
1771879198.6510577,12.12993898262947,3.568911234605394,7.2,53.0,-1.5689112346053942
1771879198.655162,12.144799585746439,3.5665447480723764,7.2,53.0,-1.5665447480723764
1771879198.6552637,12.144799585746439,3.5665447480723764,7.2,53.0,-1.5665447480723764
1771879198.6593144,12.159645943706131,3.563125910326122,7.2,53.0,-1.563125910326122
1771879198.663477,12.174494704214915,3.5637025221081653,7.2,53.0,-1.5637025221081653
1771879198.6635668,12.174494704214915,3.5637025221081653,7.2,53.0,-1.5637025221081653
1771879198.6676555,12.189320574098076,3.558208771958652,7.2,53.0,-1.5582087719586522
1771879198.671794,12.20412602334002,3.553307818066373,7.2,53.0,-1.553307818066373
1771879198.671891,12.20412602334002,3.553307818066373,7.2,53.0,-1.553307818066373
1771879198.6760254,12.218902640166005,3.5463880382366595,7.2,53.0,-1.5463880382366595
1771879198.680146,12.233638394435781,3.5365810247462908,7.2,53.0,-1.5365810247462908
1771879198.68021,12.233638394435781,3.5365810247462908,7.2,53.0,-1.5365810247462908
1771879198.6842966,12.248379721128405,3.5379184062299482,7.2,53.0,-1.5379184062299482
1771879198.6885026,12.263123467235832,3.538499065782525,7.2,53.0,-1.538499065782525
1771879198.6885753,12.263123467235832,3.538499065782525,7.2,53.0,-1.538499065782525
1771879198.6926968,12.277877323938473,3.5409256086335676,7.2,53.0,-1.5409256086335676
1771879198.6968453,12.292641365400906,3.5433699509841388,7.2,53.0,-1.5433699509841388
1771879198.6969252,12.292641365400906,3.5433699509841388,7.2,53.0,-1.5433699509841388
1771879198.7009287,12.307415659743686,3.5458306422674637,7.2,53.0,-1.5458306422674637
1771879198.705037,12.322200269321266,3.5483062986191,7.2,53.0,-1.5483062986190999
1771879198.7050989,12.322200269321266,3.5483062986191,7.2,53.0,-1.5483062986190999
1771879198.7092094,12.336995250921719,3.5507955841087098,7.2,53.0,-1.5507955841087098
1771879198.7134051,12.351800655962606,3.553297209812763,7.2,53.0,-1.5532972098127629
1771879198.713485,12.351800655962606,3.553297209812763,7.2,53.0,-1.5532972098127629
1771879198.7175589,12.366616530682956,3.5558099328838932,7.2,53.0,-1.5558099328838932
1771879198.7217162,12.38144291633136,3.5583325556173784,7.2,53.0,-1.5583325556173784
1771879198.7217925,12.38144291633136,3.5583325556173784,7.2,53.0,-1.5583325556173784
1771879198.72584,12.396279849350174,3.560863924515183,7.2,53.0,-1.560863924515183
1771879198.730056,12.41112736155579,3.563402929347978,7.2,53.0,-1.563402929347978
1771879198.7301285,12.41112736155579,3.563402929347978,7.2,53.0,-1.563402929347978
1771879198.734191,12.425985480315022,3.5659485022155284,7.2,53.0,-1.5659485022155284
1771879198.7383597,12.440854228717546,3.568499616605817,7.2,53.0,-1.5684996166058172
1771879198.7384577,12.440854228717546,3.568499616605817,7.2,53.0,-1.5684996166058172
1771879198.742517,12.455733625744434,3.5710552864532508,7.2,53.0,-1.5710552864532508
1771879198.746689,12.470623686432752,3.5736145651962725,7.2,53.0,-1.5736145651962725
1771879198.7467554,12.470623686432752,3.5736145651962725,7.2,53.0,-1.5736145651962725
1771879198.75086,12.48552442203623,3.576176544834686,7.2,53.0,-1.576176544834686
1771879198.7550497,12.500435840182009,3.578740354986976,7.2,53.0,-1.578740354986976
1771879198.7551703,12.500435840182009,3.578740354986976,7.2,53.0,-1.578740354986976
1771879198.7591937,12.515357945023458,3.5813051619478857,7.2,53.0,-1.5813051619478857
1771879198.763343,12.530290737389068,3.5838701677464924,7.2,53.0,-1.5838701677464924
1771879198.7634206,12.530290737389068,3.5838701677464924,7.2,53.0,-1.5838701677464924
1771879198.7675073,12.545234214927422,3.5864346092050132,7.2,53.0,-1.5864346092050132
1771879198.7717152,12.56018837224825,3.588997756998536,7.2,53.0,-1.5889977569985358
1771879198.7718253,12.56018837224825,3.588997756998536,7.2,53.0,-1.5889977569985358
1771879198.7758648,12.575153201059566,3.5915589147158706,7.2,53.0,-1.5915589147158706
1771879198.7800205,12.590128690300906,3.594117417921689,7.2,53.0,-1.594117417921689
1771879198.7801218,12.590128690300906,3.594117417921689,7.2,53.0,-1.594117417921689
1771879198.7841854,12.605114826272656,3.5966726332201118,7.2,53.0,-1.5966726332201118
1771879198.7883337,12.62011159276149,3.5992239573198876,7.2,53.0,-1.5992239573198876
1771879198.7883997,12.62011159276149,3.5992239573198876,7.2,53.0,-1.5992239573198876
1771879198.7925208,12.635118971161912,3.6017708161013013,7.2,53.0,-1.6017708161013013
1771879198.7967174,12.650136940593933,3.604312663684929,7.2,53.0,-1.604312663684929
1771879198.7968285,12.650136940593933,3.604312663684929,7.2,53.0,-1.604312663684929
1771879198.800852,12.66516547801686,3.6068489815023606,7.2,53.0,-1.6068489815023606
1771879198.8050237,12.68020455833923,3.609379277368992,7.2,53.0,-1.609379277368992
1771879198.8051267,12.68020455833923,3.609379277368992,7.2,53.0,-1.609379277368992
1771879198.8091667,12.695254154524893,3.6119030845589872,7.2,53.0,-1.6119030845589872
1771879198.813381,12.710314237695236,3.6144199608824983,7.2,53.0,-1.6144199608824983
1771879198.813478,12.710314237695236,3.6144199608824983,7.2,53.0,-1.6144199608824983
1771879198.8175063,12.72538477722759,3.6169294877652147,7.2,53.0,-1.6169294877652147
1771879198.8216956,12.7404657408498,3.6194312693303115,7.2,53.0,-1.6194312693303115
1771879198.8217757,12.7404657408498,3.6194312693303115,7.2,53.0,-1.6194312693303115
1771879198.8258393,12.755557094730978,3.6219249314828383,7.2,53.0,-1.6219249314828383
1771879198.8299987,12.770658803568464,3.6244101209965764,7.2,53.0,-1.6244101209965764
1771879198.8300638,12.770658803568464,3.6244101209965764,7.2,53.0,-1.6244101209965764
1771879198.8341837,12.785770830670979,3.626886504603357,7.2,53.0,-1.6268865046033572
1771879198.838357,12.800893138037999,3.6293537680848047,7.2,53.0,-1.6293537680848047
1771879198.8384342,12.800893138037999,3.6293537680848047,7.2,53.0,-1.6293537680848047
1771879198.8425102,12.81602568643536,3.6318116153664057,7.2,53.0,-1.6318116153664057
1771879198.846682,12.831168435467085,3.6342597676137394,7.2,53.0,-1.6342597676137394
1771879198.8467467,12.831168435467085,3.6342597676137394,7.2,53.0,-1.6342597676137394
1771879198.8508308,12.846321343643462,3.6366979623305844,7.2,53.0,-1.6366979623305844
1771879198.8550062,12.861484368445373,3.6391259524584463,7.2,53.0,-1.6391259524584463
1771879198.8551095,12.861484368445373,3.6391259524584463,7.2,53.0,-1.6391259524584463
1771879198.8591833,12.87665746638486,3.6415435054767706,7.2,53.0,-1.6415435054767706
1771879198.8633525,12.891840593061954,3.643950402502662,7.2,53.0,-1.6439504025026621
1771879198.8634346,12.891840593061954,3.643950402502662,7.2,53.0,-1.6439504025026621
1771879198.867501,12.907033703217737,3.6463464373881593,7.2,53.0,-1.6463464373881593
1771879198.8716972,12.92223675078362,3.648731415811835,7.2,53.0,-1.648731415811835
1771879198.871762,12.92223675078362,3.648731415811835,7.2,53.0,-1.648731415811835
1771879198.8758678,12.937449688926783,3.651105154359202,7.2,53.0,-1.6511051543592021
1771879198.880014,12.95267247009171,3.653467479582348,7.2,53.0,-1.653467479582348
1771879198.8800757,12.95267247009171,3.653467479582348,7.2,53.0,-1.653467479582348
1771879198.8842256,12.967905046037634,3.6558182270218618,7.2,53.0,-1.6558182270218618
1771879198.8883593,12.983147367871638,3.658157240160805,7.2,53.0,-1.6581572401608051
1771879198.8884687,12.983147367871638,3.658157240160805,7.2,53.0,-1.6581572401608051
1771879198.8925014,12.998397634820401,3.660064067703102,7.2,53.0,-1.660064067703102
1771879198.8967202,13.013653583916685,3.6614277831080746,7.2,53.0,-1.6614277831080746
1771879198.8968287,13.013653583916685,3.6614277831080746,7.2,53.0,-1.6614277831080746
1771879198.9008894,13.028915164334267,3.6627793002196234,7.2,53.0,-1.6627793002196234
1771879198.9050238,13.044178930483136,3.663303875728533,7.2,53.0,-1.6633038757285332
1771879198.9051254,13.044178930483136,3.663303875728533,7.2,53.0,-1.6633038757285332
1771879198.9091754,13.059444349237591,3.6637005010689108,7.2,53.0,-1.6637005010689108
1771879198.9133532,13.07471136929674,3.66408481419587,7.2,53.0,-1.6640848141958702
1771879198.9134495,13.07471136929674,3.66408481419587,7.2,53.0,-1.6640848141958702
1771879198.9175377,13.089979938815413,3.6644566844813133,7.2,53.0,-1.6644566844813133
1771879198.9216967,13.105250005406003,3.6648159817418247,7.2,53.0,-1.6648159817418247
1771879198.9218214,13.105250005406003,3.6648159817418247,7.2,53.0,-1.6648159817418247
1771879198.925854,13.120521516139043,3.6651625759296835,7.2,53.0,-1.6651625759296835
1771879198.925956,13.120521516139043,3.6651625759296835,7.2,53.0,-1.6651625759296835
1771879198.9300294,13.135794417543401,3.665496337045882,7.2,53.0,-1.665496337045882
1771879198.9341652,13.151068655606823,3.6658171352210873,7.2,53.0,-1.6658171352210873
1771879198.9342337,13.151068655606823,3.6658171352210873,7.2,53.0,-1.6658171352210873
1771879198.9383812,13.166344175777116,3.6661248408703653,7.2,53.0,-1.6661248408703653
1771879198.9425697,13.181620922963937,3.6664193248369807,7.2,53.0,-1.6664193248369807
1771879198.9427366,13.181620922963937,3.6664193248369807,7.2,53.0,-1.6664193248369807
1771879198.946695,13.196898841540923,3.666700458476739,7.2,53.0,-1.6667004584767389
1771879198.9508655,13.212177875347876,3.666968113668762,7.2,53.0,-1.6669681136687622
1771879198.950979,13.212177875347876,3.666968113668762,7.2,53.0,-1.6669681136687622
1771879198.955014,13.227457967692706,3.6672221627589754,7.2,53.0,-1.6672221627589754
1771879198.9592183,13.242739061352914,3.6674624784502003,7.2,53.0,-1.6674624784502003
1771879198.9592984,13.242739061352914,3.6674624784502003,7.2,53.0,-1.6674624784502003
1771879198.9633722,13.258021098576469,3.6676889336531207,7.2,53.0,-1.6676889336531207
1771879198.967554,13.273304021081927,3.667901401309919,7.2,53.0,-1.6679014013099192
1771879198.9676812,13.273304021081927,3.667901401309919,7.2,53.0,-1.6679014013099192
1771879198.971703,13.288587770057758,3.6680997541994222,7.2,53.0,-1.6680997541994222
1771879198.9758666,13.3038722861608,3.668283864730044,7.2,53.0,-1.6682838647300442
1771879198.9759805,13.3038722861608,3.668283864730044,7.2,53.0,-1.6682838647300442
1771879198.980032,13.31915750951382,3.6684536047249092,7.2,53.0,-1.6684536047249092
1771879198.9842176,13.334443379702163,3.6686088452021597,7.2,53.0,-1.6686088452021597
1771879198.9842958,13.334443379702163,3.6686088452021597,7.2,53.0,-1.6686088452021597
1771879198.9883704,13.349729835769466,3.6687494561525282,7.2,53.0,-1.6687494561525282
1771879198.9925437,13.365016816212448,3.6688753063156123,7.2,53.0,-1.6688753063156123
1771879198.9926655,13.365016816212448,3.6688753063156123,7.2,53.0,-1.6688753063156123
1771879198.996691,13.380304258974764,3.66898626295586,7.2,53.0,-1.66898626295586
1771879198.9967673,13.380304258974764,3.66898626295586,7.2,53.0,-1.66898626295586
1771879199.0008574,13.395592101439927,3.669082191638988,7.2,53.0,-1.6690821916389882
1771879199.0050027,13.4108802804233,3.669162956009355,7.2,53.0,-1.6691629560093548
1771879199.0051088,13.4108802804233,3.669162956009355,7.2,53.0,-1.6691629560093548
1771879199.0092447,13.426168732163168,3.6692284175686734,7.2,53.0,-1.6692284175686734
1771879199.0134165,13.441457392310904,3.6692784354563677,7.2,53.0,-1.6692784354563677
1771879199.0135627,13.441457392310904,3.6692784354563677,7.2,53.0,-1.6692784354563677
1771879199.0176318,13.4569084626282,3.7082568761508012,7.2,53.0,-1.7082568761508012
1771879199.0218558,13.472479906888369,3.7371466224405663,7.2,53.0,-1.7371466224405663
1771879199.021967,13.472479906888369,3.7371466224405663,7.2,53.0,-1.7371466224405663
1771879199.0259626,13.488310180036738,3.7992655556083594,7.2,53.0,-1.7992655556083594
1771879199.0301132,13.504501068943263,3.8858133375662085,7.2,53.0,-1.8858133375662085
1771879199.0302138,13.504501068943263,3.8858133375662085,7.2,53.0,-1.8858133375662085
1771879199.034266,13.520799438180573,3.9116086169542728,7.2,53.0,-1.9116086169542728
1771879199.0343707,13.520799438180573,3.9116086169542728,7.2,53.0,-1.9116086169542728
1771879199.0384803,13.537141111651794,3.9220016330928447,7.2,53.0,-1.9220016330928447
1771879199.0428355,13.553479670085304,3.921254024042289,7.2,53.0,-1.9212540240422888
1771879199.0429406,13.553479670085304,3.921254024042289,7.2,53.0,-1.9212540240422888
1771879199.0469356,13.569828152632475,3.9236358113210965,7.2,53.0,-1.9236358113210965
1771879199.0510573,13.586183457967337,3.925273280366927,7.2,53.0,-1.9252732803669268
1771879199.0511403,13.586183457967337,3.925273280366927,7.2,53.0,-1.9252732803669268
1771879199.0551631,13.602548835212271,3.9276905387840797,7.2,53.0,-1.9276905387840797
1771879199.0552375,13.602548835212271,3.9276905387840797,7.2,53.0,-1.9276905387840797
1771879199.059332,13.618928446714165,3.931106760454344,7.2,53.0,-1.9311067604543442
1771879199.063551,13.635319797878946,3.933924279547348,7.2,53.0,-1.9339242795473481
1771879199.0636673,13.635319797878946,3.933924279547348,7.2,53.0,-1.9339242795473481
1771879199.067667,13.651723593960504,3.9369110595739905,7.2,53.0,-1.9369110595739905
1771879199.0677414,13.651723593960504,3.9369110595739905,7.2,53.0,-1.9369110595739905
1771879199.071829,13.668148773982326,3.942043205237214,7.2,53.0,-1.9420432052372139
1771879199.0759988,13.684585163929475,3.9447335873156546,7.2,53.0,-1.9447335873156546
1771879199.0760725,13.684585163929475,3.9447335873156546,7.2,53.0,-1.9447335873156546
1771879199.0801284,13.701039221963462,3.9489739281572005,7.2,53.0,-1.9489739281572005
1771879199.0801983,13.701039221963462,3.9489739281572005,7.2,53.0,-1.9489739281572005
1771879199.0843556,13.717514375746935,3.954036908033506,7.2,53.0,-1.954036908033506
1771879199.0884612,13.733997961348145,3.956060544290267,7.2,53.0,-1.956060544290267
1771879199.0885773,13.733997961348145,3.956060544290267,7.2,53.0,-1.956060544290267
1771879199.0927217,13.750502689827078,3.9611348349442106,7.2,53.0,-1.9611348349442106
1771879199.0927901,13.750502689827078,3.9611348349442106,7.2,53.0,-1.9611348349442106
1771879199.096846,13.767026652057679,3.9657509353439817,7.2,53.0,-1.9657509353439817
1771879199.1009543,13.78356853530724,3.9700519798945972,7.2,53.0,-1.9700519798945972
1771879199.1010237,13.78356853530724,3.9700519798945972,7.2,53.0,-1.9700519798945972
1771879199.1051779,13.800142684844893,3.977795889036843,7.2,53.0,-1.9777958890368428
1771879199.105293,13.800142684844893,3.977795889036843,7.2,53.0,-1.9777958890368428
1771879199.1092827,13.816726509525438,3.9801179233306696,7.2,53.0,-1.9801179233306696
1771879199.1135123,13.833329758291999,3.984779703974693,7.2,53.0,-1.9847797039746928
1771879199.1135929,13.833329758291999,3.984779703974693,7.2,53.0,-1.9847797039746928
1771879199.1176531,13.849960866174372,3.9914658917697685,7.2,53.0,-1.9914658917697685
1771879199.121771,13.866602291265876,3.993942021960809,7.2,53.0,-1.9939420219608088
1771879199.1218412,13.866602291265876,3.993942021960809,7.2,53.0,-1.9939420219608088
1771879199.1260052,13.883287530624882,4.004457446161487,7.2,53.0,-2.004457446161487
1771879199.126113,13.883287530624882,4.004457446161487,7.2,53.0,-2.004457446161487
1771879199.1301928,13.899977755508939,4.00565397217367,7.2,53.0,-2.00565397217367
1771879199.1343055,13.916679189668548,4.008344198306162,7.2,53.0,-2.008344198306162
1771879199.1344023,13.916679189668548,4.008344198306162,7.2,53.0,-2.008344198306162
1771879199.1384957,13.933422215827628,4.0183262781794316,7.2,53.0,-2.0183262781794316
1771879199.138665,13.933422215827628,4.0183262781794316,7.2,53.0,-2.0183262781794316
1771879199.1426582,13.951031666477038,4.226268155858203,7.2,53.0,-2.226268155858203
1771879199.142728,13.951031666477038,4.226268155858203,7.2,53.0,-2.226268155858203
1771879199.1468632,13.970111800491527,4.5792321634772515,7.2,53.0,-2.5792321634772515
1771879199.1469655,13.970111800491527,4.5792321634772515,7.2,53.0,-2.5792321634772515
1771879199.1510248,13.989529119140222,4.660156475686799,7.2,53.0,-2.660156475686799
1771879199.1552615,14.009515891193946,4.796825292893561,7.2,53.0,-2.796825292893561
1771879199.1553369,14.009515891193946,4.796825292893561,7.2,53.0,-2.796825292893561
1771879199.1594512,14.030138907977024,4.949524027939011,7.2,53.0,-2.9495240279390114
1771879199.1595242,14.030138907977024,4.949524027939011,7.2,53.0,-2.9495240279390114
1771879199.1596208,14.030138907977024,4.949524027939011,7.2,53.0,-2.9495240279390114
1771879199.1635032,14.050812438026162,4.96164721179277,7.2,53.0,-2.96164721179277
1771879199.1636155,14.050812438026162,4.96164721179277,7.2,53.0,-2.96164721179277
1771879199.1677513,14.07177136339293,5.030142088024333,7.2,53.0,-3.0301420880243333
1771879199.1678238,14.07177136339293,5.030142088024333,7.2,53.0,-3.0301420880243333
1771879199.1719542,14.093175909922088,5.137091166997838,7.2,53.0,-3.1370911669978376
1771879199.172032,14.093175909922088,5.137091166997838,7.2,53.0,-3.1370911669978376
1771879199.176114,14.114838494656974,5.199020336372564,7.2,53.0,-3.1990203363725644
1771879199.176221,14.114838494656974,5.199020336372564,7.2,53.0,-3.1990203363725644
1771879199.1801898,14.1365735747095,5.216419212606056,7.2,53.0,-3.2164192126060556
1771879199.1802602,14.1365735747095,5.216419212606056,7.2,53.0,-3.2164192126060556
1771879199.1843479,14.158546633587632,5.273534130751682,7.2,53.0,-3.273534130751682
1771879199.1844177,14.158546633587632,5.273534130751682,7.2,53.0,-3.273534130751682
1771879199.1885908,14.180681143693661,5.312282425447332,7.2,53.0,-3.312282425447332
1771879199.1887207,14.180681143693661,5.312282425447332,7.2,53.0,-3.312282425447332
1771879199.1887887,14.180681143693661,5.312282425447332,7.2,53.0,-3.312282425447332
1771879199.192677,14.202826558015975,5.314899437355046,7.2,53.0,-3.314899437355046
1771879199.192752,14.202826558015975,5.314899437355046,7.2,53.0,-3.314899437355046
1771879199.1968734,14.22509546264492,5.344537110946769,7.2,53.0,-3.344537110946769
1771879199.1969905,14.22509546264492,5.344537110946769,7.2,53.0,-3.344537110946769
1771879199.2010202,14.247444303395833,5.363721780219419,7.2,53.0,-3.363721780219419
1771879199.2010987,14.247444303395833,5.363721780219419,7.2,53.0,-3.363721780219419
1771879199.2051764,14.269827074125882,5.371864975211692,7.2,53.0,-3.3718649752116923
1771879199.2052636,14.269827074125882,5.371864975211692,7.2,53.0,-3.3718649752116923
1771879199.2093902,14.292277250616467,5.388042357740462,7.2,53.0,-3.3880423577404617
1771879199.2094982,14.292277250616467,5.388042357740462,7.2,53.0,-3.3880423577404617
1771879199.2095885,14.292277250616467,5.388042357740462,7.2,53.0,-3.3880423577404617
1771879199.2135675,14.31473349891263,5.389499591079481,7.2,53.0,-3.389499591079481
1771879199.213649,14.31473349891263,5.389499591079481,7.2,53.0,-3.389499591079481
1771879199.2177377,14.337213733517391,5.395256305142476,7.2,53.0,-3.3952563051424756
1771879199.217807,14.337213733517391,5.395256305142476,7.2,53.0,-3.3952563051424756
1771879199.2219093,14.35980672202399,5.422317241583563,7.2,53.0,-3.4223172415835634
1771879199.2219858,14.35980672202399,5.422317241583563,7.2,53.0,-3.4223172415835634
1771879199.2259893,14.382385998057908,5.419026248140446,7.2,53.0,-3.4190262481404456
1771879199.2260675,14.382385998057908,5.419026248140446,7.2,53.0,-3.4190262481404456
1771879199.2261229,14.382385998057908,5.419026248140446,7.2,53.0,-3.4190262481404456
1771879199.2301998,14.404971717994265,5.420572784725865,7.2,53.0,-3.4205727847258647
1771879199.2302983,14.404971717994265,5.420572784725865,7.2,53.0,-3.4205727847258647
1771879199.2343194,14.427596787120851,5.430016590380785,7.2,53.0,-3.4300165903807853
1771879199.234396,14.427596787120851,5.430016590380785,7.2,53.0,-3.4300165903807853
1771879199.2385595,14.45019525876229,5.4236331939453395,7.2,53.0,-3.4236331939453395
1771879199.238666,14.45019525876229,5.4236331939453395,7.2,53.0,-3.4236331939453395
1771879199.2387226,14.45019525876229,5.4236331939453395,7.2,53.0,-3.4236331939453395
1771879199.2426882,14.472798437508985,5.424762899206767,7.2,53.0,-3.424762899206767
1771879199.2428238,14.472798437508985,5.424762899206767,7.2,53.0,-3.424762899206767
1771879199.2468417,14.495423649568455,5.430050894272728,7.2,53.0,-3.4300508942727284
1771879199.2469404,14.495423649568455,5.430050894272728,7.2,53.0,-3.4300508942727284
1771879199.2509983,14.518063110918842,5.433470724092858,7.2,53.0,-3.4334707240928584
1771879199.251102,14.518063110918842,5.433470724092858,7.2,53.0,-3.4334707240928584
1771879199.2552264,14.540697660534128,5.432291907668922,7.2,53.0,-3.4322919076689216
1771879199.2553413,14.540697660534128,5.432291907668922,7.2,53.0,-3.4322919076689216
1771879199.2553968,14.540697660534128,5.432291907668922,7.2,53.0,-3.4322919076689216
1771879199.2593396,14.563336632610374,5.433353298298989,7.2,53.0,-3.4333532982989894
1771879199.2594466,14.563336632610374,5.433353298298989,7.2,53.0,-3.4333532982989894
1771879199.2634919,14.586012255626553,5.442149523882809,7.2,53.0,-3.442149523882809
1771879199.26359,14.586012255626553,5.442149523882809,7.2,53.0,-3.442149523882809
1771879199.2676778,14.608668822635213,5.43757608207828,7.2,53.0,-3.43757608207828
1771879199.2677562,14.608668822635213,5.43757608207828,7.2,53.0,-3.43757608207828
1771879199.2718751,14.631329464326866,5.438554005996689,7.2,53.0,-3.4385540059966893
1771879199.2719703,14.631329464326866,5.438554005996689,7.2,53.0,-3.4385540059966893
1771879199.2720628,14.631329464326866,5.438554005996689,7.2,53.0,-3.4385540059966893
1771879199.2760017,14.653998439413131,5.440554020703648,7.2,53.0,-3.4405540207036482
1771879199.276096,14.653998439413131,5.440554020703648,7.2,53.0,-3.4405540207036482
1771879199.2802072,14.676705020755502,5.449579522168918,7.2,53.0,-3.449579522168918
1771879199.2803056,14.676705020755502,5.449579522168918,7.2,53.0,-3.449579522168918
1771879199.284342,14.699378480290614,5.441630288426792,7.2,53.0,-3.4416302884267918
1771879199.2844093,14.699378480290614,5.441630288426792,7.2,53.0,-3.4416302884267918
1771879199.2884483,14.722055703223438,5.442533503877846,7.2,53.0,-3.442533503877846
1771879199.2885153,14.722055703223438,5.442533503877846,7.2,53.0,-3.442533503877846
1771879199.2886002,14.722055703223438,5.442533503877846,7.2,53.0,-3.442533503877846
1771879199.2926803,14.7454609590191,5.617261390958963,7.2,53.0,-3.617261390958963
1771879199.2957382,14.7454609590191,5.617261390958963,7.2,53.0,-3.617261390958963
1771879199.296916,14.769339210116156,5.730780263293268,7.2,53.0,-3.7307802632932683
1771879199.2969904,14.769339210116156,5.730780263293268,7.2,53.0,-3.7307802632932683
1771879199.3010976,14.794552825235344,6.051267628605162,7.2,53.0,-4.051267628605162
1771879199.3012025,14.794552825235344,6.051267628605162,7.2,53.0,-4.051267628605162
1771879199.3012593,14.794552825235344,6.051267628605162,7.2,53.0,-4.051267628605162
1771879199.3052354,14.82052663481406,6.233714298891552,7.2,53.0,-4.233714298891552
1771879199.3053482,14.82052663481406,6.233714298891552,7.2,53.0,-4.233714298891552
1771879199.3054051,14.82052663481406,6.233714298891552,7.2,53.0,-4.233714298891552
1771879199.3094087,14.847200499850109,6.401727608651745,7.2,53.0,-4.401727608651745
1771879199.309486,14.847200499850109,6.401727608651745,7.2,53.0,-4.401727608651745
1771879199.3136399,14.874363366458827,6.519087986092412,7.2,53.0,-4.519087986092412
1771879199.3137581,14.874363366458827,6.519087986092412,7.2,53.0,-4.519087986092412
1771879199.3138485,14.874363366458827,6.519087986092412,7.2,53.0,-4.519087986092412
1771879199.3178236,14.9020024355179,6.633376574177542,7.2,53.0,-4.633376574177542
1771879199.3179996,14.9020024355179,6.633376574177542,7.2,53.0,-4.633376574177542
1771879199.318085,14.9020024355179,6.633376574177542,7.2,53.0,-4.633376574177542
1771879199.321949,14.930008948821024,6.721563192749653,7.2,53.0,-4.721563192749653
1771879199.3220756,14.930008948821024,6.721563192749653,7.2,53.0,-4.721563192749653
1771879199.3221402,14.930008948821024,6.721563192749653,7.2,53.0,-4.721563192749653
1771879199.3261085,14.958344708616819,6.800582350990582,7.2,53.0,-4.800582350990582
1771879199.3262055,14.958344708616819,6.800582350990582,7.2,53.0,-4.800582350990582
1771879199.3301902,14.986841234346485,6.83916617511986,7.2,53.0,-4.83916617511986
1771879199.3302782,14.986841234346485,6.83916617511986,7.2,53.0,-4.83916617511986
1771879199.3303351,14.986841234346485,6.83916617511986,7.2,53.0,-4.83916617511986
1771879199.3343906,15.015499308612169,6.87793782376401,7.2,53.0,-4.87793782376401
1771879199.334478,15.015499308612169,6.87793782376401,7.2,53.0,-4.87793782376401
1771879199.3345408,15.015499308612169,6.87793782376401,7.2,53.0,-4.87793782376401
1771879199.3385587,15.04424614989091,6.899241906897888,7.2,53.0,-4.899241906897888
1771879199.3386216,15.04424614989091,6.899241906897888,7.2,53.0,-4.899241906897888
1771879199.338705,15.04424614989091,6.899241906897888,7.2,53.0,-4.899241906897888
1771879199.3427002,15.073093254794797,6.923305176932833,7.2,53.0,-4.923305176932833
1771879199.342762,15.073093254794797,6.923305176932833,7.2,53.0,-4.923305176932833
1771879199.3428326,15.073093254794797,6.923305176932833,7.2,53.0,-4.923305176932833
1771879199.3468485,15.102013057467891,6.9407526415428435,7.2,53.0,-4.9407526415428435
1771879199.3469098,15.102013057467891,6.9407526415428435,7.2,53.0,-4.9407526415428435
1771879199.346963,15.102013057467891,6.9407526415428435,7.2,53.0,-4.9407526415428435
1771879199.350983,15.131023221076505,6.962439266067476,7.2,53.0,-4.962439266067476
1771879199.3510447,15.131023221076505,6.962439266067476,7.2,53.0,-4.962439266067476
1771879199.3510976,15.131023221076505,6.962439266067476,7.2,53.0,-4.962439266067476
1771879199.355149,15.16001999555248,6.959225874233802,7.2,53.0,-4.959225874233802
1771879199.3552096,15.16001999555248,6.959225874233802,7.2,53.0,-4.959225874233802
1771879199.3552618,15.16001999555248,6.959225874233802,7.2,53.0,-4.959225874233802
1771879199.3593538,15.189024450792717,6.961069257656994,7.2,53.0,-4.961069257656994
1771879199.359443,15.189024450792717,6.961069257656994,7.2,53.0,-4.961069257656994
1771879199.3634539,15.218002971895961,6.9548450647785405,7.2,53.0,-4.9548450647785405
1771879199.3635697,15.218002971895961,6.9548450647785405,7.2,53.0,-4.9548450647785405
1771879199.3636546,15.218002971895961,6.9548450647785405,7.2,53.0,-4.9548450647785405
1771879199.3676507,15.246989632435989,6.9567985296065,7.2,53.0,-4.9567985296065
1771879199.367765,15.246989632435989,6.9567985296065,7.2,53.0,-4.9567985296065
1771879199.3678203,15.246989632435989,6.9567985296065,7.2,53.0,-4.9567985296065
1771879199.3718083,15.276058847666116,6.976611655230363,7.2,53.0,-4.976611655230363
1771879199.3718994,15.276058847666116,6.976611655230363,7.2,53.0,-4.976611655230363
1771879199.3719552,15.276058847666116,6.976611655230363,7.2,53.0,-4.976611655230363
1771879199.3760173,15.3050850783321,6.966295359836176,7.2,53.0,-4.966295359836176
1771879199.3761091,15.3050850783321,6.966295359836176,7.2,53.0,-4.966295359836176
1771879199.3761861,15.3050850783321,6.966295359836176,7.2,53.0,-4.966295359836176
1771879199.3801162,15.334064296632794,6.955012392166709,7.2,53.0,-4.955012392166709
1771879199.3802772,15.334064296632794,6.955012392166709,7.2,53.0,-4.955012392166709
1771879199.3803759,15.334064296632794,6.955012392166709,7.2,53.0,-4.955012392166709
1771879199.384276,15.362750540535025,6.884698536535233,7.2,53.0,-4.884698536535233
1771879199.384372,15.362750540535025,6.884698536535233,7.2,53.0,-4.884698536535233
1771879199.3844268,15.362750540535025,6.884698536535233,7.2,53.0,-4.884698536535233
1771879199.3886223,15.390558615954989,6.673938100791372,7.2,53.0,-4.673938100791372
1771879199.3887737,15.390558615954989,6.673938100791372,7.2,53.0,-4.673938100791372
1771879199.388854,15.390558615954989,6.673938100791372,7.2,53.0,-4.673938100791372
1771879199.3926742,15.417598464172185,6.489563572126937,7.2,53.0,-4.489563572126937
1771879199.3927526,15.417598464172185,6.489563572126937,7.2,53.0,-4.489563572126937
1771879199.3968875,15.444159627426298,6.374679180987315,7.2,53.0,-4.374679180987315
1771879199.3970013,15.444159627426298,6.374679180987315,7.2,53.0,-4.374679180987315
1771879199.397057,15.444159627426298,6.374679180987315,7.2,53.0,-4.374679180987315
1771879199.4010217,15.470100558202716,6.225823386340312,7.2,53.0,-4.225823386340312
1771879199.4011567,15.470100558202716,6.225823386340312,7.2,53.0,-4.225823386340312
1771879199.4012225,15.470100558202716,6.225823386340312,7.2,53.0,-4.225823386340312
1771879199.4052606,15.495354032305666,6.060833784708022,7.2,53.0,-4.060833784708022
1771879199.4053817,15.495354032305666,6.060833784708022,7.2,53.0,-4.060833784708022
1771879199.4093423,15.520449713110738,6.022963393216989,7.2,53.0,-4.022963393216989
1771879199.409421,15.520449713110738,6.022963393216989,7.2,53.0,-4.022963393216989
1771879199.4094987,15.520449713110738,6.022963393216989,7.2,53.0,-4.022963393216989
1771879199.4134939,15.54527968600926,5.959193495645467,7.2,53.0,-3.959193495645467
1771879199.413588,15.54527968600926,5.959193495645467,7.2,53.0,-3.959193495645467
1771879199.4177606,15.569740207749357,5.87052521762299,7.2,53.0,-3.8705252176229896
1771879199.4178746,15.569740207749357,5.87052521762299,7.2,53.0,-3.8705252176229896
1771879199.4218469,15.594186863339466,5.867197341626397,7.2,53.0,-3.8671973416263974
1771879199.421949,15.594186863339466,5.867197341626397,7.2,53.0,-3.8671973416263974
1771879199.422045,15.594186863339466,5.867197341626397,7.2,53.0,-3.8671973416263974
1771879199.4260082,15.61851153977416,5.8379223443261585,7.2,53.0,-3.8379223443261585
1771879199.4260857,15.61851153977416,5.8379223443261585,7.2,53.0,-3.8379223443261585
1771879199.430191,15.64260095181424,5.781458889619295,7.2,53.0,-3.7814588896192953
1771879199.4302711,15.64260095181424,5.781458889619295,7.2,53.0,-3.7814588896192953
1771879199.4303265,15.64260095181424,5.781458889619295,7.2,53.0,-3.7814588896192953
1771879199.434252,15.66669180233201,5.781804124264893,7.2,53.0,-3.7818041242648928
1771879199.4343286,15.66669180233201,5.781804124264893,7.2,53.0,-3.7818041242648928
1771879199.4384816,15.690776740963072,5.7803852714547475,7.2,53.0,-3.7803852714547475
1771879199.438647,15.690776740963072,5.7803852714547475,7.2,53.0,-3.7803852714547475
1771879199.4387188,15.690776740963072,5.7803852714547475,7.2,53.0,-3.7803852714547475
1771879199.4427233,15.714708338865442,5.743583496568701,7.2,53.0,-3.743583496568701
1771879199.4427934,15.714708338865442,5.743583496568701,7.2,53.0,-3.743583496568701
1771879199.4468124,15.738637546547643,5.743009843728282,7.2,53.0,-3.7430098437282817
1771879199.4469383,15.738637546547643,5.743009843728282,7.2,53.0,-3.7430098437282817
1771879199.450943,15.762582709559766,5.746839122909192,7.2,53.0,-3.7468391229091917
1771879199.4510384,15.762582709559766,5.746839122909192,7.2,53.0,-3.7468391229091917
1771879199.4510927,15.762582709559766,5.746839122909192,7.2,53.0,-3.7468391229091917
1771879199.455182,15.786405031353864,5.71735723058361,7.2,53.0,-3.71735723058361
1771879199.4552596,15.786405031353864,5.71735723058361,7.2,53.0,-3.71735723058361
1771879199.4592252,15.810225377987809,5.716883192146816,7.2,53.0,-3.716883192146816
1771879199.459323,15.810225377987809,5.716883192146816,7.2,53.0,-3.716883192146816
1771879199.4593778,15.810225377987809,5.716883192146816,7.2,53.0,-3.716883192146816
1771879199.4634075,15.834044426924565,5.716571744821376,7.2,53.0,-3.716571744821376
1771879199.4635177,15.834044426924565,5.716571744821376,7.2,53.0,-3.716571744821376
1771879199.4676323,15.857831112356207,5.7088045035939725,7.2,53.0,-3.7088045035939725
1771879199.4677446,15.857831112356207,5.7088045035939725,7.2,53.0,-3.7088045035939725
1771879199.4717913,15.881510084102542,5.682953219120561,7.2,53.0,-3.682953219120561
1771879199.4719222,15.881510084102542,5.682953219120561,7.2,53.0,-3.682953219120561
1771879199.472028,15.881510084102542,5.682953219120561,7.2,53.0,-3.682953219120561
1771879199.475883,15.905183928466792,5.681722647420203,7.2,53.0,-3.6817226474202034
1771879199.475966,15.905183928466792,5.681722647420203,7.2,53.0,-3.6817226474202034
1771879199.4800858,15.928865656417997,5.683614708289005,7.2,53.0,-3.6836147082890047
1771879199.4801984,15.928865656417997,5.683614708289005,7.2,53.0,-3.6836147082890047
1771879199.4842548,15.95247050363169,5.665163331286113,7.2,53.0,-3.665163331286113
1771879199.4843647,15.95247050363169,5.665163331286113,7.2,53.0,-3.665163331286113
1771879199.484422,15.95247050363169,5.665163331286113,7.2,53.0,-3.665163331286113
1771879199.4884195,15.976070497239599,5.663998465898225,7.2,53.0,-3.663998465898225
1771879199.4885461,15.976070497239599,5.663998465898225,7.2,53.0,-3.663998465898225
1771879199.4925814,15.999673380967296,5.664692094647344,7.2,53.0,-3.664692094647344
1771879199.4927778,15.999673380967296,5.664692094647344,7.2,53.0,-3.664692094647344
1771879199.4967322,16.023226501171546,5.652748849019734,7.2,53.0,-3.6527488490197344
1771879199.496822,16.023226501171546,5.652748849019734,7.2,53.0,-3.6527488490197344
1771879199.4968805,16.023226501171546,5.652748849019734,7.2,53.0,-3.6527488490197344
1771879199.5009115,16.046774848940785,5.651603464617643,7.2,53.0,-3.6516034646176427
1771879199.5010228,16.046774848940785,5.651603464617643,7.2,53.0,-3.6516034646176427
1771879199.50505,16.070323019680295,5.65156097748195,7.2,53.0,-3.6515609774819504
1771879199.505122,16.070323019680295,5.65156097748195,7.2,53.0,-3.6515609774819504
1771879199.5051794,16.070323019680295,5.65156097748195,7.2,53.0,-3.6515609774819504
1771879199.5092044,16.093839575102816,5.64397330140499,7.2,53.0,-3.6439733014049898
1771879199.5093052,16.093839575102816,5.64397330140499,7.2,53.0,-3.6439733014049898
1771879199.513456,16.117351351337682,5.642826296368091,7.2,53.0,-3.6428262963680913
1771879199.513561,16.117351351337682,5.642826296368091,7.2,53.0,-3.6428262963680913
1771879199.5175595,16.140860790205046,5.642265328167597,7.2,53.0,-3.642265328167597
1771879199.517668,16.140860790205046,5.642265328167597,7.2,53.0,-3.642265328167597
1771879199.5177236,16.140860790205046,5.642265328167597,7.2,53.0,-3.642265328167597
1771879199.5217483,16.164344178496695,5.636013189995515,7.2,53.0,-3.6360131899955146
1771879199.5218747,16.164344178496695,5.636013189995515,7.2,53.0,-3.6360131899955146
1771879199.5259187,16.187822740766777,5.634854944819624,7.2,53.0,-3.634854944819624
1771879199.5260248,16.187822740766777,5.634854944819624,7.2,53.0,-3.634854944819624
1771879199.5300956,16.21129720328648,5.633871004729083,7.2,53.0,-3.633871004729083
1771879199.5301845,16.21129720328648,5.633871004729083,7.2,53.0,-3.633871004729083
1771879199.5302532,16.21129720328648,5.633871004729083,7.2,53.0,-3.633871004729083
1771879199.5342948,16.23477067448096,5.633633086674615,7.2,53.0,-3.6336330866746147
1771879199.534374,16.23477067448096,5.633633086674615,7.2,53.0,-3.6336330866746147
1771879199.5384011,16.258239217034593,5.632450212872433,7.2,53.0,-3.632450212872433
1771879199.5384753,16.258239217034593,5.632450212872433,7.2,53.0,-3.632450212872433
1771879199.5426264,16.281703372863788,5.631397399007305,7.2,53.0,-3.631397399007305
1771879199.5427182,16.281703372863788,5.631397399007305,7.2,53.0,-3.631397399007305
1771879199.5427828,16.281703372863788,5.631397399007305,7.2,53.0,-3.631397399007305
1771879199.546778,16.305152106728233,5.627696127466797,7.2,53.0,-3.6276961274667974
1771879199.5468829,16.305152106728233,5.627696127466797,7.2,53.0,-3.6276961274667974
1771879199.5509183,16.328595806943504,5.626488051665277,7.2,53.0,-3.6264880516652767
1771879199.551018,16.328595806943504,5.626488051665277,7.2,53.0,-3.6264880516652767
1771879199.5551367,16.35212149370275,5.6461648222193075,7.2,53.0,-3.6461648222193075
1771879199.5552356,16.35212149370275,5.6461648222193075,7.2,53.0,-3.6461648222193075
1771879199.5552964,16.35212149370275,5.6461648222193075,7.2,53.0,-3.6461648222193075
1771879199.559225,16.375555522997214,5.624167030671512,7.2,53.0,-3.6241670306715124
1771879199.5593004,16.375555522997214,5.624167030671512,7.2,53.0,-3.6241670306715124
1771879199.5634582,16.398984523506005,5.6229601221100065,7.2,53.0,-3.6229601221100065
1771879199.563567,16.398984523506005,5.6229601221100065,7.2,53.0,-3.6229601221100065
1771879199.5676227,16.42239288198064,5.618006033912957,7.2,53.0,-3.618006033912957
1771879199.5677097,16.42239288198064,5.618006033912957,7.2,53.0,-3.618006033912957
1771879199.5678234,16.42239288198064,5.618006033912957,7.2,53.0,-3.618006033912957
1771879199.5718164,16.445620453968697,5.574617277133401,7.2,53.0,-3.5746172771334006
1771879199.5719137,16.445620453968697,5.574617277133401,7.2,53.0,-3.5746172771334006
1771879199.5759413,16.468843592451258,5.5735532358141,7.2,53.0,-3.5735532358141002
1771879199.5760174,16.468843592451258,5.5735532358141,7.2,53.0,-3.5735532358141002
1771879199.5800729,16.492050961228983,5.569768506654353,7.2,53.0,-3.569768506654353
1771879199.5801477,16.492050961228983,5.569768506654353,7.2,53.0,-3.569768506654353
1771879199.5802014,16.492050961228983,5.569768506654353,7.2,53.0,-3.569768506654353
1771879199.5844436,16.514743314246825,5.44616472428226,7.2,53.0,-3.4461647242822604
1771879199.584519,16.514743314246825,5.44616472428226,7.2,53.0,-3.4461647242822604
1771879199.5884733,16.537070849052277,5.358608353308436,7.2,53.0,-3.358608353308436
1771879199.588601,16.537070849052277,5.358608353308436,7.2,53.0,-3.358608353308436
1771879199.592617,16.559322881296108,5.340487738519669,7.2,53.0,-3.340487738519669
1771879199.5927277,16.559322881296108,5.340487738519669,7.2,53.0,-3.340487738519669
1771879199.5969055,16.581326893137177,5.280962841856942,7.2,53.0,-3.280962841856942
1771879199.5969849,16.581326893137177,5.280962841856942,7.2,53.0,-3.280962841856942
1771879199.59704,16.581326893137177,5.280962841856942,7.2,53.0,-3.280962841856942
1771879199.6009357,16.603259018882632,5.26371017890952,7.2,53.0,-3.2637101789095198
1771879199.6010096,16.603259018882632,5.26371017890952,7.2,53.0,-3.2637101789095198
1771879199.6051362,16.625093404928858,5.240252651093981,7.2,53.0,-3.2402526510939813
1771879199.60522,16.625093404928858,5.240252651093981,7.2,53.0,-3.2402526510939813
1771879199.6093054,16.64685631095455,5.223097446165801,7.2,53.0,-3.2230974461658013
1771879199.6093976,16.64685631095455,5.223097446165801,7.2,53.0,-3.2230974461658013
1771879199.6134706,16.668561637563176,5.209278386069944,7.2,53.0,-3.2092783860699443
1771879199.613564,16.668561637563176,5.209278386069944,7.2,53.0,-3.2092783860699443
1771879199.6177845,16.690100132768436,5.169238849262516,7.2,53.0,-3.1692388492625163
1771879199.6178632,16.690100132768436,5.169238849262516,7.2,53.0,-3.1692388492625163
1771879199.6179185,16.690100132768436,5.169238849262516,7.2,53.0,-3.1692388492625163
1771879199.6217687,16.711568673965676,5.152449887337398,7.2,53.0,-3.152449887337398
1771879199.621843,16.711568673965676,5.152449887337398,7.2,53.0,-3.152449887337398
1771879199.6259942,16.732965232824004,5.135174125998914,7.2,53.0,-3.1351741259989137
1771879199.6260912,16.732965232824004,5.135174125998914,7.2,53.0,-3.1351741259989137
1771879199.6302354,16.75412001692196,5.077148183509047,7.2,53.0,-3.0771481835090473
1771879199.6304088,16.75412001692196,5.077148183509047,7.2,53.0,-3.0771481835090473
1771879199.634272,16.77520664802831,5.060791465524007,7.2,53.0,-3.060791465524007
1771879199.634401,16.77520664802831,5.060791465524007,7.2,53.0,-3.060791465524007
1771879199.638709,16.796188657567058,5.035682289300042,7.2,53.0,-3.035682289300042
1771879199.6388123,16.796188657567058,5.035682289300042,7.2,53.0,-3.035682289300042
1771879199.6426287,16.817103228147015,5.019496939189537,7.2,53.0,-3.019496939189537
1771879199.642704,16.817103228147015,5.019496939189537,7.2,53.0,-3.019496939189537
1771879199.6468117,16.837970606807144,5.008170878430608,7.2,53.0,-3.008170878430608
1771879199.6469042,16.837970606807144,5.008170878430608,7.2,53.0,-3.008170878430608
1771879199.6510968,16.858624811922187,4.957009227610667,7.2,53.0,-2.9570092276106674
1771879199.6512392,16.858624811922187,4.957009227610667,7.2,53.0,-2.9570092276106674
1771879199.6551301,16.879213142122357,4.941199248040822,7.2,53.0,-2.941199248040822
1771879199.655212,16.879213142122357,4.941199248040822,7.2,53.0,-2.941199248040822
1771879199.6594214,16.899703838289117,4.917767080022888,7.2,53.0,-2.9177670800228883
1771879199.659501,16.899703838289117,4.917767080022888,7.2,53.0,-2.9177670800228883
1771879199.6634355,16.92002026401964,4.875942175325574,7.2,53.0,-2.875942175325574
1771879199.6635087,16.92002026401964,4.875942175325574,7.2,53.0,-2.875942175325574
1771879199.663585,16.92002026401964,4.875942175325574,7.2,53.0,-2.875942175325574
1771879199.6676354,16.94028529717244,4.863607956672378,7.2,53.0,-2.8636079566723778
1771879199.6677396,16.94028529717244,4.863607956672378,7.2,53.0,-2.8636079566723778
1771879199.671993,16.96042358661166,4.833189465412681,7.2,53.0,-2.833189465412681
1771879199.6721282,16.96042358661166,4.833189465412681,7.2,53.0,-2.833189465412681
1771879199.6759458,16.98044475774005,4.805081070812792,7.2,53.0,-2.8050810708127916
1771879199.676032,16.98044475774005,4.805081070812792,7.2,53.0,-2.8050810708127916
1771879199.680116,17.00037945521608,4.7843273942478595,7.2,53.0,-2.7843273942478595
1771879199.6801934,17.00037945521608,4.7843273942478595,7.2,53.0,-2.7843273942478595
1771879199.684281,17.02016570620933,4.748700238379419,7.2,53.0,-2.748700238379419
1771879199.6843562,17.02016570620933,4.748700238379419,7.2,53.0,-2.748700238379419
1771879199.6884835,17.039897156430165,4.735548053000248,7.2,53.0,-2.7355480530002483
1771879199.6926975,17.059533871234972,4.712811553153674,7.2,53.0,-2.7128115531536743
1771879199.6928322,17.059533871234972,4.712811553153674,7.2,53.0,-2.7128115531536743
1771879199.6967854,17.0790983061398,4.695464377158959,7.2,53.0,-2.6954643771589586
1771879199.696907,17.0790983061398,4.695464377158959,7.2,53.0,-2.6954643771589586
1771879199.7009284,17.098591502247924,4.678367065949673,7.2,53.0,-2.678367065949673
1771879199.701055,17.098591502247924,4.678367065949673,7.2,53.0,-2.678367065949673
1771879199.7051003,17.117859171168067,4.624240540834546,7.2,53.0,-2.6242405408345464
1771879199.705197,17.117859171168067,4.624240540834546,7.2,53.0,-2.6242405408345464
1771879199.7092848,17.137040007979053,4.603400834636235,7.2,53.0,-2.6034008346362354
1771879199.7093997,17.137040007979053,4.603400834636235,7.2,53.0,-2.6034008346362354
1771879199.7135115,17.15611832279708,4.578795556326987,7.2,53.0,-2.5787955563269866
1771879199.7136304,17.15611832279708,4.578795556326987,7.2,53.0,-2.5787955563269866
1771879199.7176347,17.175128028462733,4.562329359757056,7.2,53.0,-2.5623293597570562
1771879199.7177498,17.175128028462733,4.562329359757056,7.2,53.0,-2.5623293597570562
1771879199.7218294,17.194059834066667,4.54363334494417,7.2,53.0,-2.54363334494417
1771879199.7219157,17.194059834066667,4.54363334494417,7.2,53.0,-2.54363334494417
1771879199.725908,17.212936535612958,4.530408371109738,7.2,53.0,-2.530408371109738
1771879199.7260032,17.212936535612958,4.530408371109738,7.2,53.0,-2.530408371109738
1771879199.7301047,17.2317506634294,4.515390675945452,7.2,53.0,-2.5153906759454516
1771879199.7302215,17.2317506634294,4.515390675945452,7.2,53.0,-2.5153906759454516
1771879199.7343602,17.250439443721298,4.485307270056159,7.2,53.0,-2.4853072700561594
1771879199.7344563,17.250439443721298,4.485307270056159,7.2,53.0,-2.4853072700561594
1771879199.7384503,17.269005275868988,4.455799715445643,7.2,53.0,-2.455799715445643
1771879199.7426114,17.2874700965731,4.431556968986578,7.2,53.0,-2.4315569689865777
1771879199.7427227,17.2874700965731,4.431556968986578,7.2,53.0,-2.4315569689865777
1771879199.7467604,17.305897446837648,4.422564063492094,7.2,53.0,-2.4225640634920937
1771879199.7468445,17.305897446837648,4.422564063492094,7.2,53.0,-2.4225640634920937
1771879199.750971,17.324195512367233,4.391535727100098,7.2,53.0,-2.3915357271000977
1771879199.751087,17.324195512367233,4.391535727100098,7.2,53.0,-2.3915357271000977
1771879199.7551823,17.342417358450998,4.373243060103508,7.2,53.0,-2.3732430601035084
1771879199.7552936,17.342417358450998,4.373243060103508,7.2,53.0,-2.3732430601035084
1771879199.759245,17.360582297518352,4.359585376165183,7.2,53.0,-2.3595853761651826
1771879199.7593465,17.360582297518352,4.359585376165183,7.2,53.0,-2.3595853761651826
1771879199.7634444,17.37860184406837,4.324691172004413,7.2,53.0,-2.324691172004413
1771879199.7675812,17.396571016570284,4.312601400459617,7.2,53.0,-2.3126014004596174
1771879199.7676854,17.396571016570284,4.312601400459617,7.2,53.0,-2.3126014004596174
1771879199.7718372,17.41443605944126,4.287610289034741,7.2,53.0,-2.287610289034741
1771879199.771944,17.41443605944126,4.287610289034741,7.2,53.0,-2.287610289034741
1771879199.7759874,17.43225590830941,4.276763728356409,7.2,53.0,-2.276763728356409
1771879199.7760763,17.43225590830941,4.276763728356409,7.2,53.0,-2.276763728356409
1771879199.7801256,17.45000228016176,4.2591292445633595,7.2,53.0,-2.2591292445633595
1771879199.7802377,17.45000228016176,4.2591292445633595,7.2,53.0,-2.2591292445633595
1771879199.7842596,17.467608116152544,4.225400637788195,7.2,53.0,-2.225400637788195
1771879199.7884169,17.48515610700242,4.211517803970395,7.2,53.0,-2.211517803970395
1771879199.788494,17.48515610700242,4.211517803970395,7.2,53.0,-2.211517803970395
1771879199.7926528,17.50257997071874,4.1817272919172686,7.2,53.0,-2.1817272919172686
1771879199.7927623,17.50257997071874,4.1817272919172686,7.2,53.0,-2.1817272919172686
1771879199.7968402,17.519997252607233,4.180147653238137,7.2,53.0,-2.180147653238137
1771879199.80102,17.537190345340647,4.126342256019466,7.2,53.0,-2.1263422560194662
1771879199.8011243,17.537190345340647,4.126342256019466,7.2,53.0,-2.1263422560194662
1771879199.8050854,17.55434358547413,4.11677763203517,7.2,53.0,-2.11677763203517
1771879199.8051517,17.55434358547413,4.11677763203517,7.2,53.0,-2.11677763203517
1771879199.8093653,17.571360785871303,4.084128095321601,7.2,53.0,-2.084128095321601
1771879199.809432,17.571360785871303,4.084128095321601,7.2,53.0,-2.084128095321601
1771879199.8135111,17.588344750005678,4.076151392250084,7.2,53.0,-2.0761513922500843
1771879199.8177114,17.605230421162194,4.052561077563561,7.2,53.0,-2.0525610775635608
1771879199.8178682,17.605230421162194,4.052561077563561,7.2,53.0,-2.0525610775635608
1771879199.8218188,17.62208519057853,4.045144659921344,7.2,53.0,-2.045144659921344
1771879199.8219173,17.62208519057853,4.045144659921344,7.2,53.0,-2.045144659921344
1771879199.8260665,17.6394298154909,4.162709978968692,7.2,53.0,-2.1627099789686923
1771879199.830099,17.65767052597529,4.377770516254409,7.2,53.0,-2.377770516254409
1771879199.8301637,17.65767052597529,4.377770516254409,7.2,53.0,-2.377770516254409
1771879199.8344555,17.676558662851868,4.533152850378432,7.2,53.0,-2.533152850378432
1771879199.8345459,17.676558662851868,4.533152850378432,7.2,53.0,-2.533152850378432
1771879199.838517,17.69558370839905,4.566010931323188,7.2,53.0,-2.566010931323188
1771879199.838589,17.69558370839905,4.566010931323188,7.2,53.0,-2.566010931323188
1771879199.8427937,17.71490719138562,4.637635916776917,7.2,53.0,-2.637635916776917
1771879199.8428736,17.71490719138562,4.637635916776917,7.2,53.0,-2.637635916776917
1771879199.8468602,17.734174996591562,4.624273249425687,7.2,53.0,-2.624273249425687
1771879199.8469243,17.734174996591562,4.624273249425687,7.2,53.0,-2.624273249425687
1771879199.8510706,17.753647897448474,4.67349620565887,7.2,53.0,-2.6734962056588696
1771879199.851133,17.753647897448474,4.67349620565887,7.2,53.0,-2.6734962056588696
1771879199.8551998,17.773152882245235,4.681196351222973,7.2,53.0,-2.6811963512229733
1771879199.855268,17.773152882245235,4.681196351222973,7.2,53.0,-2.6811963512229733
1771879199.8594627,17.79269058228789,4.689048010236753,7.2,53.0,-2.6890480102367533
1771879199.859622,17.79269058228789,4.689048010236753,7.2,53.0,-2.6890480102367533
1771879199.8636444,17.812277538762064,4.700869553801877,7.2,53.0,-2.700869553801877
1771879199.86374,17.812277538762064,4.700869553801877,7.2,53.0,-2.700869553801877
1771879199.867754,17.831871846127378,4.702633767675227,7.2,53.0,-2.702633767675227
1771879199.8679228,17.831871846127378,4.702633767675227,7.2,53.0,-2.702633767675227
1771879199.8719273,17.85160205991177,4.7352513082537335,7.2,53.0,-2.7352513082537335
1771879199.8720114,17.85160205991177,4.7352513082537335,7.2,53.0,-2.7352513082537335
1771879199.876053,17.87131337738995,4.730716194763066,7.2,53.0,-2.7307161947630663
1771879199.8761694,17.87131337738995,4.730716194763066,7.2,53.0,-2.7307161947630663
1771879199.8803446,17.891088611954412,4.746056295470977,7.2,53.0,-2.746056295470977
1771879199.8804646,17.891088611954412,4.746056295470977,7.2,53.0,-2.746056295470977
1771879199.8843608,17.91077549646606,4.724852282795009,7.2,53.0,-2.724852282795009
1771879199.8844674,17.91077549646606,4.724852282795009,7.2,53.0,-2.724852282795009
1771879199.8884645,17.93047221763604,4.727213080795693,7.2,53.0,-2.7272130807956927
1771879199.888583,17.93047221763604,4.727213080795693,7.2,53.0,-2.7272130807956927
1771879199.892609,17.9500967703202,4.709892644197999,7.2,53.0,-2.709892644197999
1771879199.892705,17.9500967703202,4.709892644197999,7.2,53.0,-2.709892644197999
1771879199.8967957,17.96970439625807,4.705830225088438,7.2,53.0,-2.7058302250884383
1771879199.9010112,17.98926271581785,4.693996694347362,7.2,53.0,-2.693996694347362
1771879199.90112,17.98926271581785,4.693996694347362,7.2,53.0,-2.693996694347362
1771879199.905123,18.008805020609365,4.690153149963174,7.2,53.0,-2.690153149963174
1771879199.905206,18.008805020609365,4.690153149963174,7.2,53.0,-2.690153149963174
1771879199.909463,18.02830560910609,4.680141239214315,7.2,53.0,-2.680141239214315
1771879199.9096293,18.02830560910609,4.680141239214315,7.2,53.0,-2.680141239214315
1771879199.9134793,18.047682064846224,4.65034937763206,7.2,53.0,-2.65034937763206
1771879199.9135673,18.047682064846224,4.65034937763206,7.2,53.0,-2.65034937763206
1771879199.917944,18.06704068745976,4.646069427247945,7.2,53.0,-2.6460694272479452
1771879199.9180312,18.06704068745976,4.646069427247945,7.2,53.0,-2.6460694272479452
1771879199.9221156,18.086212113574355,4.601142267503273,7.2,53.0,-2.601142267503273
1771879199.9222124,18.086212113574355,4.601142267503273,7.2,53.0,-2.601142267503273
1771879199.926014,18.105372489140937,4.598490135979663,7.2,53.0,-2.598490135979663
1771879199.9260945,18.105372489140937,4.598490135979663,7.2,53.0,-2.598490135979663
1771879199.9302666,18.124356490880032,4.556160417382993,7.2,53.0,-2.5561604173829933
1771879199.9304054,18.124356490880032,4.556160417382993,7.2,53.0,-2.5561604173829933
1771879199.9342792,18.143308952869184,4.5485908773959896,7.2,53.0,-2.5485908773959896
1771879199.9343545,18.143308952869184,4.5485908773959896,7.2,53.0,-2.5485908773959896
1771879199.9386492,18.16219779109975,4.533321175335756,7.2,53.0,-2.5333211753357556
1771879199.9387624,18.16219779109975,4.533321175335756,7.2,53.0,-2.5333211753357556
1771879199.94271,18.181040152103943,4.522166641006242,7.2,53.0,-2.522166641006242
1771879199.9428163,18.181040152103943,4.522166641006242,7.2,53.0,-2.522166641006242
1771879199.9470527,18.199813834759798,4.505683837404927,7.2,53.0,-2.505683837404927
1771879199.9509506,18.21856131655324,4.499395630426849,7.2,53.0,-2.499395630426849
1771879199.9510384,18.21856131655324,4.499395630426849,7.2,53.0,-2.499395630426849
1771879199.9552374,18.237235906425806,4.4819015694151645,7.2,53.0,-2.4819015694151645
1771879199.9553223,18.237235906425806,4.4819015694151645,7.2,53.0,-2.4819015694151645
1771879199.959339,18.255783562478893,4.451437452740536,7.2,53.0,-2.451437452740536
1771879199.9594553,18.255783562478893,4.451437452740536,7.2,53.0,-2.451437452740536
1771879199.9635193,18.274308693891093,4.446031538928027,7.2,53.0,-2.446031538928027
1771879199.9636297,18.274308693891093,4.446031538928027,7.2,53.0,-2.446031538928027
1771879199.9677863,18.292775808791163,4.432107576016531,7.2,53.0,-2.4321075760165307
1771879199.9678879,18.292775808791163,4.432107576016531,7.2,53.0,-2.4321075760165307
1771879199.9718409,18.311221542301016,4.426976042364675,7.2,53.0,-2.426976042364675
1771879199.9719262,18.311221542301016,4.426976042364675,7.2,53.0,-2.426976042364675
1771879199.9759912,18.329804249474158,4.459849721554225,7.2,53.0,-2.4598497215542254
1771879199.9801946,18.34867769197232,4.529626199558559,7.2,53.0,-2.5296261995585594
1771879199.980283,18.34867769197232,4.529626199558559,7.2,53.0,-2.5296261995585594
1771879199.984435,18.367475421840833,4.511455168442917,7.2,53.0,-2.511455168442917
1771879199.9846041,18.367475421840833,4.511455168442917,7.2,53.0,-2.511455168442917
1771879199.9885497,18.386593880371784,4.588430047427776,7.2,53.0,-2.588430047427776
1771879199.9886692,18.386593880371784,4.588430047427776,7.2,53.0,-2.588430047427776
1771879199.9926891,18.405656031649897,4.574916306747391,7.2,53.0,-2.574916306747391
1771879199.9928231,18.405656031649897,4.574916306747391,7.2,53.0,-2.574916306747391
1771879199.9968307,18.424882593670862,4.614374885031822,7.2,53.0,-2.614374885031822
1771879199.9969091,18.424882593670862,4.614374885031822,7.2,53.0,-2.614374885031822
1771879200.0011983,18.444092735168258,4.610433959375096,7.2,53.0,-2.6104339593750963
1771879200.0013108,18.444092735168258,4.610433959375096,7.2,53.0,-2.6104339593750963
1771879200.0053186,18.463299312509935,4.609578562002477,7.2,53.0,-2.6095785620024774
1771879200.005458,18.463299312509935,4.609578562002477,7.2,53.0,-2.6095785620024774
1771879200.0093312,18.48262268768927,4.6376100430398415,7.2,53.0,-2.6376100430398415
1771879200.0094573,18.48262268768927,4.6376100430398415,7.2,53.0,-2.6376100430398415
1771879200.0136197,18.501796728532117,4.6017698022837195,7.2,53.0,-2.6017698022837195
1771879200.0137162,18.501796728532117,4.6017698022837195,7.2,53.0,-2.6017698022837195
1771879200.0176709,18.521171043608245,4.649835618271053,7.2,53.0,-2.6498356182710534
1771879200.0177495,18.521171043608245,4.649835618271053,7.2,53.0,-2.6498356182710534
1771879200.0219512,18.54046036308279,4.629436673890802,7.2,53.0,-2.629436673890802
1771879200.0220642,18.54046036308279,4.629436673890802,7.2,53.0,-2.629436673890802
1771879200.0259693,18.55977890650075,4.636450420310002,7.2,53.0,-2.636450420310002
1771879200.03024,18.579070736240986,4.6300391376563566,7.2,53.0,-2.6300391376563566
1771879200.03034,18.579070736240986,4.6300391376563566,7.2,53.0,-2.6300391376563566
1771879200.0342915,18.598374967153873,4.6330154190931,7.2,53.0,-2.6330154190931
1771879200.0343933,18.598374967153873,4.6330154190931,7.2,53.0,-2.6330154190931
1771879200.0385497,18.617677460766647,4.63259846706553,7.2,53.0,-2.63259846706553
1771879200.0386567,18.617677460766647,4.63259846706553,7.2,53.0,-2.63259846706553
1771879200.042707,18.636903836767953,4.614330240313343,7.2,53.0,-2.6143302403133433
1771879200.042784,18.636903836767953,4.614330240313343,7.2,53.0,-2.6143302403133433
1771879200.046906,18.656132387791377,4.614852245622155,7.2,53.0,-2.6148522456221546
1771879200.0470445,18.656132387791377,4.614852245622155,7.2,53.0,-2.6148522456221546
1771879200.0509834,18.675324262388262,4.606049903252031,7.2,53.0,-2.606049903252031
1771879200.051082,18.675324262388262,4.606049903252031,7.2,53.0,-2.606049903252031
1771879200.055126,18.694527100913746,4.60868124611577,7.2,53.0,-2.6086812461157702
1771879200.0552368,18.694527100913746,4.60868124611577,7.2,53.0,-2.6086812461157702
1771879200.0594335,18.71375803469259,4.615424106922332,7.2,53.0,-2.6154241069223323
1771879200.0595067,18.71375803469259,4.615424106922332,7.2,53.0,-2.6154241069223323
1771879200.0634675,18.733002111162907,4.618578352876817,7.2,53.0,-2.618578352876817
1771879200.0635602,18.733002111162907,4.618578352876817,7.2,53.0,-2.618578352876817
1771879200.0678728,18.752289046026004,4.628864367142744,7.2,53.0,-2.628864367142744
1771879200.067985,18.752289046026004,4.628864367142744,7.2,53.0,-2.628864367142744
1771879200.0717986,18.771588189097713,4.63179433721064,7.2,53.0,-2.63179433721064
1771879200.0719063,18.771588189097713,4.63179433721064,7.2,53.0,-2.63179433721064
1771879200.0759501,18.79087463925787,4.628748038437067,7.2,53.0,-2.6287480384370667
1771879200.0760508,18.79087463925787,4.628748038437067,7.2,53.0,-2.6287480384370667
1771879200.0801346,18.81037111260188,4.679153602563143,7.2,53.0,-2.679153602563143
1771879200.0802097,18.81037111260188,4.679153602563143,7.2,53.0,-2.679153602563143
1771879200.0843098,18.829870328878062,4.679811906283077,7.2,53.0,-2.679811906283077
1771879200.0886862,18.84930355852261,4.663975114691716,7.2,53.0,-2.6639751146917163
1771879200.0887702,18.84930355852261,4.663975114691716,7.2,53.0,-2.6639751146917163
1771879200.0927086,18.86890373786844,4.7040430429988005,7.2,53.0,-2.7040430429988005
1771879200.092815,18.86890373786844,4.7040430429988005,7.2,53.0,-2.7040430429988005
1771879200.096828,18.88846737293422,4.695272415787337,7.2,53.0,-2.695272415787337
1771879200.096894,18.88846737293422,4.695272415787337,7.2,53.0,-2.695272415787337
1771879200.1009288,18.9080989038987,4.711567431475197,7.2,53.0,-2.7115674314751974
1771879200.100999,18.9080989038987,4.711567431475197,7.2,53.0,-2.7115674314751974
1771879200.105233,18.92771780385346,4.708535989142243,7.2,53.0,-2.708535989142243
1771879200.1053154,18.92771780385346,4.708535989142243,7.2,53.0,-2.708535989142243
1771879200.1093693,18.947370445705772,4.716634044554625,7.2,53.0,-2.716634044554625
1771879200.10949,18.947370445705772,4.716634044554625,7.2,53.0,-2.716634044554625
1771879200.113489,18.967143011384586,4.745415762915471,7.2,53.0,-2.7454157629154707
1771879200.1135798,18.967143011384586,4.745415762915471,7.2,53.0,-2.7454157629154707
1771879200.1176496,18.98694343301448,4.752101191174514,7.2,53.0,-2.752101191174514
1771879200.1177623,18.98694343301448,4.752101191174514,7.2,53.0,-2.752101191174514
1771879200.1217878,19.00679175569431,4.763597443158637,7.2,53.0,-2.7635974431586368
1771879200.121866,19.00679175569431,4.763597443158637,7.2,53.0,-2.7635974431586368
1771879200.12595,19.026549945615777,4.741965581152497,7.2,53.0,-2.7419655811524972
1771879200.1260378,19.026549945615777,4.741965581152497,7.2,53.0,-2.7419655811524972
1771879200.1301699,19.04639683305563,4.7632529855646295,7.2,53.0,-2.7632529855646295
1771879200.1303012,19.04639683305563,4.7632529855646295,7.2,53.0,-2.7632529855646295
1771879200.1343014,19.066288920349795,4.774100950598821,7.2,53.0,-2.774100950598821
1771879200.1344092,19.066288920349795,4.774100950598821,7.2,53.0,-2.774100950598821
1771879200.1384995,19.08611117224569,4.75734045501456,7.2,53.0,-2.7573404550145604
1771879200.1386168,19.08611117224569,4.75734045501456,7.2,53.0,-2.7573404550145604
1771879200.1426418,19.105949382039597,4.761170350537762,7.2,53.0,-2.7611703505377623
1771879200.142708,19.105949382039597,4.761170350537762,7.2,53.0,-2.7611703505377623
1771879200.1468592,19.125748674069712,4.751830087227325,7.2,53.0,-2.751830087227325
1771879200.1469584,19.125748674069712,4.751830087227325,7.2,53.0,-2.751830087227325
1771879200.150995,19.145562186246178,4.755242922351679,7.2,53.0,-2.7552429223516786
1771879200.151135,19.145562186246178,4.755242922351679,7.2,53.0,-2.7552429223516786
1771879200.1553028,19.1653733191784,4.754671903733487,7.2,53.0,-2.7546719037334872
1771879200.1554248,19.1653733191784,4.754671903733487,7.2,53.0,-2.7546719037334872
1771879200.159284,19.185512685177656,4.8334478398217415,7.2,53.0,-2.8334478398217415
1771879200.159398,19.185512685177656,4.8334478398217415,7.2,53.0,-2.8334478398217415
1771879200.163456,19.20574635648265,4.856081113197987,7.2,53.0,-2.8560811131979866
1771879200.163521,19.20574635648265,4.856081113197987,7.2,53.0,-2.8560811131979866
1771879200.1676667,19.22608723562041,4.881810993062725,7.2,53.0,-2.881810993062725
1771879200.1677568,19.22608723562041,4.881810993062725,7.2,53.0,-2.881810993062725
1771879200.1718614,19.246586356104086,4.919788916081689,7.2,53.0,-2.9197889160816892
1771879200.1719549,19.246586356104086,4.919788916081689,7.2,53.0,-2.9197889160816892
1771879200.1761155,19.267062409803014,4.9142528877424185,7.2,53.0,-2.9142528877424185
1771879200.1761782,19.267062409803014,4.9142528877424185,7.2,53.0,-2.9142528877424185
1771879200.1801362,19.28754885033014,4.916745726510389,7.2,53.0,-2.9167457265103893
1771879200.1802,19.28754885033014,4.916745726510389,7.2,53.0,-2.9167457265103893
1771879200.1843524,19.308015801111658,4.9120681875645165,7.2,53.0,-2.9120681875645165
1771879200.1844156,19.308015801111658,4.9120681875645165,7.2,53.0,-2.9120681875645165
1771879200.1884346,19.32849310364597,4.914552608235143,7.2,53.0,-2.9145526082351427
1771879200.188538,19.32849310364597,4.914552608235143,7.2,53.0,-2.9145526082351427
1771879200.1926558,19.34898856142483,4.918909866925886,7.2,53.0,-2.918909866925886
1771879200.192776,19.34898856142483,4.918909866925886,7.2,53.0,-2.918909866925886
1771879200.196774,19.369410738002113,4.901322378548387,7.2,53.0,-2.901322378548387
1771879200.1968696,19.369410738002113,4.901322378548387,7.2,53.0,-2.901322378548387
1771879200.2009451,19.389855097753177,4.906646340255176,7.2,53.0,-2.9066463402551763
1771879200.2010267,19.389855097753177,4.906646340255176,7.2,53.0,-2.9066463402551763
1771879200.205146,19.41019528104079,4.881643989027217,7.2,53.0,-2.881643989027217
1771879200.205225,19.41019528104079,4.881643989027217,7.2,53.0,-2.881643989027217
1771879200.2052803,19.41019528104079,4.881643989027217,7.2,53.0,-2.881643989027217
1771879200.2093635,19.430545897103148,4.884147854965738,7.2,53.0,-2.884147854965738
1771879200.2094517,19.430545897103148,4.884147854965738,7.2,53.0,-2.884147854965738
1771879200.2135196,19.450864900239516,4.876560752728332,7.2,53.0,-2.8765607527283317
1771879200.213632,19.450864900239516,4.876560752728332,7.2,53.0,-2.8765607527283317
1771879200.2176688,19.471194356670985,4.879069543552334,7.2,53.0,-2.879069543552334
1771879200.2177522,19.471194356670985,4.879069543552334,7.2,53.0,-2.879069543552334
1771879200.2217705,19.491528546216315,4.8802054908795816,7.2,53.0,-2.8802054908795816
1771879200.221876,19.491528546216315,4.8802054908795816,7.2,53.0,-2.8802054908795816
1771879200.2259188,19.511789832008276,4.8627085900708344,7.2,53.0,-2.8627085900708344
1771879200.2259989,19.511789832008276,4.8627085900708344,7.2,53.0,-2.8627085900708344
1771879200.2301052,19.53205543913689,4.863745710867074,7.2,53.0,-2.8637457108670743
1771879200.2302032,19.53205543913689,4.863745710867074,7.2,53.0,-2.8637457108670743
1771879200.234337,19.552199645996065,4.834609646202392,7.2,53.0,-2.8346096462023924
1771879200.2344346,19.552199645996065,4.834609646202392,7.2,53.0,-2.8346096462023924
1771879200.238525,19.572356687073842,4.837689858666112,7.2,53.0,-2.8376898586661117
1771879200.23865,19.572356687073842,4.837689858666112,7.2,53.0,-2.8376898586661117
1771879200.2426457,19.592462571754158,4.8254123232755965,7.2,53.0,-2.8254123232755965
1771879200.2427363,19.592462571754158,4.8254123232755965,7.2,53.0,-2.8254123232755965
1771879200.246793,19.61257919948112,4.82799065447159,7.2,53.0,-2.8279906544715896
1771879200.2468648,19.61257919948112,4.82799065447159,7.2,53.0,-2.8279906544715896
1771879200.2509482,19.63268814232588,4.826146282742111,7.2,53.0,-2.826146282742111
1771879200.2510812,19.63268814232588,4.826146282742111,7.2,53.0,-2.826146282742111
1771879200.2551327,19.652706257507408,4.804347643566504,7.2,53.0,-2.804347643566504
1771879200.2552736,19.652706257507408,4.804347643566504,7.2,53.0,-2.804347643566504
1771879200.2593095,19.672735928441956,4.807121024291499,7.2,53.0,-2.807121024291499
1771879200.2594135,19.672735928441956,4.807121024291499,7.2,53.0,-2.807121024291499
1771879200.2634828,19.6922814375932,4.6909221962979215,7.2,53.0,-2.6909221962979215
1771879200.2635727,19.6922814375932,4.6909221962979215,7.2,53.0,-2.6909221962979215
1771879200.2676756,19.71158551483576,4.632978538215213,7.2,53.0,-2.6329785382152133
1771879200.2677517,19.71158551483576,4.632978538215213,7.2,53.0,-2.6329785382152133
1771879200.2718341,19.730402879536907,4.516167528274888,7.2,53.0,-2.516167528274888
1771879200.2719448,19.730402879536907,4.516167528274888,7.2,53.0,-2.516167528274888
1771879200.2759933,19.748833618275402,4.4233772972385195,7.2,53.0,-2.4233772972385195
1771879200.2801702,19.766931520160387,4.343496452396255,7.2,53.0,-2.3434964523962547
1771879200.2802742,19.766931520160387,4.343496452396255,7.2,53.0,-2.3434964523962547
1771879200.2842846,19.784995712924026,4.335406263273247,7.2,53.0,-2.3354062632732466
1771879200.2843688,19.784995712924026,4.335406263273247,7.2,53.0,-2.3354062632732466
1771879200.2884254,19.803071640799082,4.338222690013607,7.2,53.0,-2.338222690013607
1771879200.2885065,19.803071640799082,4.338222690013607,7.2,53.0,-2.338222690013607
1771879200.292618,19.821158958460877,4.340956238831108,7.2,53.0,-2.340956238831108
1771879200.292734,19.821158958460877,4.340956238831108,7.2,53.0,-2.340956238831108
1771879200.2967718,19.83925829253813,4.343840178540799,7.2,53.0,-2.343840178540799
1771879200.300905,19.857369775520834,4.346755915849198,7.2,53.0,-2.346755915849198
1771879200.3010337,19.857369775520834,4.346755915849198,7.2,53.0,-2.346755915849198
1771879200.3050838,19.87549353268354,4.349701719048937,7.2,53.0,-2.3497017190489373
1771879200.3051658,19.87549353268354,4.349701719048937,7.2,53.0,-2.3497017190489373
1771879200.3092263,19.89362968232285,4.352675913434753,7.2,53.0,-2.3526759134347532
1771879200.3093028,19.89362968232285,4.352675913434753,7.2,53.0,-2.3526759134347532
1771879200.3134553,19.9117783359865,4.355676879275891,7.2,53.0,-2.355676879275891
1771879200.3135498,19.9117783359865,4.355676879275891,7.2,53.0,-2.355676879275891
1771879200.3175669,19.92993959869393,4.358703049783142,7.2,53.0,-2.3587030497831423
1771879200.3217704,19.948113569148397,4.361752909071463,7.2,53.0,-2.3617529090714626
1771879200.3218832,19.948113569148397,4.361752909071463,7.2,53.0,-2.3617529090714626
1771879200.3259842,19.96630033994056,4.3648249901190255,7.2,53.0,-2.3648249901190255
1771879200.3260727,19.96630033994056,4.3648249901190255,7.2,53.0,-2.3648249901190255
1771879200.330039,19.984499997743573,4.367917872723529,7.2,53.0,-2.3679178727235293
1771879200.3301182,19.984499997743573,4.367917872723529,7.2,53.0,-2.3679178727235293
1771879200.3342564,20.00271262349964,4.371030181456507,0.0,0.0,0
1771879200.3343694,20.00271262349964,4.371030181456507,0.0,0.0,0
