tiempo,y,vy,velocidad_ruedas,fuerza_ruedas
1771241444.4441009,0.010669888754433728,0.18834199504297813,7.2,53.0
1771241444.4857626,0.020102107902190296,0.25696600583423634,7.2,53.0
1771241444.5232635,0.030960689226986048,0.3149990122654679,7.2,53.0
1771241444.552446,0.040850549212673365,0.3566291998458973,7.2,53.0
1771241444.5774312,0.05024643231570264,0.38908971305454837,7.2,53.0
1771241444.6024606,0.06040123281689372,0.4178398591569667,7.2,53.0
1771241444.6274428,0.07121080695478063,0.442086353877591,7.2,53.0
1771241444.6482768,0.0806292675204638,0.45821827776093743,7.2,53.0
1771241444.6691573,0.0903071631420499,0.4654981703582938,7.2,53.0
1771241444.6941037,0.10179846868894449,0.4549103389041029,7.2,53.0
1771241444.714933,0.11113051327907046,0.4428927172272205,7.2,53.0
1771241444.7357864,0.12017437578605122,0.42783368326608157,7.2,53.0
1771241444.7608109,0.1305551933552237,0.4055885595564196,7.2,53.0
1771241444.777491,0.14170025983919193,0.7138095757673348,7.2,53.0
1771241444.789987,0.15252184401070717,0.9329759796668242,7.2,53.0
1771241444.7983093,0.16111432725305272,1.0803404004099233,7.2,53.0
1771241444.8066375,0.17024763545453145,1.0897215655966095,7.2,53.0
1771241444.8192234,0.18349463894627877,1.047309155700291,7.2,53.0
1771241444.8274908,0.19205780283229948,1.0230056341797384,7.2,53.0
1771241444.835822,0.20053100714603264,1.0157971659807055,7.2,53.0
1771241444.8483691,0.21323526945396978,1.013039554837646,7.2,53.0
1771241444.8567188,0.22151793877758322,0.9857247554457047,7.2,53.0
1771241444.869218,0.2337449656392554,0.9795409723933198,7.2,53.0
1771241444.8774993,0.24187388807629598,0.9732199734045228,7.2,53.0
1771241444.8899908,0.25391147260560765,0.9613446525389059,7.2,53.0
1771241444.8983278,0.261952684927142,0.9665133395047829,7.2,53.0
1771241444.9108791,0.27367404218057756,0.9235539434816488,7.2,53.0
1771241444.9192698,0.2813279899966677,0.9190627455524387,7.2,53.0
1771241444.9317465,0.29264816144791217,0.8869573179715973,7.2,53.0
1771241444.944196,0.3036401811370082,0.8821779327053647,7.2,53.0
1771241444.9525564,0.3126025030685068,1.2755260190099194,7.2,53.0
1771241444.96098,0.32804097890809175,1.9953297851078187,7.2,53.0
1771241444.9652975,0.3371020341842533,2.1746532662787614,7.2,53.0
1771241444.9692447,0.3466169412542258,2.2835776967934174,7.2,53.0
1771241444.973393,0.35636250339718356,2.3389349143098532,7.2,53.0
1771241444.9775422,0.3661424586671568,2.347189264793574,7.2,53.0
1771241444.9816983,0.37614675296107136,2.4010306305394975,7.2,53.0
1771241444.9858823,0.3862406472247682,2.4225346232872376,7.2,53.0
1771241444.990033,0.3963596596661506,2.428562985931775,7.2,53.0
1771241444.9942005,0.4066706726505207,2.4746431162488163,7.2,53.0
1771241444.9983766,0.41706807778334015,2.4953772318766654,7.2,53.0
1771241445.0025134,0.42748738124577124,2.5006328309834562,7.2,53.0
1771241445.006686,0.4379335030364826,2.507069229770725,7.2,53.0
1771241445.0108604,0.44839643581302324,2.511103866369757,7.2,53.0
1771241445.0150108,0.4588416723785755,2.506856775732538,7.2,53.0
1771241445.019181,0.469314475630262,2.513472780404764,7.2,53.0
1771241445.023347,0.4798952146876588,2.5393773737752223,7.2,53.0
1771241445.0275095,0.49042595314903076,2.52737723072928,7.2,53.0
1771241445.0275478,0.49042595314903076,2.52737723072928,7.2,53.0
1771241445.0318322,0.5008942461593847,2.5123903224849458,7.2,53.0
1771241445.0359497,0.5114422758543914,2.5315271268016137,7.2,53.0
1771241445.040034,0.5218906192098661,2.507602405313931,7.2,53.0
1771241445.044275,0.5323321220496471,2.5059606815474273,7.2,53.0
1771241445.048385,0.5427952948407401,2.511161469862308,7.2,53.0
1771241445.0525784,0.553283006611283,2.5170508249303234,7.2,53.0
1771241445.05668,0.5637412294595212,2.5099734835771557,7.2,53.0
1771241445.0608428,0.5741997752533426,2.510050990517143,7.2,53.0
1771241445.065005,0.5846942236188891,2.518667607731141,7.2,53.0
1771241445.0691907,0.5950969533400908,2.496655133088421,7.2,53.0
1771241445.0733254,0.6054745571947654,2.4906249251218933,7.2,53.0
1771241445.0774987,0.6158776040652598,2.496731248918658,7.2,53.0
1771241445.081671,0.62623949454193,2.4868537144008447,7.2,53.0
1771241445.0858898,0.6365254298324796,2.4686244697319326,7.2,53.0
1771241445.0900238,0.6468120152370738,2.468780497102592,7.2,53.0
1771241445.0941672,0.6571262515509093,2.475416715320533,7.2,53.0
1771241445.0983431,0.6673755862869334,2.4598403366457906,7.2,53.0
1771241445.1024995,0.6776112405265352,2.456557017504448,7.2,53.0
1771241445.1066697,0.6879388708441482,2.4786312762271008,7.2,53.0
1771241445.1108508,0.6985016579894686,2.5350689148769168,7.2,53.0
1771241445.1150002,0.7090747954415163,2.5375529884914383,7.2,53.0
1771241445.119168,0.7198428886991699,2.5843423818368536,7.2,53.0
1771241445.123339,0.730657067705995,2.595402961638038,7.2,53.0
1771241445.1233792,0.730657067705995,2.595402961638038,7.2,53.0
1771241445.1275756,0.7415660234606796,2.6181493811242964,7.2,53.0
1771241445.1317325,0.7526171516865392,2.652270774206319,7.2,53.0
1771241445.1358483,0.7637130546983378,2.663016722831666,7.2,53.0
1771241445.1400208,0.7748508538076516,2.6730717862353055,7.2,53.0
1771241445.144213,0.786067000913905,2.691875305500804,7.2,53.0
1771241445.1483676,0.7973908736938403,2.7177294671844736,7.2,53.0
1771241445.1525214,0.8086589686351644,2.7043427859177758,7.2,53.0
1771241445.1566682,0.8199623297423997,2.7128066657364585,7.2,53.0
1771241445.1608353,0.8313568217543463,2.7346780828671977,7.2,53.0
1771241445.1608768,0.8313568217543463,2.7346780828671977,7.2,53.0
1771241445.1650443,0.842752964940919,2.7350743647774434,7.2,53.0
1771241445.169268,0.8541768893991372,2.741741869972358,7.2,53.0
1771241445.1733563,0.8656527449308395,2.7542053276085667,7.2,53.0
1771241445.1775181,0.8771219018182038,2.7525976529674256,7.2,53.0
1771241445.181679,0.8886640903314612,2.770125243181782,7.2,53.0
1771241445.1858482,0.9003067930458766,2.7942486514596943,7.2,53.0
1771241445.1858876,0.9003067930458766,2.7942486514596943,7.2,53.0
1771241445.1900158,0.911909796987557,2.7847209460033198,7.2,53.0
1771241445.1941683,0.92356406283277,2.7970238028511343,7.2,53.0
1771241445.1983516,0.9353399331606167,2.8262088786832074,7.2,53.0
1771241445.2025359,0.9471441678316331,2.8330163210439405,7.2,53.0
1771241445.2067926,0.9589138754819426,2.8247298360742694,7.2,53.0
1771241445.210856,0.9707839094343844,2.848808148586032,7.2,53.0
1771241445.2108912,0.9707839094343844,2.848808148586032,7.2,53.0
1771241445.2150667,0.9827029842573266,2.8605779575061367,7.2,53.0
1771241445.2191925,0.9947144695881613,2.882756479400341,7.2,53.0
1771241445.2233963,1.0067914005685776,2.89846343529991,7.2,53.0
1771241445.2275293,1.0188993200295169,2.9059006706254285,7.2,53.0
1771241445.2316878,1.0310716113272287,2.9213499114508337,7.2,53.0
1771241445.2317224,1.0310716113272287,2.9213499114508337,7.2,53.0
1771241445.2358634,1.0432793653077068,2.9298609553147745,7.2,53.0
1771241445.2400167,1.0554628422882193,2.924034475323014,7.2,53.0
1771241445.244188,1.0677216602384247,2.942116308049313,7.2,53.0
1771241445.2483644,1.0799802610582903,2.9420641967677086,7.2,53.0
1771241445.2525144,1.0922173504765016,2.936901460370703,7.2,53.0
1771241445.2525485,1.0922173504765016,2.936901460370703,7.2,53.0
1771241445.2566812,1.1045526186770263,2.9604643681259053,7.2,53.0
1771241445.2608535,1.1168246796898007,2.9452946430658757,7.2,53.0
1771241445.2649984,1.1290888430171462,2.9433991985629264,7.2,53.0
1771241445.269192,1.141512729914174,2.9817328552867015,7.2,53.0
1771241445.269244,1.141512729914174,2.9817328552867015,7.2,53.0
1771241445.2733443,1.153912888305103,2.9760380138229503,7.2,53.0
1771241445.2775066,1.1663930700100538,2.9952436091881895,7.2,53.0
1771241445.2817397,1.179030055099447,3.0328764214543775,7.2,53.0
1771241445.2858508,1.1916183901732167,3.021200417704722,7.2,53.0
1771241445.2858846,1.1916183901732167,3.021200417704722,7.2,53.0
1771241445.2900145,1.2042815337847865,3.039154466776782,7.2,53.0
1771241445.2941887,1.2169527565825604,3.0410934714657243,7.2,53.0
1771241445.2983408,1.229597467494549,3.03473061887726,7.2,53.0
1771241445.3025177,1.2424174673547148,3.0767999664397965,7.2,53.0
1771241445.302561,1.2424174673547148,3.0767999664397965,7.2,53.0
1771241445.3066869,1.2551529864159998,3.0565245747083774,7.2,53.0
1771241445.3108408,1.2679497538795637,3.0712241912553178,7.2,53.0
1771241445.3150144,1.2808684817698963,3.100494693679858,7.2,53.0
1771241445.3150477,1.2808684817698963,3.100494693679858,7.2,53.0
1771241445.31919,1.293731544244103,3.087134993809607,7.2,53.0
1771241445.3233438,1.3066673500252033,3.1045933874640546,7.2,53.0
1771241445.3275304,1.3196897939560475,3.1253865434025787,7.2,53.0
1771241445.3316994,1.3326775889074223,3.1170707883299493,7.2,53.0
1771241445.3317387,1.3326775889074223,3.1170707883299493,7.2,53.0
1771241445.3358479,1.345838953632254,3.158727533959612,7.2,53.0
1771241445.3400495,1.3588935119402124,3.1330939939100344,7.2,53.0
1771241445.3441925,1.3719944975150757,3.1442365379672084,7.2,53.0
1771241445.3442395,1.3719944975150757,3.1442365379672084,7.2,53.0
1771241445.3483813,1.3852216254894407,3.1745107138476,7.2,53.0
1771241445.352532,1.398386228119872,3.159504631303534,7.2,53.0
1771241445.3566825,1.4116196820294622,3.1760289383016675,7.2,53.0
1771241445.3567166,1.4116196820294622,3.1760289383016675,7.2,53.0
1771241445.3608544,1.4249277452220876,3.193935166230094,7.2,53.0
1771241445.3649948,1.4382022437131476,3.18587963785441,7.2,53.0
1771241445.3691792,1.4516699474720052,3.2322489021257925,7.2,53.0
1771241445.369214,1.4516699474720052,3.2322489021257925,7.2,53.0
1771241445.3733494,1.4650115861198467,3.2019932754819855,7.2,53.0
1771241445.377536,1.4783857864638597,3.2098080825631303,7.2,53.0
1771241445.3816917,1.4918417711562666,3.229436326177661,7.2,53.0
1771241445.3817298,1.4918417711562666,3.229436326177661,7.2,53.0
1771241445.385844,1.5052564470198095,3.219522207250333,7.2,53.0
1771241445.3900158,1.5188566989334156,3.264060459265443,7.2,53.0
1771241445.394197,1.5324033220060629,3.25118953743536,7.2,53.0
1771241445.3942363,1.5324033220060629,3.25118953743536,7.2,53.0
1771241445.3983521,1.5459985294853094,3.2628497950191724,7.2,53.0
1771241445.4025476,1.559675861623693,3.282559713212092,7.2,53.0
1771241445.406694,1.5732934676199573,3.2682254391034458,7.2,53.0
1771241445.4067295,1.5732934676199573,3.2682254391034458,7.2,53.0
1771241445.4108677,1.5870704739738142,3.30648152492567,7.2,53.0
1771241445.4150403,1.6008681821566964,3.3114499638917447,7.2,53.0
1771241445.4151056,1.6008681821566964,3.3114499638917447,7.2,53.0
1771241445.4191823,1.614776755703615,3.3380576512604963,7.2,53.0
1771241445.4233677,1.6287499966844774,3.3535778354069667,7.2,53.0
1771241445.427565,1.642620657766542,3.328958659695553,7.2,53.0
1771241445.4275997,1.642620657766542,3.328958659695553,7.2,53.0
1771241445.431699,1.6566054045607428,3.35633923060815,7.2,53.0
1771241445.4358857,1.67061060346605,3.361247737273743,7.2,53.0
1771241445.4359698,1.67061060346605,3.361247737273743,7.2,53.0
1771241445.4400287,1.6847089640544866,3.3836065412248013,7.2,53.0
1771241445.4442253,1.6988502693950698,3.393913281739973,7.2,53.0
1771241445.4483676,1.7128723272431472,3.3652938835385537,7.2,53.0
1771241445.4484043,1.7128723272431472,3.3652938835385537,7.2,53.0
1771241445.4525561,1.7269643445304323,3.38208414894844,7.2,53.0
1771241445.4567108,1.7409922127837116,3.3666883807870454,7.2,53.0
1771241445.4567442,1.7409922127837116,3.3666883807870454,7.2,53.0
1771241445.4608917,1.7551169548812668,3.3899381034132308,7.2,53.0
1771241445.4650455,1.7692638347822558,3.3952511762373616,7.2,53.0
1771241445.4692,1.7834312317741041,3.4001752780436205,7.2,53.0
1771241445.4692357,1.7834312317741041,3.4001752780436205,7.2,53.0
1771241445.473384,1.7976455023441245,3.41142493680488,7.2,53.0
1771241445.4775577,1.8117971881324215,3.396404589191276,7.2,53.0
1771241445.477595,1.8117971881324215,3.396404589191276,7.2,53.0
1771241445.4816933,1.826059678333467,3.422997648250944,7.2,53.0
1771241445.485859,1.8403421563677873,3.4277947282368704,7.2,53.0
1771241445.485899,1.8403421563677873,3.4277947282368704,7.2,53.0
1771241445.4900343,1.8547209534552422,3.4509113009892043,7.2,53.0
1771241445.4941926,1.8691337316219885,3.459066760019093,7.2,53.0
1771241445.4983788,1.8834993806096114,3.447755757029527,7.2,53.0
1771241445.498418,1.8834993806096114,3.447755757029527,7.2,53.0
1771241445.502559,1.89791950593372,3.460830077786027,7.2,53.0
1771241445.5067039,1.9123594068460055,3.465576218948515,7.2,53.0
1771241445.506745,1.9123594068460055,3.465576218948515,7.2,53.0
1771241445.5109026,1.9269126186218946,3.4927708262133934,7.2,53.0
1771241445.5150409,1.9414901112213967,3.4985982238805065,7.2,53.0
1771241445.515082,1.9414901112213967,3.4985982238805065,7.2,53.0
1771241445.5192509,1.9561356055381023,3.514918636009317,7.2,53.0
1771241445.523352,1.97079860230137,3.5191192231842434,7.2,53.0
1771241445.5233986,1.97079860230137,3.5191192231842434,7.2,53.0
1771241445.527535,1.9854687237182393,3.5208291400486504,7.2,53.0
1771241445.5317273,2.000154579633744,3.5246054197210546,7.2,53.0
1771241445.5317633,2.000154579633744,3.5246054197210546,7.2,53.0
1771241445.5358555,2.014859886259799,3.529273590253169,7.2,53.0
1771241445.540067,2.0296073073361622,3.5393810583272467,7.2,53.0
1771241445.544193,2.0443812153241097,3.5457379171073384,7.2,53.0
1771241445.5442326,2.0443812153241097,3.5457379171073384,7.2,53.0
1771241445.5483902,2.059171044151586,3.5495589185943355,7.2,53.0
1771241445.5525289,2.0739763577649732,3.553275267212978,7.2,53.0
1771241445.5525644,2.0739763577649732,3.553275267212978,7.2,53.0
1771241445.5567,2.088945320106905,3.5925509620636062,7.2,53.0
1771241445.5608728,2.1038985812717512,3.5887826795631828,7.2,53.0
1771241445.5609152,2.1038985812717512,3.5887826795631828,7.2,53.0
1771241445.5650344,2.1189737869391685,3.618049360180189,7.2,53.0
1771241445.569213,2.134017099079598,3.6103949137030997,7.2,53.0
1771241445.5692487,2.134017099079598,3.6103949137030997,7.2,53.0
1771241445.573416,2.1491663461415755,3.6358192948746,7.2,53.0
1771241445.5775464,2.164244331985051,3.6187166024340884,7.2,53.0
1771241445.5775871,2.164244331985051,3.6187166024340884,7.2,53.0
1771241445.581718,2.179330314572866,3.6206358210756755,7.2,53.0
1771241445.5858588,2.19442369054546,3.622410233422459,7.2,53.0
1771241445.5858977,2.19442369054546,3.622410233422459,7.2,53.0
1771241445.5901186,2.2094849849222786,3.614710650436446,7.2,53.0
1771241445.5942419,2.224658930049814,3.6417468306085077,7.2,53.0
1771241445.5942764,2.224658930049814,3.6417468306085077,7.2,53.0
1771241445.59838,2.239814066341444,3.637232709991185,7.2,53.0
1771241445.6025355,2.255011380082049,3.6473552977452837,7.2,53.0
1771241445.6025724,2.255011380082049,3.6473552977452837,7.2,53.0
1771241445.6067038,2.270187682403719,3.6423125572006967,7.2,53.0
1771241445.606742,2.270187682403719,3.6423125572006967,7.2,53.0
1771241445.6108608,2.2854419180051635,3.6610165443467153,7.2,53.0
1771241445.6150515,2.300626323980102,3.6442574339852305,7.2,53.0
1771241445.6150885,2.300626323980102,3.6442574339852305,7.2,53.0
1771241445.6191962,2.315893667718678,3.6641624972582116,7.2,53.0
1771241445.6233718,2.331249132704723,3.685311596650794,7.2,53.0
1771241445.6234102,2.331249132704723,3.685311596650794,7.2,53.0
1771241445.6275935,2.3466606609470153,3.6987667781501354,7.2,53.0
1771241445.6317043,2.362148489721943,3.7170789059826466,7.2,53.0
1771241445.631744,2.362148489721943,3.7170789059826466,7.2,53.0
1771241445.6358638,2.377649006723463,3.720124080364873,7.2,53.0
1771241445.6400218,2.3931760662937798,3.726494296875999,7.2,53.0
1771241445.6400628,2.3931760662937798,3.726494296875999,7.2,53.0
1771241445.6442127,2.4087165023257398,3.7297046476704034,7.2,53.0
1771241445.6483467,2.4242800689090958,3.7352559800053875,7.2,53.0
1771241445.6483934,2.4242800689090958,3.7352559800053875,7.2,53.0
1771241445.652602,2.4398539453350967,3.737730342240262,7.2,53.0
1771241445.6566844,2.4554413549399823,3.7409783051725376,7.2,53.0
1771241445.6567192,2.4554413549399823,3.7409783051725376,7.2,53.0
1771241445.6608613,2.471212358146772,3.785040769629619,7.2,53.0
1771241445.6609023,2.471212358146772,3.785040769629619,7.2,53.0
1771241445.6650534,2.486973821995744,3.78275132375322,7.2,53.0
1771241445.6692,2.502897658011093,3.821720643683834,7.2,53.0
1771241445.669242,2.502897658011093,3.821720643683834,7.2,53.0
1771241445.6733801,2.5187734831577484,3.8101980351972826,7.2,53.0
1771241445.677536,2.534776923583215,3.8408257021119874,7.2,53.0
1771241445.6775706,2.534776923583215,3.8408257021119874,7.2,53.0
1771241445.6817095,2.5507011117538014,3.821805160940702,7.2,53.0
1771241445.681752,2.5507011117538014,3.821805160940702,7.2,53.0
1771241445.6858642,2.566658010400625,3.829655675237698,7.2,53.0
1771241445.6900291,2.5824827035350895,3.7979263522714573,7.2,53.0
1771241445.690069,2.5824827035350895,3.7979263522714573,7.2,53.0
1771241445.6942523,2.5983039080390866,3.797089080959299,7.2,53.0
1771241445.6983833,2.6139980413916204,3.7665920046080905,7.2,53.0
1771241445.698422,2.6139980413916204,3.7665920046080905,7.2,53.0
1771241445.7025256,2.6297081287830903,3.770420973952831,7.2,53.0
1771241445.7067134,2.6455387671409416,3.7993532058842607,7.2,53.0
1771241445.7067564,2.6455387671409416,3.7993532058842607,7.2,53.0
1771241445.7108452,2.6613652327068325,3.7983517358138137,7.2,53.0
1771241445.710888,2.6613652327068325,3.7983517358138137,7.2,53.0
1771241445.7150235,2.6773271946487984,3.8308708660718693,7.2,53.0
1771241445.7191885,2.693415348299611,3.8611568761949253,7.2,53.0
1771241445.7192287,2.693415348299611,3.8611568761949253,7.2,53.0
1771241445.723385,2.709607436429799,3.886101151245202,7.2,53.0
1771241445.727529,2.7258885603241776,3.907469734650898,7.2,53.0
1771241445.7275705,2.7258885603241776,3.907469734650898,7.2,53.0
1771241445.7316914,2.7422477775724765,3.92621213959173,7.2,53.0
1771241445.731733,2.7422477775724765,3.92621213959173,7.2,53.0
1771241445.7359004,2.7585110533286596,3.9031861814839695,7.2,53.0
1771241445.7400515,2.7748941190549687,3.9319357743142214,7.2,53.0
1771241445.7401118,2.7748941190549687,3.9319357743142214,7.2,53.0
1771241445.7442,2.791142663945551,3.899650773739749,7.2,53.0
1771241445.744248,2.791142663945551,3.899650773739749,7.2,53.0
1771241445.748386,2.807515161303732,3.929399365963414,7.2,53.0
1771241445.752536,2.823741237274003,3.8942582328649977,7.2,53.0
1771241445.7525768,2.823741237274003,3.8942582328649977,7.2,53.0
1771241445.7567537,2.840096301375823,3.9252153844367914,7.2,53.0
1771241445.7567978,2.840096301375823,3.9252153844367914,7.2,53.0
1771241445.7608743,2.8564684827823523,3.9293235375671007,7.2,53.0
1771241445.7650683,2.8729582053500238,3.957533416241128,7.2,53.0
1771241445.765107,2.8729582053500238,3.957533416241128,7.2,53.0
1771241445.7692564,2.889464926580546,3.961613095325288,7.2,53.0
1771241445.773366,2.9060296259080354,3.9755278385974484,7.2,53.0
1771241445.7734036,2.9060296259080354,3.9755278385974484,7.2,53.0
1771241445.7775269,2.9227636146907208,4.016157307844517,7.2,53.0
1771241445.7775645,2.9227636146907208,4.016157307844517,7.2,53.0
1771241445.7816787,2.939507239973316,4.0184700678229035,7.2,53.0
1771241445.785849,2.9563306744800104,4.037624281606621,7.2,53.0
1771241445.7858872,2.9563306744800104,4.037624281606621,7.2,53.0
1771241445.790018,2.9731338939036,4.032772661661428,7.2,53.0
1771241445.7900558,2.9731338939036,4.032772661661428,7.2,53.0
1771241445.7941825,2.9899549251809447,4.037047506562769,7.2,53.0
1771241445.798363,3.0067243543770212,4.024663007058395,7.2,53.0
1771241445.7984054,3.0067243543770212,4.024663007058395,7.2,53.0
1771241445.802536,3.0235163515330585,4.030079317448967,7.2,53.0
1771241445.8025854,3.0235163515330585,4.030079317448967,7.2,53.0
1771241445.806718,3.0402338011869974,4.012187916945288,7.2,53.0
1771241445.8067575,3.0402338011869974,4.012187916945288,7.2,53.0
1771241445.8108597,3.05704059617397,4.033630796873398,7.2,53.0
1771241445.815028,3.0737260566747566,4.004510520188811,7.2,53.0
1771241445.8150616,3.0737260566747566,4.004510520188811,7.2,53.0
1771241445.8191857,3.0905251183910165,4.031774811902397,7.2,53.0
1771241445.819215,3.0905251183910165,4.031774811902397,7.2,53.0
1771241445.823367,3.107276978344888,4.020446388929178,7.2,53.0
1771241445.8275414,3.1241288344795324,4.044445472314681,7.2,53.0
1771241445.827581,3.1241288344795324,4.044445472314681,7.2,53.0
1771241445.8317008,3.1409239520998837,4.030828228884303,7.2,53.0
1771241445.8317335,3.1409239520998837,4.030828228884303,7.2,53.0
1771241445.8358552,3.157793534611688,4.048699802833012,7.2,53.0
1771241445.84004,3.17455017178633,4.021592921914111,7.2,53.0
1771241445.8400748,3.17455017178633,4.021592921914111,7.2,53.0
1771241445.844185,3.191387567081376,4.0409748708109445,7.2,53.0
1771241445.844218,3.191387567081376,4.0409748708109445,7.2,53.0
1771241445.8483655,3.208201302319677,4.035296457192279,7.2,53.0
1771241445.852506,3.2250920231432483,4.053772997657119,7.2,53.0
1771241445.8525405,3.2250920231432483,4.053772997657119,7.2,53.0
1771241445.856722,3.2419421831635726,4.044038404877805,7.2,53.0
1771241445.8567748,3.2419421831635726,4.044038404877805,7.2,53.0
1771241445.8608932,3.2588718279194278,4.063114741405267,7.2,53.0
1771241445.865052,3.2757131437039426,4.041915788283579,7.2,53.0
1771241445.8651273,3.2757131437039426,4.041915788283579,7.2,53.0
1771241445.8692086,3.292633905007862,4.060982712940581,7.2,53.0
1771241445.8692718,3.292633905007862,4.060982712940581,7.2,53.0
1771241445.8734312,3.309556598010838,4.061446320714242,7.2,53.0
1771241445.8775477,3.326495315518268,4.065292201783169,7.2,53.0
1771241445.8776293,3.326495315518268,4.065292201783169,7.2,53.0
1771241445.8817968,3.3434322663608897,4.064868202229216,7.2,53.0
1771241445.881854,3.3434322663608897,4.064868202229216,7.2,53.0
1771241445.885857,3.3604867568438914,4.09307771592042,7.2,53.0
1771241445.8859034,3.3604867568438914,4.09307771592042,7.2,53.0
1771241445.8900235,3.377632831241203,4.115057855354813,7.2,53.0
1771241445.8942013,3.394879275342516,4.139146584315045,7.2,53.0
1771241445.8942585,3.394879275342516,4.139146584315045,7.2,53.0
1771241445.8983638,3.4121292043379268,4.139982958898574,7.2,53.0
1771241445.8984137,3.4121292043379268,4.139982958898574,7.2,53.0
1771241445.9025738,3.4294594715381814,4.159264128061083,7.2,53.0
1771241445.9066908,3.4467483162971573,4.149322742154169,7.2,53.0
1771241445.9067354,3.4467483162971573,4.149322742154169,7.2,53.0
1771241445.9108682,3.4641066761532255,4.166006365456356,7.2,53.0
1771241445.9109268,3.4641066761532255,4.166006365456356,7.2,53.0
1771241445.9150202,3.4814281537052665,4.157154612489855,7.2,53.0
1771241445.9150589,3.4814281537052665,4.157154612489855,7.2,53.0
1771241445.919198,3.498811304531521,4.171956198301018,7.2,53.0
1771241445.9234278,3.516176465117575,4.1676385406530105,7.2,53.0
1771241445.9234798,3.516176465117575,4.1676385406530105,7.2,53.0
1771241445.9275384,3.5336079611818696,4.183559055430726,7.2,53.0
1771241445.9275727,3.5336079611818696,4.183559055430726,7.2,53.0
1771241445.931697,3.551028035124857,4.180817746316904,7.2,53.0
1771241445.9317446,3.551028035124857,4.180817746316904,7.2,53.0
1771241445.9358654,3.5685232544530447,4.198852638765093,7.2,53.0
1771241445.9400191,3.5860040051493427,4.195380167111516,7.2,53.0
1771241445.9400659,3.5860040051493427,4.195380167111516,7.2,53.0
1771241445.944233,3.603567376088782,4.215209025465361,7.2,53.0
1771241445.944292,3.603567376088782,4.215209025465361,7.2,53.0
1771241445.9483542,3.6211069219490692,4.209491006468998,7.2,53.0
1771241445.9484007,3.6211069219490692,4.209491006468998,7.2,53.0
1771241445.9525366,3.6387273490188328,4.2289024967432844,7.2,53.0
1771241445.95669,3.6563201717998224,4.222277467437493,7.2,53.0
1771241445.956726,3.6563201717998224,4.222277467437493,7.2,53.0
1771241445.9608536,3.6739902932529565,4.24082914875217,7.2,53.0
1771241445.960901,3.6739902932529565,4.24082914875217,7.2,53.0
1771241445.9650366,3.6916367177682647,4.235141883673972,7.2,53.0
1771241445.9650698,3.6916367177682647,4.235141883673972,7.2,53.0
1771241445.9692078,3.7093584587272703,4.2532178301613826,7.2,53.0
1771241445.9733684,3.7270556415373637,4.247323874422375,7.2,53.0
1771241445.9734206,3.7270556415373637,4.247323874422375,7.2,53.0
1771241445.9775121,3.744822507252597,4.264047771655989,7.2,53.0
1771241445.977556,3.744822507252597,4.264047771655989,7.2,53.0
1771241445.9816825,3.7625709296764622,4.259621381727678,7.2,53.0
1771241445.9817302,3.7625709296764622,4.259621381727678,7.2,53.0
1771241445.9858723,3.7803873970720923,4.2759521749511915,7.2,53.0
1771241445.985933,3.7803873970720923,4.2759521749511915,7.2,53.0
1771241445.9900477,3.798188636487932,4.272297459801529,7.2,53.0
1771241445.9942207,3.816065777241054,4.290513780749253,7.2,53.0
1771241445.9942815,3.816065777241054,4.290513780749253,7.2,53.0
1771241445.9983435,3.8339325352429716,4.288021920460273,7.2,53.0
1771241445.9983878,3.8339325352429716,4.288021920460273,7.2,53.0
1771241446.0025094,3.8518729930541244,4.305709874676691,7.2,53.0
1771241446.0025597,3.8518729930541244,4.305709874676691,7.2,53.0
1771241446.0067012,3.869812484778503,4.305478013850929,7.2,53.0
1771241446.01085,3.88782634644551,4.323326800081634,7.2,53.0
1771241446.0108917,3.88782634644551,4.323326800081634,7.2,53.0
1771241446.0150192,3.9058417712613434,4.323701955800034,7.2,53.0
1771241446.0150669,3.9058417712613434,4.323701955800034,7.2,53.0
1771241446.0191944,3.923937268105928,4.342919242700365,7.2,53.0
1771241446.0192354,3.923937268105928,4.342919242700365,7.2,53.0
1771241446.0233681,3.9420354564731994,4.343565208145149,7.2,53.0
1771241446.0234149,3.9420354564731994,4.343565208145149,7.2,53.0
1771241446.0275223,3.9602073992220923,4.3612662597342995,7.2,53.0
1771241446.0275893,3.9602073992220923,4.3612662597342995,7.2,53.0
1771241446.0316703,3.978391096473727,4.364087340392352,7.2,53.0
1771241446.0358586,3.9966371846526987,4.379061162953226,7.2,53.0
1771241446.0359216,3.9966371846526987,4.379061162953226,7.2,53.0
1771241446.0400155,4.014893457078923,4.381505382293938,7.2,53.0
1771241446.040058,4.014893457078923,4.381505382293938,7.2,53.0
1771241446.0441794,4.033214434523259,4.397034586640685,7.2,53.0
1771241446.044223,4.033214434523259,4.397034586640685,7.2,53.0
1771241446.048343,4.051539260548946,4.397958246164831,7.2,53.0
1771241446.0484424,4.051539260548946,4.397958246164831,7.2,53.0
1771241446.0525036,4.0699190461754835,4.411148550369034,7.2,53.0
1771241446.056702,4.088377162668773,4.429947958389467,7.2,53.0
1771241446.0567496,4.088377162668773,4.429947958389467,7.2,53.0
1771241446.060851,4.106942505857002,4.455682365174892,7.2,53.0
1771241446.0608928,4.106942505857002,4.455682365174892,7.2,53.0
1771241446.0650232,4.125554942656475,4.466984831873475,7.2,53.0
1771241446.0650654,4.125554942656475,4.466984831873475,7.2,53.0
1771241446.0692413,4.143997318429265,4.426170185469716,7.2,53.0
1771241446.0692976,4.143997318429265,4.426170185469716,7.2,53.0
1771241446.0733547,4.1624446074830885,4.427349372917746,7.2,53.0
1771241446.0733984,4.1624446074830885,4.427349372917746,7.2,53.0
1771241446.0775588,4.180726705098837,4.387703427779706,7.2,53.0
1771241446.0776103,4.180726705098837,4.387703427779706,7.2,53.0
1771241446.0816898,4.199036572426649,4.3943681586747285,7.2,53.0
1771241446.08586,4.217225819676006,4.365419339845769,7.2,53.0
1771241446.0859015,4.217225819676006,4.365419339845769,7.2,53.0
1771241446.0900173,4.235429177197911,4.368805805257314,7.2,53.0
1771241446.0900722,4.235429177197911,4.368805805257314,7.2,53.0
1771241446.094188,4.25356262744725,4.352028059841417,7.2,53.0
1771241446.0942268,4.25356262744725,4.352028059841417,7.2,53.0
1771241446.0983691,4.271710203570328,4.355418269538629,7.2,53.0
1771241446.0984313,4.271710203570328,4.355418269538629,7.2,53.0
1771241446.102548,4.289816004686148,4.345392267796763,7.2,53.0
1771241446.1066828,4.3079695299335645,4.356846059379845,7.2,53.0
1771241446.1067328,4.3079695299335645,4.356846059379845,7.2,53.0
1771241446.1108482,4.326131659442751,4.358911082204771,7.2,53.0
1771241446.110892,4.326131659442751,4.358911082204771,7.2,53.0
1771241446.1150205,4.344335808360552,4.368995740272139,7.2,53.0
1771241446.115063,4.344335808360552,4.368995740272139,7.2,53.0
1771241446.119202,4.362715173423711,4.411047615158059,7.2,53.0
1771241446.1192617,4.362715173423711,4.411047615158059,7.2,53.0
1771241446.1233692,4.381282044442227,4.456049044443937,7.2,53.0
1771241446.123412,4.381282044442227,4.456049044443937,7.2,53.0
1771241446.1275218,4.399946366843796,4.479437376376494,7.2,53.0
1771241446.1317036,4.41871172085998,4.503684963883974,7.2,53.0
1771241446.131754,4.41871172085998,4.503684963883974,7.2,53.0
1771241446.135874,4.437544644863956,4.519901760954195,7.2,53.0
1771241446.1359131,4.437544644863956,4.519901760954195,7.2,53.0
1771241446.14008,4.456238870346272,4.486614115756017,7.2,53.0
1771241446.1401284,4.456238870346272,4.486614115756017,7.2,53.0
1771241446.1442251,4.474983155817443,4.498628513080959,7.2,53.0
1771241446.1442676,4.474983155817443,4.498628513080959,7.2,53.0
1771241446.1484277,4.493590111405309,4.465669341087857,7.2,53.0
1771241446.1484692,4.493590111405309,4.465669341087857,7.2,53.0
1771241446.1525762,4.512210545608777,4.468904208832392,7.2,53.0
1771241446.1526377,4.512210545608777,4.468904208832392,7.2,53.0
1771241446.1567378,4.530761312415176,4.45218403353576,7.2,53.0
1771241446.1567767,4.530761312415176,4.45218403353576,7.2,53.0
1771241446.1609166,4.549426968784766,4.479757528701398,7.2,53.0
1771241446.1651065,4.56812852035343,4.488372376479542,7.2,53.0
1771241446.1651523,4.56812852035343,4.488372376479542,7.2,53.0
1771241446.169275,4.586914129014517,4.508546078660641,7.2,53.0
1771241446.1693177,4.586914129014517,4.508546078660641,7.2,53.0
1771241446.1734257,4.60574073760653,4.518386062083226,7.2,53.0
1771241446.1734688,4.60574073760653,4.518386062083226,7.2,53.0
1771241446.1775558,4.624641439892792,4.536168548703028,7.2,53.0
1771241446.1775959,4.624641439892792,4.536168548703028,7.2,53.0
1771241446.1817336,4.64358450106629,4.546334681639547,7.2,53.0
1771241446.181781,4.64358450106629,4.546334681639547,7.2,53.0
1771241446.1859047,4.66259981877847,4.563676250923181,7.2,53.0
1771241446.1859596,4.66259981877847,4.563676250923181,7.2,53.0
1771241446.190064,4.681662519724471,4.575048227040135,7.2,53.0
1771241446.190111,4.681662519724471,4.575048227040135,7.2,53.0
1771241446.1942325,4.700593564325406,4.543450704224637,7.2,53.0
1771241446.1942747,4.700593564325406,4.543450704224637,7.2,53.0
1771241446.1984456,4.719819297172062,4.614175883197468,7.2,53.0
1771241446.2027469,4.739332478120189,4.683163427550386,7.2,53.0
1771241446.202805,4.739332478120189,4.683163427550386,7.2,53.0
1771241446.206812,4.7590608654550435,4.734812960365021,7.2,53.0
1771241446.2068543,4.7590608654550435,4.734812960365021,7.2,53.0
1771241446.2109528,4.77901953104192,4.790079740850254,7.2,53.0
1771241446.2109962,4.77901953104192,4.790079740850254,7.2,53.0
1771241446.2150886,4.7991101967163186,4.821759761855711,7.2,53.0
1771241446.215137,4.7991101967163186,4.821759761855711,7.2,53.0
1771241446.2192578,4.819314538514669,4.849042031603981,7.2,53.0
1771241446.219298,4.819314538514669,4.849042031603981,7.2,53.0
1771241446.2234695,4.839612399184341,4.8714865607213484,7.2,53.0
1771241446.2235355,4.839612399184341,4.8714865607213484,7.2,53.0
1771241446.2276056,4.8599838109343185,4.889138819994421,7.2,53.0
1771241446.2276766,4.8599838109343185,4.889138819994421,7.2,53.0
1771241446.2317574,4.880424845788188,4.905848364928467,7.2,53.0
1771241446.2318053,4.880424845788188,4.905848364928467,7.2,53.0
1771241446.2318337,4.880424845788188,4.905848364928467,7.2,53.0
1771241446.2358992,4.900893947701879,4.912584459285953,7.2,53.0
1771241446.23594,4.900893947701879,4.912584459285953,7.2,53.0
1771241446.2400758,4.921394319135311,4.920089144023837,7.2,53.0
1771241446.2401214,4.921394319135311,4.920089144023837,7.2,53.0
1771241446.2442446,4.941936729832641,4.930178567359072,7.2,53.0
1771241446.2442896,4.941936729832641,4.930178567359072,7.2,53.0
1771241446.248393,4.9624681707612694,4.92754582287093,7.2,53.0
1771241446.248426,4.9624681707612694,4.92754582287093,7.2,53.0
1771241446.2525635,4.983064451271646,4.9431073224904925,7.2,53.0
1771241446.2526057,4.983064451271646,4.9431073224904925,7.2,53.0
1771241446.2567294,5.003633409595001,4.936549997605163,7.2,53.0
1771241446.256785,5.003633409595001,4.936549997605163,7.2,53.0
1771241446.2609127,5.0241997996932,4.935933623567665,7.2,53.0
1771241446.2609515,5.0241997996932,4.935933623567665,7.2,53.0
1771241446.2650802,5.044792754235347,4.942309090115253,7.2,53.0
1771241446.2651234,5.044792754235347,4.942309090115253,7.2,53.0
1771241446.269194,5.065349038576434,4.933508241860739,7.2,53.0
1771241446.2692263,5.065349038576434,4.933508241860739,7.2,53.0
1771241446.2733848,5.08587795861991,4.926940810434082,7.2,53.0
1771241446.2734268,5.08587795861991,4.926940810434082,7.2,53.0
1771241446.2775307,5.106422618719018,4.930718423785811,7.2,53.0
1771241446.2775729,5.106422618719018,4.930718423785811,7.2,53.0
1771241446.2817,5.126966091919751,4.930433568175996,7.2,53.0
1771241446.2817392,5.126966091919751,4.930433568175996,7.2,53.0
1771241446.2858508,5.1475086319860175,4.930209615903968,7.2,53.0
1771241446.2859077,5.1475086319860175,4.930209615903968,7.2,53.0
1771241446.290032,5.168096198994454,4.9410160820247055,7.2,53.0
1771241446.290069,5.168096198994454,4.9410160820247055,7.2,53.0
1771241446.2942045,5.18871966882999,4.949632760528623,7.2,53.0
1771241446.2942634,5.18871966882999,4.949632760528623,7.2,53.0
1771241446.2983773,5.209252639953522,4.927913069647776,7.2,53.0
1771241446.298423,5.209252639953522,4.927913069647776,7.2,53.0
1771241446.3025184,5.22970758319916,4.909186378953036,7.2,53.0
1771241446.3025632,5.22970758319916,4.909186378953036,7.2,53.0
1771241446.3066905,5.250088467002857,4.891412112887087,7.2,53.0
1771241446.3067377,5.250088467002857,4.891412112887087,7.2,53.0
1771241446.3067765,5.250088467002857,4.891412112887087,7.2,53.0
1771241446.3108456,5.270404815639944,4.8759236729009965,7.2,53.0
1771241446.3108957,5.270404815639944,4.8759236729009965,7.2,53.0
1771241446.3150687,5.289716117241004,4.634712384254252,7.2,53.0
1771241446.3192115,5.307847571295359,4.351548973045262,7.2,53.0
1771241446.3192525,5.307847571295359,4.351548973045262,7.2,53.0
1771241446.3234255,5.324831676899137,4.076185344906713,7.2,53.0
1771241446.3234658,5.324831676899137,4.076185344906713,7.2,53.0
1771241446.3275883,5.341097612970969,3.903824657239471,7.2,53.0
1771241446.3276367,5.341097612970969,3.903824657239471,7.2,53.0
1771241446.3317342,5.356687684343473,3.741617129401074,7.2,53.0
1771241446.33588,5.371860591646099,3.641497752630085,7.2,53.0
1771241446.3359225,5.371860591646099,3.641497752630085,7.2,53.0
1771241446.3400478,5.3866849337477145,3.557842104387805,7.2,53.0
1771241446.344212,5.4012041859519675,3.484620529020691,7.2,53.0
1771241446.3442514,5.4012041859519675,3.484620529020691,7.2,53.0
1771241446.3484116,5.41547051472044,3.42391890443323,7.2,53.0
1771241446.352549,5.429510927901003,3.3696991633352367,7.2,53.0
1771241446.356705,5.4433684633894455,3.3258085172263563,7.2,53.0
1771241446.3567522,5.4433684633894455,3.3258085172263563,7.2,53.0
1771241446.3608663,5.457056829797016,3.2852079378169394,7.2,53.0
1771241446.3650453,5.470612072745765,3.253258307699874,7.2,53.0
1771241446.3650842,5.470612072745765,3.253258307699874,7.2,53.0
1771241446.3692048,5.48416680747624,3.2531363353139855,7.2,53.0
1771241446.3733795,5.497615674774011,3.2277281514650653,7.2,53.0
1771241446.3775346,5.511070964639463,3.2292695677085343,7.2,53.0
1771241446.3775675,5.511070964639463,3.2292695677085343,7.2,53.0
1771241446.381695,5.524487426822661,3.2199509239677817,7.2,53.0
1771241446.3858666,5.53790195461951,3.2194866712438297,7.2,53.0
1771241446.3900356,5.551274476432435,3.2094052351019107,7.2,53.0
1771241446.390072,5.551274476432435,3.2094052351019107,7.2,53.0
1771241446.394194,5.564641000558019,3.207965790140248,7.2,53.0
1771241446.398365,5.57796324256369,3.1973380813608325,7.2,53.0
1771241446.4025228,5.591276423005238,3.195163305971548,7.2,53.0
1771241446.4025543,5.591276423005238,3.195163305971548,7.2,53.0
1771241446.406687,5.604542672042367,3.1838997689110493,7.2,53.0
1771241446.4108572,5.617796912382815,3.181017681707519,7.2,53.0
1771241446.4150274,5.6310010888136075,3.169002343390251,7.2,53.0
1771241446.4150724,5.6310010888136075,3.169002343390251,7.2,53.0
1771241446.4191923,5.644189994382154,3.165337336451229,7.2,53.0
1771241446.4233527,5.657324601596213,3.152305731373955,7.2,53.0
1771241446.42753,5.670436544108173,3.1468662028705023,7.2,53.0
1771241446.4275665,5.670436544108173,3.1468662028705023,7.2,53.0
1771241446.4316785,5.6835557298435795,3.1486045764975876,7.2,53.0
1771241446.4358413,5.696669078879112,3.1472037685278145,7.2,53.0
1771241446.4400182,5.709774346364296,3.145264196444051,7.2,53.0
1771241446.4441757,5.722861841946773,3.140998939794372,7.2,53.0
1771241446.4442163,5.722861841946773,3.140998939794372,7.2,53.0
1771241446.448349,5.735930330560661,3.1364372673332603,7.2,53.0
1771241446.4525352,5.748973051676026,3.1302530676875295,7.2,53.0
1771241446.4566877,5.761983602627835,3.1225322284340757,7.2,53.0
1771241446.456735,5.761983602627835,3.1225322284340757,7.2,53.0
1771241446.4609034,5.774953641575146,3.1128093473546836,7.2,53.0
1771241446.4650302,5.787839197293977,3.092533372519465,7.2,53.0
1771241446.4692075,5.800651408332607,3.0749306492712716,7.2,53.0
1771241446.4692543,5.800651408332607,3.0749306492712716,7.2,53.0
1771241446.4733717,5.8134616541904505,3.074459005882494,7.2,53.0
1771241446.477522,5.82622635846988,3.063529027062955,7.2,53.0
1771241446.4816947,5.838973262811827,3.0592570420673897,7.2,53.0
1771241446.4858463,5.851649902800451,3.04239359726993,7.2,53.0
1771241446.4858904,5.851649902800451,3.04239359726993,7.2,53.0
1771241446.4900289,5.864271128792576,3.0290942381099906,7.2,53.0
1771241446.4941955,5.876886993287017,3.027807478665735,7.2,53.0
1771241446.4983664,5.889375405454993,2.997218920314267,7.2,53.0
1771241446.502531,5.901837841555075,2.9909846640195865,7.2,53.0
1771241446.5025778,5.901837841555075,2.9909846640195865,7.2,53.0
1771241446.5067027,5.9142191299547,2.9715092159099585,7.2,53.0
1771241446.510858,5.926544814446762,2.95816427809503,7.2,53.0
1771241446.515023,5.938865871038572,2.957053582034228,7.2,53.0
1771241446.519194,5.951045117927637,2.9230192533757027,7.2,53.0
1771241446.5192256,5.951045117927637,2.9230192533757027,7.2,53.0
1771241446.5233486,5.9631917798888345,2.915198870687456,7.2,53.0
1771241446.5275197,5.975251329464917,2.894291898259787,7.2,53.0
1771241446.53169,5.987236492849501,2.876439212300232,7.2,53.0
1771241446.535846,5.99920928727002,2.8734706609244642,7.2,53.0
1771241446.540028,6.011022332061154,2.8351307498722855,7.2,53.0
1771241446.5400589,6.011022332061154,2.8351307498722855,7.2,53.0
1771241446.544184,6.022791803523998,2.8246731510824623,7.2,53.0
1771241446.5483558,6.034469930009843,2.802750356602669,7.2,53.0
1771241446.5525293,6.046026505430846,2.7735781010407536,7.2,53.0
1771241446.556692,6.057565133270305,2.7692706814702257,7.2,53.0
1771241446.5608604,6.069051868583439,2.7568164751519695,7.2,53.0
1771241446.5650504,6.080483044765739,2.7434822837520527,7.2,53.0
1771241446.5650816,6.080483044765739,2.7434822837520527,7.2,53.0
1771241446.5691876,6.091911336607008,2.742790041904623,7.2,53.0
1771241446.5733716,6.103226595493256,2.7156621326994976,7.2,53.0
1771241446.5775752,6.114469579583256,2.6983161815999606,7.2,53.0
1771241446.5817077,6.125616548262362,2.675272482985352,7.2,53.0
1771241446.585943,6.136682263283886,2.6557716051657208,7.2,53.0
1771241446.5900295,6.1477352020238,2.6527052975794616,7.2,53.0
1771241446.5942125,6.158722874492343,2.6370413924501315,7.2,53.0
1771241446.5983822,6.1696581208341446,2.624459122032426,7.2,53.0
1771241446.6025112,6.180583578828146,2.62210991856031,7.2,53.0
1771241446.602554,6.180583578828146,2.62210991856031,7.2,53.0
1771241446.6066928,6.191458895136272,2.6100759139502934,7.2,53.0
1771241446.6108568,6.202278813835571,2.596780487831929,7.2,53.0
1771241446.6150217,6.21308783450985,2.5941649618269693,7.2,53.0
1771241446.6191897,6.223853665583916,2.583799457775811,7.2,53.0
1771241446.6233554,6.234563152235663,2.570276796419144,7.2,53.0
1771241446.627526,6.245263905238707,2.5681807207305978,7.2,53.0
1771241446.6316898,6.255832982666365,2.5365785826380294,7.2,53.0
1771241446.6358485,6.266352779039971,2.5247511296653053,7.2,53.0
1771241446.6400356,6.276866964377474,2.523404481000708,7.2,53.0
1771241446.6442297,6.287231662954072,2.4875276583835686,7.2,53.0
1771241446.6483805,6.297541303493131,2.4743137293740154,7.2,53.0
1771241446.652528,6.307852380675728,2.4746585238233476,7.2,53.0
1771241446.6567278,6.318018940335793,2.4399743184155835,7.2,53.0
1771241446.6608534,6.32812953455368,2.426542612292984,7.2,53.0
1771241446.6650267,6.338119047447548,2.397483094528329,7.2,53.0
1771241446.6692111,6.347981314662035,2.3669441314768362,7.2,53.0
1771241446.6733506,6.35780359403682,2.3573470499485287,7.2,53.0
1771241446.6775174,6.367626720355211,2.3575503164136538,7.2,53.0
1771241446.6816976,6.377400106029287,2.345612561778332,7.2,53.0
1771241446.6858456,6.387136810847325,2.3368091563291893,7.2,53.0
1771241446.6900213,6.396861239838719,2.3338629579344823,7.2,53.0
1771241446.6942017,6.406534843614775,2.3216649062535066,7.2,53.0
1771241446.698428,6.416141904726211,2.3056946667446008,7.2,53.0
1771241446.7025397,6.4257194266543705,2.2986052627582954,7.2,53.0
1771241446.7066936,6.4352398002564195,2.284889664491779,7.2,53.0
1771241446.7108672,6.444668073496276,2.2627855775654195,7.2,53.0
1771241446.7150145,6.454051327080054,2.2519808601068054,7.2,53.0
1771241446.719195,6.463366759126315,2.2357036911026533,7.2,53.0
1771241446.7233884,6.472539150348569,2.201373893340981,7.2,53.0
1771241446.727522,6.481659757965476,2.1889458280575376,7.2,53.0
1771241446.7317052,6.490699008342065,2.169420090381372,7.2,53.0
1771241446.7400591,6.50867500795038,2.1735552746975504,7.2,53.0
1771241446.7442362,6.517909156321976,2.216195609183115,7.2,53.0
1771241446.748381,6.527229187731368,2.2368075382541956,7.2,53.0
1771241446.7525668,6.536692511077079,2.271197602970535,7.2,53.0
1771241446.756716,6.546407530680509,2.33160470482323,7.2,53.0
1771241446.760897,6.5561972286787205,2.349527519570866,7.2,53.0
1771241446.7650642,6.56603338768187,2.3606781607558927,7.2,53.0
1771241446.7692308,6.57582568029668,2.35015022755458,7.2,53.0
1771241446.7734003,6.585687109286727,2.366742957611203,7.2,53.0
1771241446.7775593,6.595724890261338,2.4090674339066296,7.2,53.0
1771241446.7817051,6.6057806284345215,2.413377161564059,7.2,53.0
1771241446.7858868,6.615853797018525,2.4175604601609133,7.2,53.0
1771241446.7900367,6.625903070312031,2.4118255904413335,7.2,53.0
1771241446.7942069,6.635987973272455,2.4203767105016913,7.2,53.0
1771241446.7983854,6.646000625489214,2.4030365320222256,7.2,53.0
1771241446.8025417,6.655980537718895,2.39517893512343,7.2,53.0
1771241446.8066964,6.665969656173508,2.397388429107176,7.2,53.0
1771241446.810865,6.675964784928557,2.3988309012117974,7.2,53.0
1771241446.8150437,6.685947451333237,2.395839937123199,7.2,53.0
1771241446.8191943,6.695923994605648,2.3943703853786347,7.2,53.0
1771241446.8234277,6.705838796001486,2.3795523350010317,7.2,53.0
1771241446.8275373,6.7156823041797304,2.3624419627787647,7.2,53.0
1771241446.8317294,6.725463111762516,2.347393819868481,7.2,53.0
1771241446.8359256,6.735176983589857,2.331329238561768,7.2,53.0
1771241446.8400955,6.744758707008221,2.2996136204073783,7.2,53.0
1771241446.844248,6.754307799225911,2.291782132245566,7.2,53.0
1771241446.8483977,6.763780756810127,2.273509820211758,7.2,53.0
1771241446.852532,6.773143780518289,2.2471256899588674,7.2,53.0
1771241446.8567083,6.782469341843614,2.238134718077796,7.2,53.0
1771241446.8608475,6.791802584990549,2.2399783552645083,7.2,53.0
1771241446.865032,6.80101815639915,2.211737138064094,7.2,53.0
1771241446.8691897,6.810180466759001,2.1989544863644004,7.2,53.0
1771241446.8775682,6.8284033794623005,2.177631519408787,7.2,53.0
1771241446.8817089,6.837401576569157,2.1595673056455773,7.2,53.0
1771241446.8858736,6.846377242773199,2.1541598889703155,7.2,53.0
1771241446.8900442,6.855262395143486,2.1324365688687923,7.2,53.0
1771241446.894214,6.864036120903451,2.105694182391809,7.2,53.0
1771241446.8983493,6.872766300470939,2.095243096197144,7.2,53.0
1771241446.9025126,6.881495847869886,2.0950913757472795,7.2,53.0
1771241446.906698,6.890175648125353,2.0831520613118437,7.2,53.0
1771241446.9150653,6.9073268991293775,2.0490149463384473,7.2,53.0
1771241446.9192328,6.9157887953358985,2.0308550895649713,7.2,53.0
1771241446.9233944,6.924134166558928,2.0028890935270667,7.2,53.0
1771241446.9275527,6.932464333655579,1.9992401031961984,7.2,53.0
1771241446.9317386,6.940814533464516,2.0040479541447063,7.2,53.0
1771241446.9400706,6.95747437702138,1.9889568792646144,7.2,53.0
1771241446.944214,6.9657719029485285,1.9914062225157476,7.2,53.0
1771241446.9484134,6.974113718280337,2.002035679634103,7.2,53.0
1771241446.9525924,6.9824858253283395,2.009305691520579,7.2,53.0
1771241446.9567196,6.990829888671338,2.002575202319705,7.2,53.0
1771241446.9650512,7.007532020300646,2.003865366606611,7.2,53.0
1771241446.9692156,7.0159358892254255,2.016928541947072,7.2,53.0
1771241446.97337,7.024325491538048,2.0135045550293964,7.2,53.0
1771241446.9775252,7.032725924692434,2.0161039570526307,7.2,53.0
1771241446.981701,7.041093835720839,2.0082986468173836,7.2,53.0
1771241446.9900498,7.057706637059539,1.9912970759091722,7.2,53.0
1771241446.9942207,7.065935445837881,1.9749141068020029,7.2,53.0
1771241446.9983854,7.07405380827044,1.9484069838141775,7.2,53.0
1771241447.002547,7.082126510271213,1.9374484801855563,7.2,53.0
1771241447.0067084,7.090193691895826,1.93612358990696,7.2,53.0
1771241447.0150485,7.106135559902885,1.9027778922281002,7.2,53.0
1771241447.0192075,7.1140187749537525,1.8919716122080974,7.2,53.0
1771241447.0234008,7.121925713772878,1.8976653165902493,7.2,53.0
1771241447.0317416,7.137568844816994,1.8677522277537328,7.2,53.0
1771241447.0358927,7.1453037747185855,1.8563831763818732,7.2,53.0
1771241447.0400467,7.153067130912835,1.863205486619895,7.2,53.0
1771241447.0442338,7.1608316954375795,1.8634954859386295,7.2,53.0
1771241447.0525687,7.17614871011411,1.837925520111544,7.2,53.0
1771241447.0567348,7.18384548787804,1.8472266633432446,7.2,53.0
1771241447.0609295,7.191534045010668,1.845253711830785,7.2,53.0
1771241447.069212,7.206779933755791,1.8257131639656194,7.2,53.0
1771241447.073392,7.2143934725090615,1.8272493007848787,7.2,53.0
1771241447.077577,7.22197614707302,1.8198418953501052,7.2,53.0
1771241447.0858932,7.236921954269037,1.7898434856767789,7.2,53.0
1771241447.0900464,7.244379038987839,1.789700332512484,7.2,53.0
1771241447.094237,7.251781005972494,1.7764720763170838,7.2,53.0
1771241447.102581,7.266309364430534,1.7406514429165167,7.2,53.0
1771241447.1067393,7.273587090447155,1.7466542439888335,7.2,53.0
1771241447.1108923,7.280813493817204,1.7343368088118918,7.2,53.0
1771241447.1192052,7.295053127774795,1.7029953279271801,7.2,53.0
1771241447.1233833,7.302170581146579,1.7081888092279913,7.2,53.0
1771241447.131743,7.31644605542537,1.7127325522749226,7.2,53.0
1771241447.1358745,7.3235335911874815,1.701008582906815,7.2,53.0
1771241447.1400843,7.330579538533386,1.6910273630170911,7.2,53.0
1771241447.1484087,7.344646013539488,1.6816529908176316,7.2,53.0
1771241447.1525717,7.351607053749684,1.6706496504470592,7.2,53.0
1771241447.1608965,7.365468350763455,1.662921314792949,7.2,53.0
1771241447.16507,7.372332298115496,1.6473473644899836,7.2,53.0
1771241447.1733916,7.385695016042767,1.596734410962997,7.2,53.0
1771241447.1775637,7.392369874672436,1.6019660711206531,7.2,53.0
1771241447.1859558,7.405770467198062,1.6033847675058677,7.2,53.0
1771241447.1900647,7.412381415205,1.586627521665142,7.2,53.0
1771241447.1983962,7.4255633635158285,1.582845314788748,7.2,53.0
1771241447.2025604,7.432134124370441,1.5769826051070177,7.2,53.0
1771241447.210899,7.445072562012745,1.547248924507899,7.2,53.0
1771241447.2150638,7.451520722583873,1.5475585370706375,7.2,53.0
1771241447.2234046,7.4644009961095925,1.5416366832076085,7.2,53.0
1771241447.2275653,7.470784152514383,1.5319575371497616,7.2,53.0
1771241447.235889,7.4834816489051255,1.5226146539176184,7.2,53.0
1771241447.2442396,7.496101702314265,1.5042582793502757,7.2,53.0
1771241447.2483974,7.502328171678603,1.494352647441145,7.2,53.0
1771241447.2567048,7.514763066877145,1.4940015267801312,7.2,53.0
1771241447.2609303,7.520985927130757,1.4934864608667777,7.2,53.0
1771241447.2692306,7.533143234858956,1.4496000815804166,7.2,53.0
1771241447.277564,7.545233530464335,1.4556846669643397,7.2,53.0
1771241447.2817547,7.55133027818656,1.4632194533339649,7.2,53.0
1771241447.2900705,7.5632419515876705,1.419311716104159,7.2,53.0
1771241447.2983782,7.57497027964157,1.4058820073239628,7.2,53.0
1771241447.3025446,7.58084956241354,1.4110278652728623,7.2,53.0
1771241447.3109076,7.59241971781186,1.3815716924631256,7.2,53.0
1771241447.319229,7.603748795868991,1.3551306379356427,7.2,53.0
1771241447.3275633,7.615010452459241,1.3476737903195022,7.2,53.0
1771241447.3317587,7.620565824470483,1.333289282698178,7.2,53.0
1771241447.3400655,7.631654686012729,1.3342352310204102,7.2,53.0
1771241447.3484194,7.642857380930271,1.3449308451516158,7.2,53.0
1771241447.356732,7.653826132645305,1.3064727494091453,7.2,53.0
1771241447.3650475,7.6645977229141735,1.2901349069518557,7.2,53.0
1771241447.3692179,7.670020548868815,1.3014782291141231,7.2,53.0
1771241447.3775685,7.680858552484754,1.293480187458628,7.2,53.0
1771241447.3859036,7.691259133072076,1.2394486841791899,7.2,53.0
1771241447.3942268,7.701542158254901,1.234232027203218,7.2,53.0
1771241447.4025817,7.711754296156893,1.2207005634326078,7.2,53.0
1771241447.4109447,7.721910214322672,1.2155616318454174,7.2,53.0
1771241447.4193733,7.732120243671086,1.231357710982847,7.2,53.0
1771241447.4275978,7.742437287513004,1.2403754954922495,7.2,53.0
1771241447.435907,7.752760350092405,1.2438599485371977,7.2,53.0
1771241447.4442334,7.763103642384899,1.2379562311250107,7.2,53.0
1771241447.4525702,7.77346828323496,1.2377664631763474,7.2,53.0
1771241447.4608922,7.783692410776279,1.224285624706114,7.2,53.0
1771241447.4692304,7.793802599234222,1.2045313583379307,7.2,53.0
1771241447.4775352,7.803654467955262,1.1729423154418026,7.2,53.0
1771241447.4858608,7.813254941373053,1.146876548797117,7.2,53.0
1771241447.4942052,7.822697392434762,1.1255036434312666,7.2,53.0
1771241447.50256,7.831831884263404,1.0795236693242412,7.2,53.0
1771241447.5108845,7.840604395703676,1.0467605721002387,7.2,53.0
1771241447.5233781,7.8534421235496925,1.0144284227098646,7.2,53.0
1771241447.5317073,7.86180616635275,1.0011510462801694,7.2,53.0
1771241447.5400486,7.870015752144246,0.9802703826615711,7.2,53.0
1771241447.5526426,7.882044526149345,0.9464371001176269,7.2,53.0
1771241447.5650573,7.893504356496507,0.9017358607213536,7.2,53.0
1771241447.5734153,7.900861873524522,0.877664912398208,7.2,53.0
1771241447.5858793,7.911559239650709,0.8419038354809313,7.2,53.0
1771241447.5983744,7.9218757083023785,0.8196307692996022,7.2,53.0
1771241447.6108947,7.931687033946544,0.7721616770613089,7.2,53.0
1771241447.6233895,7.940943802800702,0.7279982820309464,7.2,53.0
1771241447.6400387,7.952705265284039,0.689913976777548,7.2,53.0
1771241447.6525354,7.961076571876094,0.6611435833786349,7.2,53.0
1771241447.6692295,7.971138692305615,0.5813671444220273,7.2,53.0
1771241447.685881,7.980471167582352,0.5465453683620639,7.2,53.0
1771241447.7066994,7.991113008682745,0.48263852878334657,7.2,53.0
1771241447.727554,8.00035773528439,0.4121778452093552,7.2,53.0
1771241447.756727,8.010746292698082,0.31643897446491975,7.2,53.0
1771241447.7858968,8.020735570036424,0.40560061273796255,7.2,53.0
1771241447.8066947,8.030169718372385,0.4832148321016272,7.2,53.0
1771241447.8275187,8.041513693617345,0.5978733566886022,7.2,53.0
1771241447.8442023,8.05224708323044,0.6604961685022364,7.2,53.0
1771241447.856696,8.060356697977229,0.6440664143908228,7.2,53.0
1771241447.8733764,8.071152803289701,0.6539903104001606,7.2,53.0
1771241447.890039,8.08183449516495,0.6279183001986266,7.2,53.0
1771241447.9067087,8.09214731812028,0.6052755603818073,7.2,53.0
1771241447.9233751,8.102138863272183,0.5968720451187066,7.2,53.0
1771241447.9400394,8.111655737040307,0.5470992148709801,7.2,53.0
1771241447.9567177,8.120666523752831,0.5404524028280114,7.2,53.0
1771241447.9775748,8.131604037110167,0.5139709152462241,7.2,53.0
1771241447.9984436,8.141576007772384,0.47072401196397773,7.2,53.0
1771241448.01928,8.150225466337435,0.3358479889613677,7.2,53.0
1771241448.0484126,8.160175101500545,0.34689733257750943,7.2,53.0
1771241448.0775373,8.170648393878217,0.35715568827562155,7.2,53.0
1771241448.1066985,8.181603091780545,0.3893580106575861,7.2,53.0
1771241448.1275291,8.190395321630763,0.4389542042492252,7.2,53.0
1771241448.1525304,8.201169216007596,0.42598175909033587,7.2,53.0
1771241448.1734092,8.210394195843936,0.459760243933463,7.2,53.0
1771241448.1942358,8.220254221976415,0.4961879539137324,7.2,53.0
1771241448.215058,8.230893741951114,0.5321462118330199,7.2,53.0
1771241448.231738,8.240508637698085,0.5904943136754206,7.2,53.0
1771241448.2484155,8.25126885378084,0.6759259130489397,7.2,53.0
1771241448.265075,8.26272728322699,0.6992925180062723,7.2,53.0
1771241448.2777932,8.271793466083382,0.7355897789968027,7.2,53.0
1771241448.2902584,8.28154643394708,0.7942674745507451,7.2,53.0
1771241448.3027651,8.29194434796659,0.8341100424485571,7.2,53.0
1771241448.3151736,8.302688419810908,0.8641619031105616,7.2,53.0
1771241448.3235023,8.310108696039649,0.8954637990019231,7.2,53.0
1771241448.3359334,8.3214668446337,0.9143188437655758,7.2,53.0
1771241448.3484273,8.332927940794859,0.9219904706192035,7.2,53.0
1771241448.356771,8.341036508233616,0.9811314104879493,7.2,53.0
1771241448.3692582,8.353556363655624,1.0141545829847263,7.2,53.0
1771241448.3776934,8.362046531690599,1.0227673086366629,7.2,53.0
1771241448.385887,8.370628676379212,1.0293556748284425,7.2,53.0
1771241448.3984065,8.383690635469812,1.0482376542225011,7.2,53.0
1771241448.406768,8.392606728402583,1.0737419701519653,7.2,53.0
1771241448.4150856,8.401668666106534,1.087484202365538,7.2,53.0
1771241448.4234018,8.410954304239437,1.1232818634803803,7.2,53.0
1771241448.4317327,8.42045362559712,1.1514169216772332,7.2,53.0
1771241448.440062,8.430157970898795,1.1649700792198074,7.2,53.0
1771241448.4525642,8.444886360336998,1.198371075710609,7.2,53.0
1771241448.460896,8.455043449843782,1.2331432064196093,7.2,53.0
1771241448.4650733,8.460271051210876,1.2546243281026441,7.2,53.0
1771241448.4733891,8.4706843866197,1.2515246636590704,7.2,53.0
1771241448.4817429,8.48145198191099,1.2991723547606484,7.2,53.0
1771241448.49006,8.492381411847356,1.321762676149905,7.2,53.0
1771241448.4984057,8.503408416116706,1.3208854350162573,7.2,53.0
1771241448.5067368,8.514471154957533,1.3379297399784875,7.2,53.0
1771241448.5108848,8.520139359595978,1.3603691132268203,7.2,53.0
1771241448.5192358,8.53153187977817,1.3679597755365815,7.2,53.0
1771241448.5275881,8.54306772338994,1.379422628520227,7.2,53.0
1771241448.5358863,8.55462507666571,1.396316608287537,7.2,53.0
1771241448.5400586,8.56056724670359,1.4261208090911897,7.2,53.0
1771241448.5483983,8.57243136042426,1.4213611731502527,7.2,53.0
1771241448.556704,8.584492405582347,1.4480428005644799,7.2,53.0
1771241448.5608888,8.59054818045781,1.4533859701110383,7.2,53.0
1771241448.56925,8.602902392703431,1.505723678169448,7.2,53.0
1771241448.5775416,8.615636499371723,1.527843524841047,7.2,53.0
1771241448.5817587,8.622012764183374,1.5303035547962374,7.2,53.0
1771241448.5900853,8.63496802599452,1.5535481509761095,7.2,53.0
1771241448.5942507,8.64137645256617,1.538022377196433,7.2,53.0
1771241448.6025436,8.654231667104611,1.543533982364685,7.2,53.0
1771241448.6067119,8.660746674764377,1.5636018383440506,7.2,53.0
1771241448.6150446,8.673952172598822,1.597741975383916,7.2,53.0
1771241448.6192143,8.680600450004745,1.5955865774214433,7.2,53.0
1771241448.6275618,8.694115095216272,1.6292457505935998,7.2,53.0
1771241448.631745,8.700930598234828,1.6357207244535916,7.2,53.0
1771241448.640071,8.714614759426592,1.6545502801627177,7.2,53.0
1771241448.644262,8.72168666675078,1.6972577578053567,7.2,53.0
1771241448.6525679,8.735852445731823,1.7024716413070584,7.2,53.0
1771241448.6567366,8.742977072362512,1.7099103913653346,7.2,53.0
1771241448.660893,8.750232781069082,1.7413700895768434,7.2,53.0
1771241448.6692047,8.764759682124192,1.7458193237247464,7.2,53.0
1771241448.6734097,8.772074415286447,1.7555359589410917,7.2,53.0
1771241448.68172,8.786621133875396,1.7418383705264875,7.2,53.0
1771241448.6858747,8.793878853360571,1.741852676441839,7.2,53.0
1771241448.690049,8.801209545900614,1.7593662096104048,7.2,53.0
1771241448.6984222,8.816109036617416,1.7786497047309253,7.2,53.0
1771241448.7025802,8.823492342680664,1.7719934551797063,7.2,53.0
1771241448.7067158,8.830935440440946,1.786343462467556,7.2,53.0
1771241448.7150528,8.84621465525578,1.8335814459119248,7.2,53.0
1771241448.7192152,8.85384954837333,1.8323743482118147,7.2,53.0
1771241448.7233813,8.86153427597434,1.8443346242423906,7.2,53.0
1771241448.7317085,8.87731113009615,1.9070525141659298,7.2,53.0
1771241448.735893,8.885237782976825,1.9023966913619872,7.2,53.0
1771241448.7400875,8.893089161113211,1.8843307527327298,7.2,53.0
1771241448.7442534,8.9009425204121,1.8848062317331138,7.2,53.0
1771241448.7525625,8.916817755582228,1.8997900082048165,7.2,53.0
1771241448.7567346,8.92474363690056,1.9022115163998057,7.2,53.0
1771241448.7608778,8.932681497722369,1.9050865972340707,7.2,53.0
1771241448.7650573,8.940720627447337,1.9293911339923406,7.2,53.0
1771241448.7734168,8.957049840948695,1.9685293864852196,7.2,53.0
1771241448.7775567,8.965369760071242,1.9967805894111499,7.2,53.0
1771241448.7817104,8.973707435735037,2.001042159310712,7.2,53.0
1771241448.7858841,8.98205962704675,2.004525914811242,7.2,53.0
1771241448.7900536,8.990463083845086,2.0168296316004137,7.2,53.0
1771241448.7983806,9.007305436962591,2.023888500642896,7.2,53.0
1771241448.802542,9.015771995709153,2.031974099174992,7.2,53.0
1771241448.8067272,9.024292059646557,2.0448153449767794,7.2,53.0
1771241448.8108633,9.032793894303055,2.040440317559375,7.2,53.0
1771241448.815027,9.041313564448116,2.0447208348147696,7.2,53.0
1771241448.8234076,9.058642887576692,2.095993178455012,7.2,53.0
1771241448.8275528,9.067474988649874,2.1197042575637868,7.2,53.0
1771241448.8317165,9.076328413232117,2.1248218997384054,7.2,53.0
1771241448.8358855,9.085247224166368,2.140514624220337,7.2,53.0
1771241448.840067,9.094116374224525,2.12859601395774,7.2,53.0
1771241448.8442395,9.102943530352313,2.1185174706690413,7.2,53.0
1771241448.8483956,9.111859931060865,2.1399361700522412,7.2,53.0
1771241448.8525436,9.120861738624665,2.1604338153119116,7.2,53.0
1771241448.860883,9.138789070842929,2.1500267426332282,7.2,53.0
1771241448.8651142,9.147824053367547,2.168395805908211,7.2,53.0
1771241448.8692377,9.156892418726182,2.176407686072498,7.2,53.0
1771241448.8733993,9.165925071230252,2.167836600976941,7.2,53.0
1771241448.8775291,9.174958367974499,2.167991218619419,7.2,53.0
1771241448.881716,9.184071954824576,2.1872608440184718,7.2,53.0
1771241448.8858852,9.193304273694837,2.215756528862649,7.2,53.0
1771241448.8900456,9.20251146026047,2.209724775751813,7.2,53.0
1771241448.894196,9.211737976578105,2.2143639162326467,7.2,53.0
1771241448.8983946,9.220991301075534,2.220797879383083,7.2,53.0
1771241448.9025753,9.230353869278424,2.2470163686936804,7.2,53.0
1771241448.910882,9.249508025421374,2.3015302728625238,7.2,53.0
1771241448.9150605,9.25912305218409,2.3076064230519746,7.2,53.0
1771241448.919229,9.26871651447226,2.30243094916048,7.2,53.0
1771241448.9233735,9.278349359507699,2.3118828085053407,7.2,53.0
1771241448.9275305,9.288006795073965,2.317784535903829,7.2,53.0
1771241448.9319112,9.297569258530476,2.294991229562562,7.2,53.0
1771241448.9361475,9.30703701472566,2.2722614868438984,7.2,53.0
1771241448.940162,9.31665529863428,2.3083881380691094,7.2,53.0
1771241448.944491,9.326298746272341,2.3144274331345396,7.2,53.0
1771241448.948578,9.335912730698968,2.307356262390434,7.2,53.0
1771241448.9527197,9.345524937951737,2.3069297406645357,7.2,53.0
1771241448.9569197,9.355328822374442,2.3529322614492156,7.2,53.0
1771241448.9609547,9.365350219510908,2.4051353127518156,7.2,53.0
1771241448.9652088,9.375326095226502,2.3942101717423303,7.2,53.0
1771241448.9694192,9.385315396883307,2.3974323976331253,7.2,53.0
1771241448.973589,9.39540044508526,2.420411568468876,7.2,53.0
1771241448.9776602,9.405547398814038,2.435268894906732,7.2,53.0
1771241448.9817321,9.415699312578736,2.436459303527531,7.2,53.0
1771241448.9859147,9.425875917015714,2.442385064874821,7.2,53.0
1771241448.9900951,9.4359839998441,2.425939878812316,7.2,53.0
1771241448.9942214,9.446068701241122,2.4203283352856197,7.2,53.0
1771241448.998418,9.456216415728763,2.4354514770338924,7.2,53.0
1771241449.0025523,9.46638882480718,2.441378178820126,7.2,53.0
1771241449.0067487,9.47656786031879,2.4429685227866935,7.2,53.0
1771241449.0108907,9.486857893796476,2.4696080346447093,7.2,53.0
1771241449.0150826,9.497196425303144,2.4812475616003975,7.2,53.0
1771241449.0192409,9.507574286048552,2.4906865788978605,7.2,53.0
1771241449.0233874,9.518124654286868,2.5320883771959783,7.2,53.0
1771241449.0275724,9.528775173775351,2.5561246772356565,7.2,53.0
1771241449.0317397,9.539344006768092,2.5365199182578455,7.2,53.0
1771241449.035892,9.549891862163372,2.5314852948671533,7.2,53.0
1771241449.0401204,9.560477480291322,2.5405483507080797,7.2,53.0
1771241449.040166,9.560477480291322,2.5405483507080797,7.2,53.0
1771241449.0442405,9.57114541274297,2.56030378839555,7.2,53.0
1771241449.0484176,9.581788141648888,2.554254937420078,7.2,53.0
1771241449.0525386,9.592435749591244,2.555425906165418,7.2,53.0
1771241449.0567276,9.603129106992936,2.5664057764061443,7.2,53.0
1771241449.0609012,9.61390383492286,2.5859347031817226,7.2,53.0
1771241449.0650463,9.62466555075046,2.582811798623908,7.2,53.0
1771241449.0692399,9.635452088656164,2.5887690973689086,7.2,53.0
1771241449.073401,9.646199909450694,2.579476990687285,7.2,53.0
1771241449.07759,9.656988481149556,2.589257207727096,7.2,53.0
1771241449.0817287,9.667864232728602,2.610180378971169,7.2,53.0
1771241449.085904,9.678772569581648,2.6180008447309984,7.2,53.0
1771241449.0901976,9.68966332018923,2.6137801458195398,7.2,53.0
1771241449.0942466,9.700656742704922,2.6384214037664364,7.2,53.0
1771241449.0942893,9.700656742704922,2.6384214037664364,7.2,53.0
1771241449.0984182,9.711674040023611,2.644151356485492,7.2,53.0
1771241449.1025822,9.72272843556452,2.6530549298179773,7.2,53.0
1771241449.1067328,9.73389753362173,2.680583533730745,7.2,53.0
1771241449.1109316,9.745090364606423,2.6862794363261724,7.2,53.0
1771241449.1150527,9.756271044486756,2.683363171279991,7.2,53.0
1771241449.1192234,9.767460026997199,2.6853558025063826,7.2,53.0
1771241449.1234043,9.778803099697562,2.7223374480873708,7.2,53.0
1771241449.127576,9.790201624566675,2.7356459685872343,7.2,53.0
1771241449.127617,9.790201624566675,2.7356459685872343,7.2,53.0
1771241449.1318133,9.801554938531524,2.7247953515638157,7.2,53.0
1771241449.135888,9.812931786806294,2.730443585944685,7.2,53.0
1771241449.1400785,9.824353378245803,2.7411819454822663,7.2,53.0
1771241449.1442325,9.835954498385599,2.784268833550748,7.2,53.0
1771241449.148417,9.847702182102125,2.8194440919664574,7.2,53.0
1771241449.1526055,9.859393138805537,2.805829608818608,7.2,53.0
1771241449.156708,9.871096217068311,2.8087387830658184,7.2,53.0
1771241449.1567483,9.871096217068311,2.8087387830658184,7.2,53.0
1771241449.160881,9.882822582923685,2.8143278052895693,7.2,53.0
1771241449.1650581,9.894500276553337,2.8026464711163923,7.2,53.0
1771241449.1692097,9.906246187702529,2.8190186758060394,7.2,53.0
1771241449.1734452,9.91804276701666,2.831179035391606,7.2,53.0
1771241449.177555,9.929862374711181,2.8367058466850574,7.2,53.0
1771241449.1817713,9.941634453241784,2.8252988473447105,7.2,53.0
1771241449.1818256,9.941634453241784,2.8252988473447105,7.2,53.0
1771241449.1858885,9.953429530656827,2.8308185796100687,7.2,53.0
1771241449.1900814,9.96526670952907,2.8409229293384253,7.2,53.0
1771241449.1942713,9.977175622114942,2.8581390206090385,7.2,53.0
1771241449.1984074,9.989107397201883,2.8636260208657505,7.2,53.0
1771241449.2025769,10.001001997426206,2.8547040538376764,7.2,53.0
1771241449.202623,10.001001997426206,2.8547040538376764,7.2,53.0
1771241449.2067144,10.012932698297282,2.8633682090582555,7.2,53.0
1771241449.210891,10.02496813766149,2.8885054474097984,7.2,53.0
1771241449.2150624,10.037042458016149,2.897836885118233,7.2,53.0
1771241449.2192242,10.04911030275519,2.8962827373701017,7.2,53.0
1771241449.22342,10.061117345731008,2.8816903141959944,7.2,53.0
1771241449.223466,10.061117345731008,2.8816903141959944,7.2,53.0
1771241449.2275803,10.073107437118406,2.8776219329753503,7.2,53.0
1771241449.2317207,10.085119887309167,2.8829880457829185,7.2,53.0
1771241449.2359014,10.097115601413824,2.8789713851175582,7.2,53.0
1771241449.2400372,10.109254026506962,2.9132220223529424,7.2,53.0
1771241449.244204,10.121492269132126,2.9371782300393083,7.2,53.0
1771241449.2442482,10.121492269132126,2.9371782300393083,7.2,53.0
1771241449.2483816,10.133677689048106,2.9245007798351654,7.2,53.0
1771241449.2525303,10.145874636113449,2.9272672956822325,7.2,53.0
1771241449.2566977,10.158148205025862,2.945656538979112,7.2,53.0
1771241449.2608874,10.17054293619123,2.9747354796883876,7.2,53.0
1771241449.2609258,10.17054293619123,2.9747354796883876,7.2,53.0
1771241449.2650366,10.182955310075913,2.9789697323236246,7.2,53.0
1771241449.2691941,10.195389980697529,2.9843209491878957,7.2,53.0
1771241449.2733815,10.207803918886908,2.979345165451166,7.2,53.0
1771241449.2775507,10.220345965735904,3.010091243758906,7.2,53.0
1771241449.277595,10.220345965735904,3.010091243758906,7.2,53.0
1771241449.2817159,10.232920878548514,3.017979075026267,7.2,53.0
1771241449.2859073,10.245453245434705,3.0077680526856234,7.2,53.0
1771241449.290053,10.258049116621942,3.023009084937079,7.2,53.0
1771241449.294243,10.270678670781646,3.0310929983288264,7.2,53.0
1771241449.2942882,10.270678670781646,3.0310929983288264,7.2,53.0
1771241449.298383,10.283314003151146,3.0324797686799627,7.2,53.0
1771241449.3025358,10.29604530146027,3.055511594189703,7.2,53.0
1771241449.3067267,10.308742400687478,3.04730381453009,7.2,53.0
1771241449.3108735,10.321524417681864,3.0676840786528223,7.2,53.0
1771241449.3109176,10.321524417681864,3.0676840786528223,7.2,53.0
1771241449.3150415,10.334328330886688,3.0729391691575114,7.2,53.0
1771241449.319217,10.3471220324315,3.0704883707548056,7.2,53.0
1771241449.3233933,10.360042221544521,3.1008453871253243,7.2,53.0
1771241449.3234317,10.360042221544521,3.1008453871253243,7.2,53.0
1771241449.3275743,10.373064355056185,3.1253120427993224,7.2,53.0
1771241449.331703,10.386074445585294,3.1224217269863175,7.2,53.0
1771241449.3358603,10.399106186394796,3.1276177942806744,7.2,53.0
1771241449.340046,10.412076238032398,3.1128123930243072,7.2,53.0
1771241449.340094,10.412076238032398,3.1128123930243072,7.2,53.0
1771241449.3442054,10.425111131469624,3.128374424934227,7.2,53.0
1771241449.3483744,10.43823588762275,3.1499414767499174,7.2,53.0
1771241449.3525538,10.451339081105488,3.144766435857287,7.2,53.0
1771241449.3526485,10.451339081105488,3.144766435857287,7.2,53.0
1771241449.3567288,10.464449866126577,3.1465884050615065,7.2,53.0
1771241449.3609118,10.477506365537323,3.1335598585791558,7.2,53.0
1771241449.3650494,10.490556800369715,3.1321043597741447,7.2,53.0
1771241449.3650892,10.490556800369715,3.1321043597741447,7.2,53.0
1771241449.3692296,10.503707257756448,3.156109772815942,7.2,53.0
1771241449.3734205,10.516922648015589,3.171693662193917,7.2,53.0
1771241449.3775423,10.530220513639774,3.1914877498045233,7.2,53.0
1771241449.3775828,10.530220513639774,3.1914877498045233,7.2,53.0
1771241449.3816938,10.543539652992354,3.196593444619101,7.2,53.0
1771241449.3858678,10.556859551835219,3.196775722287612,7.2,53.0
1771241449.39004,10.570287608168508,3.222733519989524,7.2,53.0
1771241449.3900864,10.570287608168508,3.222733519989524,7.2,53.0
1771241449.3942266,10.583668428532706,3.2113968874074965,7.2,53.0
1771241449.3983989,10.597110645480784,3.226132067538902,7.2,53.0
1771241449.4025495,10.610573926898148,3.2311875401672485,7.2,53.0
1771241449.4025958,10.610573926898148,3.2311875401672485,7.2,53.0
1771241449.4067285,10.624052779596555,3.2349246476176834,7.2,53.0
1771241449.4108896,10.637650406159326,3.2634303750650018,7.2,53.0
1771241449.4150734,10.651218598369134,3.256366130353984,7.2,53.0
1771241449.415135,10.651218598369134,3.256366130353984,7.2,53.0
1771241449.4191966,10.66478537278647,3.256025860160841,7.2,53.0
1771241449.4233682,10.678373038456801,3.2610397608794908,7.2,53.0
1771241449.4275486,10.69193685582154,3.255316167537202,7.2,53.0
1771241449.4275904,10.69193685582154,3.255316167537202,7.2,53.0
1771241449.4317524,10.705665003089285,3.2947553442589843,7.2,53.0
1771241449.435891,10.719353341589496,3.285201240050499,7.2,53.0
1771241449.4400659,10.732998335848482,3.274798622156445,7.2,53.0
1771241449.4401,10.732998335848482,3.274798622156445,7.2,53.0
1771241449.4442267,10.746664067064373,3.2797754918138216,7.2,53.0
1771241449.4484236,10.760338082031458,3.2817635921005732,7.2,53.0
1771241449.4484544,10.760338082031458,3.2817635921005732,7.2,53.0
1771241449.4525912,10.774166686882035,3.3188651641383067,7.2,53.0
1771241449.4567266,10.787956703478049,3.309603983043105,7.2,53.0
1771241449.4609237,10.801746383994008,3.3095233238303763,7.2,53.0
1771241449.4609861,10.801746383994008,3.3095233238303763,7.2,53.0
1771241449.465047,10.815556608462147,3.314453872353627,7.2,53.0
1771241449.469234,10.829441593025518,3.3323962952088717,7.2,53.0
1771241449.4734077,10.843533113035885,3.381964802488459,7.2,53.0
1771241449.473444,10.843533113035885,3.381964802488459,7.2,53.0
1771241449.477561,10.857520644477242,3.3570075459255757,7.2,53.0
1771241449.481708,10.871510798307904,3.357636919358921,7.2,53.0
1771241449.4817426,10.871510798307904,3.357636919358921,7.2,53.0
1771241449.485873,10.885530597111739,3.364751712920423,7.2,53.0
1771241449.490044,10.89959603804591,3.3757058242010807,7.2,53.0
1771241449.494242,10.913745214241473,3.3958022869349938,7.2,53.0
1771241449.494278,10.913745214241473,3.3958022869349938,7.2,53.0
1771241449.4984274,10.927797986019193,3.3726652266530506,7.2,53.0
1771241449.5025995,10.941858189537447,3.3744488443808764,7.2,53.0
1771241449.5026584,10.941858189537447,3.3744488443808764,7.2,53.0
1771241449.506743,10.956007281790695,3.3957821407794127,7.2,53.0
1771241449.5108771,10.97015897726578,3.396406914020361,7.2,53.0
1771241449.5109131,10.97015897726578,3.396406914020361,7.2,53.0
1771241449.5150669,10.984416176983395,3.4217279322273093,7.2,53.0
1771241449.519222,10.998587581064845,3.401136979547963,7.2,53.0
1771241449.5233893,11.01284820878783,3.422550653516426,7.2,53.0
1771241449.523425,11.01284820878783,3.422550653516426,7.2,53.0
1771241449.527538,11.027128881037164,3.4273613398402794,7.2,53.0
1771241449.5317059,11.041463374011212,3.4402783137712976,7.2,53.0
1771241449.5317416,11.041463374011212,3.4402783137712976,7.2,53.0
1771241449.535914,11.055941170494782,3.474671156056998,7.2,53.0
1771241449.5400712,11.070431795608364,3.477750027259813,7.2,53.0
1771241449.5401027,11.070431795608364,3.477750027259813,7.2,53.0
1771241449.5442302,11.085040402930781,3.506065757379953,7.2,53.0
1771241449.5484064,11.099668717735137,3.510795553045236,7.2,53.0
1771241449.5525596,11.11436439698468,3.52696301989059,7.2,53.0
1771241449.5525906,11.11436439698468,3.52696301989059,7.2,53.0
1771241449.5567644,11.129199044372827,3.5603153731555106,7.2,53.0
1771241449.5608842,11.143961400207738,3.5429654003788325,7.2,53.0
1771241449.5609148,11.143961400207738,3.5429654003788325,7.2,53.0
1771241449.5650945,11.158719001858847,3.5418243962663127,7.2,53.0
1771241449.569239,11.173337396856928,3.508414799539384,7.2,53.0
1771241449.5692718,11.173337396856928,3.508414799539384,7.2,53.0
1771241449.5733964,11.187981337706562,3.5145458039120427,7.2,53.0
1771241449.5775697,11.202790508586949,3.554201011292996,7.2,53.0
1771241449.577611,11.202790508586949,3.554201011292996,7.2,53.0
1771241449.581697,11.217566511327687,3.546240657777406,7.2,53.0
1771241449.5859349,11.232361791323447,3.5508671989821967,7.2,53.0
1771241449.5860028,11.232361791323447,3.5508671989821967,7.2,53.0
1771241449.5900624,11.247074832144495,3.5311297970517095,7.2,53.0
1771241449.5942163,11.261919492481283,3.56271848082895,7.2,53.0
1771241449.5942614,11.261919492481283,3.56271848082895,7.2,53.0
1771241449.5984557,11.276709526394894,3.5496081392667116,7.2,53.0
1771241449.6025386,11.291498792696713,3.549423912436586,7.2,53.0
1771241449.6025698,11.291498792696713,3.549423912436586,7.2,53.0
1771241449.6067154,11.306307307375967,3.5540435230210266,7.2,53.0
1771241449.6108868,11.321120698436228,3.5552138544629783,7.2,53.0
1771241449.6109188,11.321120698436228,3.5552138544629783,7.2,53.0
1771241449.6150644,11.336138299899481,3.6042243511806613,7.2,53.0
1771241449.6192703,11.351074801461651,3.5847603749207115,7.2,53.0
1771241449.6193056,11.351074801461651,3.5847603749207115,7.2,53.0
1771241449.623392,11.366030071988055,3.589264926336686,7.2,53.0
1771241449.6275802,11.38085057716433,3.55692124230591,7.2,53.0
1771241449.6276143,11.38085057716433,3.55692124230591,7.2,53.0
1771241449.631753,11.395760144528726,3.5782961674552842,7.2,53.0
1771241449.635884,11.410783905211357,3.605702563831264,7.2,53.0
1771241449.6359189,11.410783905211357,3.605702563831264,7.2,53.0
1771241449.6400845,11.425795769469499,3.6028474219541233,7.2,53.0
1771241449.644215,11.440826573210783,3.6073928979084062,7.2,53.0
1771241449.644246,11.440826573210783,3.6073928979084062,7.2,53.0
1771241449.64842,11.455884004490352,3.613783507096378,7.2,53.0
1771241449.6525445,11.471119017754944,3.656403183501973,7.2,53.0
1771241449.6525757,11.471119017754944,3.656403183501973,7.2,53.0
1771241449.6567273,11.486360724858011,3.658009704736086,7.2,53.0
1771241449.660911,11.501619056148332,3.6619995096771554,7.2,53.0
1771241449.6609454,11.501619056148332,3.6619995096771554,7.2,53.0
1771241449.665046,11.516816105781205,3.6472919118896128,7.2,53.0
1771241449.6692104,11.532092979280879,3.6664496399220603,7.2,53.0
1771241449.6692462,11.532092979280879,3.6664496399220603,7.2,53.0
1771241449.6733782,11.547397358783615,3.673051080656371,7.2,53.0
1771241449.6775424,11.562751612729203,3.6850209469413193,7.2,53.0
1771241449.6775737,11.562751612729203,3.6850209469413193,7.2,53.0
1771241449.6817424,11.57822453465311,3.713501261737664,7.2,53.0
1771241449.6858892,11.593700737348065,3.714288646789417,7.2,53.0
1771241449.6859214,11.593700737348065,3.714288646789417,7.2,53.0
1771241449.6900465,11.60919602685545,3.718869481772318,7.2,53.0
1771241449.6942265,11.62457402675804,3.6907199766217675,7.2,53.0
1771241449.694258,11.62457402675804,3.6907199766217675,7.2,53.0
1771241449.6983838,11.640007808059798,3.7041075124216234,7.2,53.0
1771241449.6984239,11.640007808059798,3.7041075124216234,7.2,53.0
1771241449.702566,11.655502164645918,3.7186455806691003,7.2,53.0
1771241449.7067122,11.671063433452527,3.734704513586259,7.2,53.0
1771241449.7067456,11.671063433452527,3.734704513586259,7.2,53.0
1771241449.7109594,11.68664300830323,3.7390979641685624,7.2,53.0
1771241449.7150624,11.70221612601925,3.737548251844687,7.2,53.0
1771241449.7150972,11.70221612601925,3.737548251844687,7.2,53.0
1771241449.7192252,11.71793514104215,3.772563605495922,7.2,53.0
1771241449.7234683,11.733665716324742,3.7753380678221973,7.2,53.0
1771241449.7235115,11.733665716324742,3.7753380678221973,7.2,53.0
1771241449.7275612,11.749399804439465,3.7761811475336193,7.2,53.0
1771241449.7317479,11.7650088544808,3.746172009920656,7.2,53.0
1771241449.7317834,11.7650088544808,3.746172009920656,7.2,53.0
1771241449.7359133,11.780607528656684,3.743681802212098,7.2,53.0
1771241449.7359438,11.780607528656684,3.743681802212098,7.2,53.0
1771241449.7400718,11.796147628251308,3.7296239027095157,7.2,53.0
1771241449.7442687,11.811678877833838,3.727499899807271,7.2,53.0
1771241449.744303,11.811678877833838,3.727499899807271,7.2,53.0
1771241449.7483752,11.827228220368463,3.7318422083100136,7.2,53.0
1771241449.7525373,11.842757984265102,3.7271433351936123,7.2,53.0
1771241449.752572,11.842757984265102,3.7271433351936123,7.2,53.0
1771241449.7566943,11.858305819288235,3.7314804055519564,7.2,53.0
1771241449.7608614,11.873796086917448,3.717664231011091,7.2,53.0
1771241449.7608976,11.873796086917448,3.717664231011091,7.2,53.0
1771241449.7650244,11.889302931449798,3.721642687764004,7.2,53.0
1771241449.7692041,11.904713830169513,3.698615692731687,7.2,53.0
1771241449.7692354,11.904713830169513,3.698615692731687,7.2,53.0
1771241449.7733614,11.920142782134596,3.702948471620047,7.2,53.0
1771241449.7733963,11.920142782134596,3.702948471620047,7.2,53.0
1771241449.7775354,11.935427587020335,3.668353172577403,7.2,53.0
1771241449.7816844,11.950720592341996,3.6703212771985827,7.2,53.0
1771241449.7817194,11.950720592341996,3.6703212771985827,7.2,53.0
1771241449.7858827,11.965949621381512,3.6549669694836844,7.2,53.0
1771241449.7900193,11.981176338710435,3.6544121589418523,7.2,53.0
1771241449.7900503,11.981176338710435,3.6544121589418523,7.2,53.0
1771241449.7942023,11.996420995519621,3.658717634204788,7.2,53.0
1771241449.7983768,12.011632198085131,3.6506886157222938,7.2,53.0
1771241449.798408,12.011632198085131,3.6506886157222938,7.2,53.0
1771241449.8025348,12.02685959169014,3.65457446520236,7.2,53.0
1771241449.8067365,12.042015629937417,3.6374491793463,7.2,53.0
1771241449.8067687,12.042015629937417,3.6374491793463,7.2,53.0
1771241449.8108516,12.0571831151665,3.6401964549798533,7.2,53.0
1771241449.8150342,12.072243178097347,3.614415103403273,7.2,53.0
1771241449.8150735,12.072243178097347,3.614415103403273,7.2,53.0
1771241449.8191864,12.087316451900891,3.617585712850796,7.2,53.0
1771241449.8234172,12.102240710483722,3.581822059879088,7.2,53.0
1771241449.8234854,12.102240710483722,3.581822059879088,7.2,53.0
1771241449.8275607,12.117170863142313,3.5832366380620853,7.2,53.0
1771241449.8316824,12.132114299966899,3.586424837900795,7.2,53.0
1771241449.8317149,12.132114299966899,3.586424837900795,7.2,53.0
1771241449.8358564,12.147043519953908,3.583012796882102,7.2,53.0
1771241449.8400166,12.16198277718368,3.585421735145309,7.2,53.0
1771241449.8400505,12.16198277718368,3.585421735145309,7.2,53.0
1771241449.8441892,12.176869330010689,3.5727726784824787,7.2,53.0
1771241449.848362,12.19176588496379,3.5751731887443468,7.2,53.0
1771241449.8484015,12.19176588496379,3.5751731887443468,7.2,53.0
1771241449.8525352,12.20657486338094,3.554154820116292,7.2,53.0
1771241449.856695,12.221392531715415,3.5562404002738597,7.2,53.0
1771241449.8567314,12.221392531715415,3.5562404002738597,7.2,53.0
1771241449.8608713,12.23608199905368,3.525472161183662,7.2,53.0
1771241449.8650234,12.250774824440455,3.5262780928262605,7.2,53.0
1771241449.8650606,12.250774824440455,3.5262780928262605,7.2,53.0
1771241449.869193,12.265477733606044,3.528698199741441,7.2,53.0
1771241449.8733666,12.280190810013577,3.531138337807861,7.2,53.0
1771241449.873399,12.280190810013577,3.531138337807861,7.2,53.0
1771241449.877525,12.294914130700624,3.5335969648911045,7.2,53.0
1771241449.8816674,12.309647766525144,3.536072597884821,7.2,53.0
1771241449.885808,12.324391782374182,3.538563803769108,7.2,53.0
1771241449.8858435,12.324391782374182,3.538563803769108,7.2,53.0
1771241449.8899832,12.339146237368732,3.5410691986919147,7.2,53.0
1771241449.8941367,12.353911185064756,3.543587447046049,7.2,53.0
1771241449.8941684,12.353911185064756,3.543587447046049,7.2,53.0
1771241449.8983116,12.36868667365035,3.546117260542314,7.2,53.0
1771241449.902474,12.383472746139013,3.548657397279272,7.2,53.0
1771241449.9025118,12.383472746139013,3.548657397279272,7.2,53.0
1771241449.9066415,12.398269440559055,3.551206660810105,7.2,53.0
1771241449.9108045,12.413076790139085,3.5537638992070026,7.2,53.0
1771241449.9108393,12.413076790139085,3.5537638992070026,7.2,53.0
1771241449.9150453,12.4278948234896,3.5563280041234995,7.2,53.0
1771241449.9191701,12.442723564780664,3.55889790985513,7.2,53.0
1771241449.9192498,12.442723564780664,3.55889790985513,7.2,53.0
1771241449.923324,12.457563033915658,3.561472592398771,7.2,53.0
1771241449.9274874,12.472413246701121,3.5640510685110067,7.2,53.0
1771241449.927555,12.472413246701121,3.5640510685110067,7.2,53.0
1771241449.931654,12.487274215012645,3.5666323947658167,7.2,53.0
1771241449.9358337,12.502145946956862,3.5692156666118984,7.2,53.0
1771241449.9359176,12.502145946956862,3.5692156666118984,7.2,53.0
1771241449.940014,12.517028447029487,3.5718000174298767,7.2,53.0
1771241449.9441426,12.531921716269444,3.5743846175896694,7.2,53.0
1771241449.944179,12.531921716269444,3.5743846175896694,7.2,53.0
1771241449.9483402,12.546825752409061,3.5769686735082353,7.2,53.0
1771241449.952472,12.561740550020344,3.5795514267079325,7.2,53.0
1771241449.9525156,12.561740550020344,3.5795514267079325,7.2,53.0
1771241449.956634,12.576666100657325,3.582132152875684,7.2,53.0
1771241449.960802,12.591602392994504,3.5847101609231533,7.2,53.0
1771241449.9608393,12.591602392994504,3.5847101609231533,7.2,53.0
1771241449.9649706,12.606549412961371,3.5872847920480924,7.2,53.0
1771241449.969152,12.621507143873025,3.589855418797046,7.2,53.0
1771241449.9691935,12.621507143873025,3.589855418797046,7.2,53.0
1771241449.973309,12.636475566556898,3.59242144412955,7.2,53.0
1771241449.9774706,12.651454659475581,3.594982300483977,7.2,53.0
1771241449.9775226,12.651454659475581,3.594982300483977,7.2,53.0
1771241449.9816494,12.66644439884577,3.597537448845162,7.2,53.0
1771241449.9857981,12.681444758753328,3.600086377813923,7.2,53.0
1771241449.9858334,12.681444758753328,3.600086377813923,7.2,53.0
1771241449.9899728,12.69645571126449,3.602628602678607,7.2,53.0
1771241449.9941444,12.711477226533193,3.605163664488756,7.2,53.0
1771241449.9941926,12.711477226533193,3.605163664488756,7.2,53.0
1771241449.9983003,12.726509272904572,3.607691129130993,7.2,53.0
1771241450.0024714,12.741551817014601,3.6102105864072294,7.2,53.0
1771241450.0025094,12.741551817014601,3.6102105864072294,7.2,53.0
1771241450.0066347,12.756604823885915,3.612721649115265,7.2,53.0
1771241450.0108008,12.771668257019797,3.6152239521318728,7.2,53.0
1771241450.0108361,12.771668257019797,3.6152239521318728,7.2,53.0
1771241450.0149684,12.786742078484375,3.6177171514984283,7.2,53.0
1771241450.0191338,12.801826248998996,3.620200923509164,7.2,53.0
1771241450.0191655,12.801826248998996,3.620200923509164,7.2,53.0
1771241450.0233026,12.816920728014837,3.622674963802099,7.2,53.0
1771241450.0274642,12.832025473791724,3.6251389864527104,7.2,53.0
1771241450.0274951,12.832025473791724,3.6251389864527104,7.2,53.0
1771241450.031634,12.847140443471185,3.6275927230703946,7.2,53.0
1771241450.0358012,12.862265593145759,3.63003592189777,7.2,53.0
1771241450.0358348,12.862265593145759,3.63003592189777,7.2,53.0
1771241450.039969,12.877400877924563,3.632468346912865,7.2,53.0
1771241450.0441396,12.892546251995123,3.634889776934231,7.2,53.0
1771241450.0441709,12.892546251995123,3.634889776934231,7.2,53.0
1771241450.0482996,12.907701668681494,3.6373000047290174,7.2,53.0
1771241450.0524702,12.922867080498676,3.639698836124032,7.2,53.0
1771241450.0525148,12.922867080498676,3.639698836124032,7.2,53.0
1771241450.0566347,12.938042439203342,3.64208608911981,7.2,53.0
1771241450.060813,12.953227695840873,3.6444615930076805,7.2,53.0
1771241450.0608697,12.953227695840873,3.6444615930076805,7.2,53.0
1771241450.0649703,12.968422800788748,3.6468251874897786,7.2,53.0
1771241450.0691335,12.983627703796255,3.6491767218018603,7.2,53.0
1771241450.0691667,12.983627703796255,3.6491767218018603,7.2,53.0
1771241450.073301,12.998842354020582,3.6515160538385047,7.2,53.0
1771241450.0774677,13.014066700059246,3.6538430492795615,7.2,53.0
1771241450.0775049,13.014066700059246,3.6538430492795615,7.2,53.0
1771241450.0816333,13.029295918409327,3.655012404019249,7.2,53.0
1771241450.085811,13.044526887009907,3.655432464139163,7.2,53.0
1771241450.0858462,13.044526887009907,3.655432464139163,7.2,53.0
1771241450.0899715,13.059759554121507,3.65584010678424,7.2,53.0
1771241450.0941362,13.074993867512699,3.6562352138861844,7.2,53.0
1771241450.094171,13.074993867512699,3.6562352138861844,7.2,53.0
1771241450.0983005,13.09022977447357,3.656617670609154,7.2,53.0
1771241450.098336,13.09022977447357,3.656617670609154,7.2,53.0
1771241450.1024647,13.10546722182437,3.6569873641916812,7.2,53.0
1771241450.1066368,13.120706155909343,3.657344180393334,7.2,53.0
1771241450.106681,13.120706155909343,3.657344180393334,7.2,53.0
1771241450.1108003,13.135946522570837,3.657687998758536,7.2,53.0
1771241450.1149666,13.151188267132293,3.658018694749427,7.2,53.0
1771241450.1150012,13.151188267132293,3.658018694749427,7.2,53.0
1771241450.119133,13.166431334399142,3.6583361440437345,7.2,53.0
1771241450.1232996,13.181675668665342,3.6586402238877422,7.2,53.0
1771241450.123331,13.181675668665342,3.6586402238877422,7.2,53.0
1771241450.1274717,13.19692121372039,3.658930813211588,7.2,53.0
1771241450.1316345,13.212167912855675,3.6592077924683184,7.2,53.0
1771241450.1316745,13.212167912855675,3.6592077924683184,7.2,53.0
1771241450.135801,13.227415708869877,3.659471043408809,7.2,53.0
1771241450.1399643,13.242664544073374,3.6597204488394675,7.2,53.0
1771241450.1400006,13.242664544073374,3.6597204488394675,7.2,53.0
1771241450.144134,13.257914360291604,3.6599558923751423,7.2,53.0
1771241450.148302,13.2731650988674,3.6601772581911525,7.2,53.0
1771241450.1483333,13.2731650988674,3.6601772581911525,7.2,53.0
1771241450.152468,13.2884167006623,3.660384430775909,7.2,53.0
1771241450.156637,13.30366910605682,3.6605772946847357,7.2,53.0
1771241450.156669,13.30366910605682,3.6605772946847357,7.2,53.0
1771241450.1608012,13.318922254949717,3.6607557342952224,7.2,53.0
1771241450.16497,13.334176086756235,3.6609196335642755,7.2,53.0
1771241450.1650007,13.334176086756235,3.6609196335642755,7.2,53.0
1771241450.1691504,13.349430540405347,3.661068875787005,7.2,53.0
1771241450.1733036,13.364685554336003,3.661203343357538,7.2,53.0
1771241450.173335,13.364685554336003,3.661203343357538,7.2,53.0
1771241450.1774797,13.379941066492385,3.6613229175318427,7.2,53.0
1771241450.181636,13.395197014318189,3.6614274781926373,7.2,53.0
1771241450.1816754,13.395197014318189,3.6614274781926373,7.2,53.0
1771241450.1858373,13.410453334749924,3.6615169036164548,7.2,53.0
1771241450.1859105,13.410453334749924,3.6615169036164548,7.2,53.0
1771241450.1899889,13.42570996420927,3.6615910702429315,7.2,53.0
1771241450.1941376,13.440966838594463,3.6616498524463834,7.2,53.0
1771241450.194172,13.440966838594463,3.6616498524463834,7.2,53.0
1771241450.198304,13.456223893270753,3.6616931223097406,7.2,53.0
1771241450.2024841,13.47148170817687,3.6618755774680736,7.2,53.0
1771241450.2025154,13.47148170817687,3.6618755774680736,7.2,53.0
1771241450.2066708,13.486919673903504,3.705111774392084,7.2,53.0
1771241450.2108388,13.502704073344525,3.7882558658451586,7.2,53.0
1771241450.21087,13.502704073344525,3.7882558658451586,7.2,53.0
1771241450.215015,13.518831019346692,3.870467040519989,7.2,53.0
1771241450.2192028,13.535178141925286,3.9233094188624027,7.2,53.0
1771241450.2192333,13.535178141925286,3.9233094188624027,7.2,53.0
1771241450.2233899,13.55149487821657,3.9160167099081993,7.2,53.0
1771241450.2234194,13.55149487821657,3.9160167099081993,7.2,53.0
1771241450.227573,13.567859789855095,3.92757879324627,7.2,53.0
1771241450.2317405,13.584232584268566,3.929470659233091,7.2,53.0
1771241450.231771,13.584232584268566,3.929470659233091,7.2,53.0
1771241450.2358863,13.600610605831507,3.9307251751059833,7.2,53.0
1771241450.2359161,13.600610605831507,3.9307251751059833,7.2,53.0
1771241450.2400463,13.617015713815883,3.9372259162502345,7.2,53.0
1771241450.2442062,13.633431294871295,3.9397394532987353,7.2,53.0
1771241450.244236,13.633431294871295,3.9397394532987353,7.2,53.0
1771241450.2483685,13.649864066607176,3.9438652166112886,7.2,53.0
1771241450.2525456,13.666314231959772,3.9480396846229726,7.2,53.0
1771241450.252576,13.666314231959772,3.9480396846229726,7.2,53.0
1771241450.2567074,13.682759364791385,3.946831879587291,7.2,53.0
1771241450.256737,13.682759364791385,3.946831879587291,7.2,53.0
1771241450.2608786,13.699222735675095,3.9512090120902057,7.2,53.0
1771241450.2650428,13.715696252412323,3.953644016934934,7.2,53.0
1771241450.2650738,13.715696252412323,3.953644016934934,7.2,53.0
1771241450.269212,13.732196384633085,3.960031732982802,7.2,53.0
1771241450.2692416,13.732196384633085,3.960031732982802,7.2,53.0
1771241450.2734153,13.748708530639965,3.962915041651006,7.2,53.0
1771241450.277545,13.765222977779139,3.9634673134019045,7.2,53.0
1771241450.2775745,13.765222977779139,3.9634673134019045,7.2,53.0
1771241450.2817073,13.781761374861247,3.9692152997059655,7.2,53.0
1771241450.2817373,13.781761374861247,3.9692152997059655,7.2,53.0
1771241450.2858639,13.79831804616108,3.9736011119599395,7.2,53.0
1771241450.29003,13.814887458985135,3.9766590777731543,7.2,53.0
1771241450.2900603,13.814887458985135,3.9766590777731543,7.2,53.0
1771241450.2942178,13.831475217331556,3.981062003141073,7.2,53.0
1771241450.2942483,13.831475217331556,3.981062003141073,7.2,53.0
1771241450.2983613,13.848086219482651,3.9866405162628373,7.2,53.0
1771241450.3025293,13.864722798219422,3.992778896824867,7.2,53.0
1771241450.302561,13.864722798219422,3.992778896824867,7.2,53.0
1771241450.3067536,13.881376019069231,3.996773003954155,7.2,53.0
1771241450.3068035,13.881376019069231,3.996773003954155,7.2,53.0
1771241450.3108683,13.898047881166878,4.001246903435526,7.2,53.0
1771241450.3150406,13.914751283951615,4.008816668336636,7.2,53.0
1771241450.3150723,13.914751283951615,4.008816668336636,7.2,53.0
1771241450.319187,13.931475811733975,4.013886667766369,7.2,53.0
1771241450.319217,13.931475811733975,4.013886667766369,7.2,53.0
1771241450.3233998,13.949329321920446,4.284842444753233,7.2,53.0
1771241450.327539,13.968583276589058,4.620949120466867,7.2,53.0
1771241450.327575,13.968583276589058,4.620949120466867,7.2,53.0
1771241450.3317351,13.988381225012365,4.751507621593795,7.2,53.0
1771241450.3317652,13.988381225012365,4.751507621593795,7.2,53.0
1771241450.3359442,14.008673394996237,4.87012079612931,7.2,53.0
1771241450.3359795,14.008673394996237,4.87012079612931,7.2,53.0
1771241450.3400874,14.029555015302597,5.011588873526346,7.2,53.0
1771241450.3401182,14.029555015302597,5.011588873526346,7.2,53.0
1771241450.3442147,14.050443934862098,5.013340694280601,7.2,53.0
1771241450.3442492,14.050443934862098,5.013340694280601,7.2,53.0
1771241450.3442764,14.050443934862098,5.013340694280601,7.2,53.0
1771241450.3484042,14.071607021666162,5.079140832975451,7.2,53.0
1771241450.348438,14.071607021666162,5.079140832975451,7.2,53.0
1771241450.3525836,14.093176961862213,5.176785647051895,7.2,53.0
1771241450.3526137,14.093176961862213,5.176785647051895,7.2,53.0
1771241450.356744,14.11475342582711,5.178351351575337,7.2,53.0
1771241450.3567789,14.11475342582711,5.178351351575337,7.2,53.0
1771241450.3608737,14.13639859739385,5.194841176017141,7.2,53.0
1771241450.3609161,14.13639859739385,5.194841176017141,7.2,53.0
1771241450.3650804,14.158340286500845,5.266005385678926,7.2,53.0
1771241450.3651166,14.158340286500845,5.266005385678926,7.2,53.0
1771241450.369206,14.180288296739159,5.267522457195183,7.2,53.0
1771241450.3692412,14.180288296739159,5.267522457195183,7.2,53.0
1771241450.3692684,14.180288296739159,5.267522457195183,7.2,53.0
1771241450.3733776,14.202242638546908,5.2690420338596216,7.2,53.0
1771241450.3734076,14.202242638546908,5.2690420338596216,7.2,53.0
1771241450.3775744,14.22439014796467,5.315402260262759,7.2,53.0
1771241450.3776078,14.22439014796467,5.315402260262759,7.2,53.0
1771241450.3816845,14.24654392829424,5.316907279096999,7.2,53.0
1771241450.3817146,14.24654392829424,5.316907279096999,7.2,53.0
1771241450.385866,14.268704000922037,5.318417430671303,7.2,53.0
1771241450.3859012,14.268704000922037,5.318417430671303,7.2,53.0
1771241450.390032,14.290871242004437,5.320137859775862,7.2,53.0
1771241450.39007,14.290871242004437,5.320137859775862,7.2,53.0
1771241450.390097,14.290871242004437,5.320137859775862,7.2,53.0
1771241450.394215,14.313175362271336,5.352988864055811,7.2,53.0
1771241450.394247,14.313175362271336,5.352988864055811,7.2,53.0
1771241450.3984194,14.335612830262946,5.3849923179862955,7.2,53.0
1771241450.3984525,14.335612830262946,5.3849923179862955,7.2,53.0
1771241450.4025207,14.35805584940516,5.386324594131497,7.2,53.0
1771241450.402556,14.35805584940516,5.386324594131497,7.2,53.0
1771241450.406725,14.380525251987828,5.392656619840515,7.2,53.0
1771241450.406759,14.380525251987828,5.392656619840515,7.2,53.0
1771241450.4067857,14.380525251987828,5.392656619840515,7.2,53.0
1771241450.410885,14.402999743293117,5.393877913269301,7.2,53.0
1771241450.4109251,14.402999743293117,5.393877913269301,7.2,53.0
1771241450.4150403,14.42546255130702,5.391073923336484,7.2,53.0
1771241450.4150708,14.42546255130702,5.391073923336484,7.2,53.0
1771241450.4193296,14.447943670131018,5.395468517759834,7.2,53.0
1771241450.419417,14.447943670131018,5.395468517759834,7.2,53.0
1771241450.4233782,14.470443532037505,5.399966857557038,7.2,53.0
1771241450.423416,14.470443532037505,5.399966857557038,7.2,53.0
1771241450.4234438,14.470443532037505,5.399966857557038,7.2,53.0
1771241450.4275553,14.492909634704231,5.3918646400141785,7.2,53.0
1771241450.427595,14.492909634704231,5.3918646400141785,7.2,53.0
1771241450.4317198,14.515380338131488,5.392968822541401,7.2,53.0
1771241450.431758,14.515380338131488,5.392968822541401,7.2,53.0
1771241450.435897,14.537870117968575,5.397547160900901,7.2,53.0
1771241450.4359496,14.537870117968575,5.397547160900901,7.2,53.0
1771241450.4400826,14.560367651831845,5.399408127184772,7.2,53.0
1771241450.4401224,14.560367651831845,5.399408127184772,7.2,53.0
1771241450.440151,14.560367651831845,5.399408127184772,7.2,53.0
1771241450.4442093,14.582855414911569,5.397063139133862,7.2,53.0
1771241450.4442472,14.582855414911569,5.397063139133862,7.2,53.0
1771241450.4483788,14.605347968164763,5.398212780766593,7.2,53.0
1771241450.4484184,14.605347968164763,5.398212780766593,7.2,53.0
1771241450.452537,14.627869873439382,5.405257265908653,7.2,53.0
1771241450.452575,14.627869873439382,5.405257265908653,7.2,53.0
1771241450.4567096,14.650377781887503,5.401898027549278,7.2,53.0
1771241450.4567466,14.650377781887503,5.401898027549278,7.2,53.0
1771241450.4567745,14.650377781887503,5.401898027549278,7.2,53.0
1771241450.4608748,14.672872070761494,5.39862932975808,7.2,53.0
1771241450.4609132,14.672872070761494,5.39862932975808,7.2,53.0
1771241450.4650388,14.695374063635873,5.400478289850961,7.2,53.0
1771241450.4650762,14.695374063635873,5.400478289850961,7.2,53.0
1771241450.4692073,14.717895889859278,5.4052382936171774,7.2,53.0
1771241450.4692452,14.717895889859278,5.4052382936171774,7.2,53.0
1771241450.4733837,14.740423759375991,5.406688684011056,7.2,53.0
1771241450.4734206,14.740423759375991,5.406688684011056,7.2,53.0
1771241450.4734485,14.740423759375991,5.406688684011056,7.2,53.0
1771241450.4775908,14.764730748875918,5.833677479982395,7.2,53.0
1771241450.4776278,14.764730748875918,5.833677479982395,7.2,53.0
1771241450.4817743,14.790245961254344,6.1236509708221725,7.2,53.0
1771241450.4818118,14.790245961254344,6.1236509708221725,7.2,53.0
1771241450.4818392,14.790245961254344,6.1236509708221725,7.2,53.0
1771241450.4859023,14.81633857609412,6.262227561545972,7.2,53.0
1771241450.4859393,14.81633857609412,6.262227561545972,7.2,53.0
1771241450.4900699,14.84301457743592,6.402240322031854,7.2,53.0
1771241450.4901085,14.84301457743592,6.402240322031854,7.2,53.0
1771241450.4901361,14.84301457743592,6.402240322031854,7.2,53.0
1771241450.4942377,14.870229763681213,6.531644698870143,7.2,53.0
1771241450.4942758,14.870229763681213,6.531644698870143,7.2,53.0
1771241450.494303,14.870229763681213,6.531644698870143,7.2,53.0
1771241450.4984274,14.897929367091033,6.6479048183565945,7.2,53.0
1771241450.4984648,14.897929367091033,6.6479048183565945,7.2,53.0
1771241450.502569,14.92576678634685,6.680980621396265,7.2,53.0
1771241450.5026083,14.92576678634685,6.680980621396265,7.2,53.0
1771241450.5026357,14.92576678634685,6.680980621396265,7.2,53.0
1771241450.5067208,14.953842159066213,6.738089452646858,7.2,53.0
1771241450.5067573,14.953842159066213,6.738089452646858,7.2,53.0
1771241450.5067844,14.953842159066213,6.738089452646858,7.2,53.0
1771241450.5109012,14.982198578273083,6.805540609648804,7.2,53.0
1771241450.5109391,14.982198578273083,6.805540609648804,7.2,53.0
1771241450.5109663,14.982198578273083,6.805540609648804,7.2,53.0
1771241450.515061,15.010838413619727,6.8735604831946135,7.2,53.0
1771241450.5151,15.010838413619727,6.8735604831946135,7.2,53.0
1771241450.5151281,15.010838413619727,6.8735604831946135,7.2,53.0
1771241450.5191915,15.03947948189794,6.873856386771351,7.2,53.0
1771241450.519229,15.03947948189794,6.873856386771351,7.2,53.0
1771241450.523365,15.068118476776469,6.873358770847008,7.2,53.0
1771241450.5234113,15.068118476776469,6.873358770847008,7.2,53.0
1771241450.5234492,15.068118476776469,6.873358770847008,7.2,53.0
1771241450.5275295,15.096854941808132,6.896751607599027,7.2,53.0
1771241450.527567,15.096854941808132,6.896751607599027,7.2,53.0
1771241450.5275943,15.096854941808132,6.896751607599027,7.2,53.0
1771241450.5317063,15.125780600846085,6.9421581691085334,7.2,53.0
1771241450.5317447,15.125780600846085,6.9421581691085334,7.2,53.0
1771241450.5317729,15.125780600846085,6.9421581691085334,7.2,53.0
1771241450.5358505,15.154687596943146,6.937679063294928,7.2,53.0
1771241450.535892,15.154687596943146,6.937679063294928,7.2,53.0
1771241450.5359194,15.154687596943146,6.937679063294928,7.2,53.0
1771241450.5400143,15.183572004899235,6.932257909461176,7.2,53.0
1771241450.540052,15.183572004899235,6.932257909461176,7.2,53.0
1771241450.5400794,15.183572004899235,6.932257909461176,7.2,53.0
1771241450.5443459,15.212429847665422,6.9258822638852475,7.2,53.0
1771241450.5444806,15.212429847665422,6.9258822638852475,7.2,53.0
1771241450.5445147,15.212429847665422,6.9258822638852475,7.2,53.0
1771241450.5483732,15.241345034777408,6.9396449068767,7.2,53.0
1771241450.5484123,15.241345034777408,6.9396449068767,7.2,53.0
1771241450.548441,15.241345034777408,6.9396449068767,7.2,53.0
1771241450.552532,15.270314620343552,6.952700535874533,7.2,53.0
1771241450.5525749,15.270314620343552,6.952700535874533,7.2,53.0
1771241450.552604,15.270314620343552,6.952700535874533,7.2,53.0
1771241450.556679,15.299244166677232,6.943091120083262,7.2,53.0
1771241450.5567198,15.299244166677232,6.943091120083262,7.2,53.0
1771241450.5608416,15.32812933564605,6.93244055251642,7.2,53.0
1771241450.560881,15.32812933564605,6.93244055251642,7.2,53.0
1771241450.560909,15.32812933564605,6.93244055251642,7.2,53.0
1771241450.5650432,15.356703359197695,6.857765652394738,7.2,53.0
1771241450.5650835,15.356703359197695,6.857765652394738,7.2,53.0
1771241450.5651143,15.356703359197695,6.857765652394738,7.2,53.0
1771241450.569202,15.384533850230728,6.6793178479278374,7.2,53.0
1771241450.56924,15.384533850230728,6.6793178479278374,7.2,53.0
1771241450.5692673,15.384533850230728,6.6793178479278374,7.2,53.0
1771241450.5734146,15.411517305918522,6.476029365070538,7.2,53.0
1771241450.5734613,15.411517305918522,6.476029365070538,7.2,53.0
1771241450.5734909,15.411517305918522,6.476029365070538,7.2,53.0
1771241450.5775633,15.437851798957068,6.320278329250924,7.2,53.0
1771241450.5776043,15.437851798957068,6.320278329250924,7.2,53.0
1771241450.5817368,15.463601460761799,6.179918833135655,7.2,53.0
1771241450.581774,15.463601460761799,6.179918833135655,7.2,53.0
1771241450.5818021,15.463601460761799,6.179918833135655,7.2,53.0
1771241450.5859165,15.488912339320832,6.074610854167677,7.2,53.0
1771241450.5859523,15.488912339320832,6.074610854167677,7.2,53.0
1771241450.5900645,15.513778928929906,5.967981506177675,7.2,53.0
1771241450.590095,15.513778928929906,5.967981506177675,7.2,53.0
1771241450.5901215,15.513778928929906,5.967981506177675,7.2,53.0
1771241450.594231,15.538376420501013,5.903397977065722,7.2,53.0
1771241450.594266,15.538376420501013,5.903397977065722,7.2,53.0
1771241450.5983949,15.562844868998583,5.8724276394170545,7.2,53.0
1771241450.5984294,15.562844868998583,5.8724276394170545,7.2,53.0
1771241450.5984564,15.562844868998583,5.8724276394170545,7.2,53.0
1771241450.6025577,15.587073771262048,5.8149365432314815,7.2,53.0
1771241450.6025932,15.587073771262048,5.8149365432314815,7.2,53.0
1771241450.6066933,15.611160990541457,5.780932627057951,7.2,53.0
1771241450.6067276,15.611160990541457,5.780932627057951,7.2,53.0
1771241450.6067653,15.611160990541457,5.780932627057951,7.2,53.0
1771241450.6108403,15.6352179640771,5.7736736485541655,7.2,53.0
1771241450.6108713,15.6352179640771,5.7736736485541655,7.2,53.0
1771241450.6150591,15.659155151787246,5.744925050435122,7.2,53.0
1771241450.615093,15.659155151787246,5.744925050435122,7.2,53.0
1771241450.6191802,15.682991284457318,5.720671840817212,7.2,53.0
1771241450.6192143,15.682991284457318,5.720671840817212,7.2,53.0
1771241450.619241,15.682991284457318,5.720671840817212,7.2,53.0
1771241450.6233358,15.706833410322158,5.722110207561898,7.2,53.0
1771241450.6233714,15.706833410322158,5.722110207561898,7.2,53.0
1771241450.6275167,15.730606685976907,5.705586157139952,7.2,53.0
1771241450.6275535,15.730606685976907,5.705586157139952,7.2,53.0
1771241450.627583,15.730606685976907,5.705586157139952,7.2,53.0
1771241450.6316724,15.754317929086515,5.690698346305941,7.2,53.0
1771241450.631703,15.754317929086515,5.690698346305941,7.2,53.0
1771241450.6358361,15.77803518688431,5.692141871470627,7.2,53.0
1771241450.635867,15.77803518688431,5.692141871470627,7.2,53.0
1771241450.6400123,15.80172452261947,5.6854405764383715,7.2,53.0
1771241450.6400423,15.80172452261947,5.6854405764383715,7.2,53.0
1771241450.6400678,15.80172452261947,5.6854405764383715,7.2,53.0
1771241450.644161,15.825391991427423,5.680192513908822,7.2,53.0
1771241450.644191,15.825391991427423,5.680192513908822,7.2,53.0
1771241450.6483233,15.849054348450307,5.67896568549199,7.2,53.0
1771241450.6483643,15.849054348450307,5.67896568549199,7.2,53.0
1771241450.6524923,15.872705761305975,5.676339085360264,7.2,53.0
1771241450.6525304,15.872705761305975,5.676339085360264,7.2,53.0
1771241450.6525578,15.872705761305975,5.676339085360264,7.2,53.0
1771241450.6566656,15.896349589271965,5.674518711837718,7.2,53.0
1771241450.6567075,15.896349589271965,5.674518711837718,7.2,53.0
1771241450.660844,15.919988287109767,5.67328748107243,7.2,53.0
1771241450.6608925,15.919988287109767,5.67328748107243,7.2,53.0
1771241450.6649945,15.943622990554177,5.672328826658142,7.2,53.0
1771241450.6650345,15.943622990554177,5.672328826658142,7.2,53.0
1771241450.6650631,15.943622990554177,5.672328826658142,7.2,53.0
1771241450.66923,15.967255020590503,5.671687208718415,7.2,53.0
1771241450.6693642,15.967255020590503,5.671687208718415,7.2,53.0
1771241450.6733248,15.990881855410445,5.670440356786073,7.2,53.0
1771241450.673368,15.990881855410445,5.670440356786073,7.2,53.0
1771241450.6733994,15.990881855410445,5.670440356786073,7.2,53.0
1771241450.6774955,16.014503439302928,5.6691801341957255,7.2,53.0
1771241450.6775398,16.014503439302928,5.6691801341957255,7.2,53.0
1771241450.6816514,16.03812106627597,5.668230473529796,7.2,53.0
1771241450.6816869,16.03812106627597,5.668230473529796,7.2,53.0
1771241450.6858265,16.061733387612563,5.666957120782148,7.2,53.0
1771241450.6858723,16.061733387612563,5.666957120782148,7.2,53.0
1771241450.6859024,16.061733387612563,5.666957120782148,7.2,53.0
1771241450.6899896,16.085340337332664,5.665667932824287,7.2,53.0
1771241450.6900318,16.085340337332664,5.665667932824287,7.2,53.0
1771241450.6941485,16.108936692608857,5.663125266286779,7.2,53.0
1771241450.6941895,16.108936692608857,5.663125266286779,7.2,53.0
1771241450.6983175,16.132527630281672,5.661825041475336,7.2,53.0
1771241450.6983678,16.132527630281672,5.661825041475336,7.2,53.0
1771241450.6984017,16.132527630281672,5.661825041475336,7.2,53.0
1771241450.702485,16.156113075231758,5.660506788021009,7.2,53.0
1771241450.7025173,16.156113075231758,5.660506788021009,7.2,53.0
1771241450.7066727,16.179678464924304,5.655693526210895,7.2,53.0
1771241450.706716,16.179678464924304,5.655693526210895,7.2,53.0
1771241450.710852,16.203238328507094,5.654367259869443,7.2,53.0
1771241450.710894,16.203238328507094,5.654367259869443,7.2,53.0
1771241450.7109249,16.203238328507094,5.654367259869443,7.2,53.0
1771241450.714985,16.226802274885745,5.655347130876275,7.2,53.0
1771241450.7150252,16.226802274885745,5.655347130876275,7.2,53.0
1771241450.7191718,16.250393891962943,5.661988098527249,7.2,53.0
1771241450.7192168,16.250393891962943,5.661988098527249,7.2,53.0
1771241450.719248,16.250393891962943,5.661988098527249,7.2,53.0
1771241450.7233179,16.27393327609581,5.649452191887771,7.2,53.0
1771241450.7233524,16.27393327609581,5.649452191887771,7.2,53.0
1771241450.7275064,16.297478775925175,5.650919959047276,7.2,53.0
1771241450.7275484,16.297478775925175,5.650919959047276,7.2,53.0
1771241450.7317429,16.320952412578244,5.633672796736927,7.2,53.0
1771241450.7317855,16.320952412578244,5.633672796736927,7.2,53.0
1771241450.7318141,16.320952412578244,5.633672796736927,7.2,53.0
1771241450.7358336,16.344321375413685,5.608551080506296,7.2,53.0
1771241450.7358725,16.344321375413685,5.608551080506296,7.2,53.0
1771241450.7400093,16.367694292208835,5.609500030835814,7.2,53.0
1771241450.7400548,16.367694292208835,5.609500030835814,7.2,53.0
1771241450.7441583,16.390978172570446,5.588131286786883,7.2,53.0
1771241450.7441933,16.390978172570446,5.588131286786883,7.2,53.0
1771241450.744221,16.390978172570446,5.588131286786883,7.2,53.0
1771241450.748343,16.414165262293945,5.5649015336402385,7.2,53.0
1771241450.74839,16.414165262293945,5.5649015336402385,7.2,53.0
1771241450.7524986,16.437353275151395,5.565123085788119,7.2,53.0
1771241450.7525403,16.437353275151395,5.565123085788119,7.2,53.0
1771241450.756663,16.460452477092915,5.54380846596463,7.2,53.0
1771241450.756702,16.460452477092915,5.54380846596463,7.2,53.0
1771241450.7567303,16.460452477092915,5.54380846596463,7.2,53.0
1771241450.760869,16.483460732506284,5.5219812992089246,7.2,53.0
1771241450.7609234,16.483460732506284,5.5219812992089246,7.2,53.0
1771241450.7650142,16.50646607857471,5.5212830564225985,7.2,53.0
1771241450.765052,16.50646607857471,5.5212830564225985,7.2,53.0
1771241450.7691982,16.529377538315813,5.498750337864729,7.2,53.0
1771241450.7692406,16.529377538315813,5.498750337864729,7.2,53.0
1771241450.7733834,16.5521159130377,5.457209933252611,7.2,53.0
1771241450.7734249,16.5521159130377,5.457209933252611,7.2,53.0
1771241450.773453,16.5521159130377,5.457209933252611,7.2,53.0
1771241450.7775302,16.574857488352343,5.457978075514563,7.2,53.0
1771241450.7775698,16.574857488352343,5.457978075514563,7.2,53.0
1771241450.7817557,16.59751060837597,5.436748805670234,7.2,53.0
1771241450.7818367,16.59751060837597,5.436748805670234,7.2,53.0
1771241450.7858746,16.62006180585821,5.412287395737545,7.2,53.0
1771241450.7859125,16.62006180585821,5.412287395737545,7.2,53.0
1771241450.785941,16.62006180585821,5.412287395737545,7.2,53.0
1771241450.7900302,16.642612474137696,5.412160387076393,7.2,53.0
1771241450.7900732,16.642612474137696,5.412160387076393,7.2,53.0
1771241450.794199,16.66507522102205,5.391059252244705,7.2,53.0
1771241450.794243,16.66507522102205,5.391059252244705,7.2,53.0
1771241450.7983425,16.687534434253728,5.390211175602256,7.2,53.0
1771241450.7983875,16.687534434253728,5.390211175602256,7.2,53.0
1771241450.8025227,16.709992071849673,5.389833023026805,7.2,53.0
1771241450.8025692,16.709992071849673,5.389833023026805,7.2,53.0
1771241450.8066888,16.732353957366705,5.366852524087972,7.2,53.0
1771241450.8067226,16.732353957366705,5.366852524087972,7.2,53.0
1771241450.8067496,16.732353957366705,5.366852524087972,7.2,53.0
1771241450.810839,16.754712282591996,5.36599805407017,7.2,53.0
1771241450.8108804,16.754712282591996,5.36599805407017,7.2,53.0
1771241450.8150132,16.77708467828067,5.369374965281893,7.2,53.0
1771241450.8150547,16.77708467828067,5.369374965281893,7.2,53.0
1771241450.8191812,16.79939271801447,5.35392953611233,7.2,53.0
1771241450.8192208,16.79939271801447,5.35392953611233,7.2,53.0
1771241450.8233502,16.82169733355751,5.353107730329303,7.2,53.0
1771241450.8233967,16.82169733355751,5.353107730329303,7.2,53.0
1771241450.8234327,16.82169733355751,5.353107730329303,7.2,53.0
1771241450.827511,16.843988197624704,5.349807376126525,7.2,53.0
1771241450.827545,16.843988197624704,5.349807376126525,7.2,53.0
1771241450.8316767,16.866200881456816,5.331044119706911,7.2,53.0
1771241450.8317275,16.866200881456816,5.331044119706911,7.2,53.0
1771241450.8358352,16.888424138360442,5.333581656870271,7.2,53.0
1771241450.8358757,16.888424138360442,5.333581656870271,7.2,53.0
1771241450.8400028,16.910584516485315,5.318490749969326,7.2,53.0
1771241450.8400424,16.910584516485315,5.318490749969326,7.2,53.0
1771241450.840071,16.910584516485315,5.318490749969326,7.2,53.0
1771241450.8441544,16.932657953482074,5.297624879222353,7.2,53.0
1771241450.844211,16.932657953482074,5.297624879222353,7.2,53.0
1771241450.8483098,16.954733749272208,5.298190989632348,7.2,53.0
1771241450.8483467,16.954733749272208,5.298190989632348,7.2,53.0
1771241450.8524866,16.976719625972702,5.2766104081190495,7.2,53.0
1771241450.8525298,16.976719625972702,5.2766104081190495,7.2,53.0
1771241450.8566575,16.998602463583307,5.2518810265450915,7.2,53.0
1771241450.8566983,16.998602463583307,5.2518810265450915,7.2,53.0
1771241450.860817,17.02047623045558,5.249704049345271,7.2,53.0
1771241450.860857,17.02047623045558,5.249704049345271,7.2,53.0
1771241450.8608851,17.02047623045558,5.249704049345271,7.2,53.0
1771241450.8650289,17.042246011373294,5.224747420251289,7.2,53.0
1771241450.8650744,17.042246011373294,5.224747420251289,7.2,53.0
1771241450.8691473,17.064012181407758,5.223880808271232,7.2,53.0
1771241450.8691857,17.064012181407758,5.223880808271232,7.2,53.0
1771241450.873314,17.085769532286587,5.221764210918949,7.2,53.0
1771241450.873363,17.085769532286587,5.221764210918949,7.2,53.0
1771241450.8774786,17.10748981823874,5.212868628516349,7.2,53.0
1771241450.8775194,17.10748981823874,5.212868628516349,7.2,53.0
1771241450.8816452,17.129209786933586,5.212792486763327,7.2,53.0
1771241450.881684,17.129209786933586,5.212792486763327,7.2,53.0
1771241450.885821,17.150907984579607,5.20756743504541,7.2,53.0
1771241450.8858664,17.150907984579607,5.20756743504541,7.2,53.0
1771241450.885896,17.150907984579607,5.20756743504541,7.2,53.0
1771241450.8899791,17.172520675956868,5.187045930542841,7.2,53.0
1771241450.890011,17.172520675956868,5.187045930542841,7.2,53.0
1771241450.8941476,17.194138958735426,5.188387866853951,7.2,53.0
1771241450.8941808,17.194138958735426,5.188387866853951,7.2,53.0
1771241450.8983424,17.215680057321528,5.169863660664555,7.2,53.0
1771241450.8983798,17.215680057321528,5.169863660664555,7.2,53.0
1771241450.902485,17.237115077004564,5.144404723928354,7.2,53.0
1771241450.902515,17.237115077004564,5.144404723928354,7.2,53.0
1771241450.906696,17.258548025758756,5.143907701006244,7.2,53.0
1771241450.9067547,17.258548025758756,5.143907701006244,7.2,53.0
1771241450.9108405,17.279875927583934,5.118696438042522,7.2,53.0
1771241450.9108734,17.279875927583934,5.118696438042522,7.2,53.0
1771241450.9150255,17.30119998013903,5.1177726132236385,7.2,53.0
1771241450.9150634,17.30119998013903,5.1177726132236385,7.2,53.0
1771241450.9150903,17.30119998013903,5.1177726132236385,7.2,53.0
1771241450.9191804,17.322528498264695,5.118844350159355,7.2,53.0
1771241450.9192111,17.322528498264695,5.118844350159355,7.2,53.0
1771241450.9233446,17.343787126518116,5.102070780820724,7.2,53.0
1771241450.9233792,17.343787126518116,5.102070780820724,7.2,53.0
1771241450.9274988,17.365042060796952,5.101184226920531,7.2,53.0
1771241450.9275289,17.365042060796952,5.101184226920531,7.2,53.0
1771241450.9316833,17.386267858140585,5.094191362471959,7.2,53.0
1771241450.931713,17.386267858140585,5.094191362471959,7.2,53.0
1771241450.9358497,17.407396799077965,5.070945824971023,7.2,53.0
1771241450.9358802,17.407396799077965,5.070945824971023,7.2,53.0
1771241450.940009,17.4285305161573,5.0720920990402,7.2,53.0
1771241450.940045,17.4285305161573,5.0720920990402,7.2,53.0
1771241450.9441655,17.44956323321132,5.047852092965223,7.2,53.0
1771241450.9441955,17.44956323321132,5.047852092965223,7.2,53.0
1771241450.948345,17.4705921431395,5.046938382762309,7.2,53.0
1771241450.9483793,17.4705921431395,5.046938382762309,7.2,53.0
1771241450.9484065,17.4705921431395,5.046938382762309,7.2,53.0
1771241450.9525325,17.491617659410785,5.046123905109254,7.2,53.0
1771241450.952572,17.491617659410785,5.046123905109254,7.2,53.0
1771241450.9566884,17.512483845180224,5.007884584665336,7.2,53.0
1771241450.9567199,17.512483845180224,5.007884584665336,7.2,53.0
1771241450.960847,17.53334617072647,5.006958131098924,7.2,53.0
1771241450.960878,17.53334617072647,5.006958131098924,7.2,53.0
1771241450.964996,17.554180422002858,5.000220306332704,7.2,53.0
1771241450.9650252,17.554180422002858,5.000220306332704,7.2,53.0
1771241450.9691935,17.574927240291842,4.979236389355767,7.2,53.0
1771241450.9692235,17.574927240291842,4.979236389355767,7.2,53.0
1771241450.9733286,17.59568204759554,4.981153752888277,7.2,53.0
1771241450.9733632,17.59568204759554,4.981153752888277,7.2,53.0
1771241450.9775033,17.616347370397346,4.959677472433039,7.2,53.0
1771241450.9775336,17.616347370397346,4.959677472433039,7.2,53.0
1771241450.9816732,17.63690969421528,4.934957716304574,7.2,53.0
1771241450.9817038,17.63690969421528,4.934957716304574,7.2,53.0
1771241450.9858391,17.657457268194552,4.931417755025479,7.2,53.0
1771241450.9858775,17.657457268194552,4.931417755025479,7.2,53.0
1771241450.990012,17.67787884845327,4.9011792620920165,7.2,53.0
1771241450.9900446,17.67787884845327,4.9011792620920165,7.2,53.0
1771241450.994161,17.69829672413513,4.900290163646673,7.2,53.0
1771241450.9941912,17.69829672413513,4.900290163646673,7.2,53.0
1771241450.9983246,17.718702480728762,4.8973815824721845,7.2,53.0
1771241450.9983552,17.718702480728762,4.8973815824721845,7.2,53.0
1771241451.002489,17.739161086930817,4.910065488493494,7.2,53.0
1771241451.0025213,17.739161086930817,4.910065488493494,7.2,53.0
1771241451.0066555,17.76059107259031,5.143196558277922,7.2,53.0
1771241451.0066853,17.76059107259031,5.143196558277922,7.2,53.0
1771241451.0067105,17.76059107259031,5.143196558277922,7.2,53.0
1771241451.0108368,17.782416351781116,5.238067005794046,7.2,53.0
1771241451.0108662,17.782416351781116,5.238067005794046,7.2,53.0
1771241451.0150487,17.80457293092279,5.317578994001883,7.2,53.0
1771241451.0150793,17.80457293092279,5.317578994001883,7.2,53.0
1771241451.0191743,17.826958500364746,5.3725366660689335,7.2,53.0
1771241451.0192044,17.826958500364746,5.3725366660689335,7.2,53.0
1771241451.023334,17.84945588302453,5.3993718383478795,7.2,53.0
1771241451.0233707,17.84945588302453,5.3993718383478795,7.2,53.0
1771241451.0275064,17.872137203075535,5.443516812241716,7.2,53.0
1771241451.0275362,17.872137203075535,5.443516812241716,7.2,53.0
1771241451.0275621,17.872137203075535,5.443516812241716,7.2,53.0
1771241451.0316908,17.894990231970233,5.484726934727608,7.2,53.0
1771241451.031742,17.894990231970233,5.484726934727608,7.2,53.0
1771241451.0358331,17.91791258438896,5.501364580494661,7.2,53.0
1771241451.0358639,17.91791258438896,5.501364580494661,7.2,53.0
1771241451.040017,17.94095088158136,5.529191326176458,7.2,53.0
1771241451.0400484,17.94095088158136,5.529191326176458,7.2,53.0
1771241451.040075,17.94095088158136,5.529191326176458,7.2,53.0
1771241451.0441673,17.96411085521735,5.558393672636854,7.2,53.0
1771241451.0441978,17.96411085521735,5.558393672636854,7.2,53.0
1771241451.0483303,17.987305211010007,5.566645390237582,7.2,53.0
1771241451.0483644,17.987305211010007,5.566645390237582,7.2,53.0
1771241451.0525148,18.01056163641652,5.581542097563125,7.2,53.0
1771241451.0525458,18.01056163641652,5.581542097563125,7.2,53.0
1771241451.0525713,18.01056163641652,5.581542097563125,7.2,53.0
1771241451.0566633,18.03394123679606,5.611104091090061,7.2,53.0
1771241451.0566933,18.03394123679606,5.611104091090061,7.2,53.0
1771241451.0608323,18.05733275467953,5.6139642920319925,7.2,53.0
1771241451.0608633,18.05733275467953,5.6139642920319925,7.2,53.0
1771241451.0649927,18.080796770279374,5.631363743963325,7.2,53.0
1771241451.0650222,18.080796770279374,5.631363743963325,7.2,53.0
1771241451.065048,18.080796770279374,5.631363743963325,7.2,53.0
1771241451.06916,18.104362085562414,5.655675667929745,7.2,53.0
1771241451.06919,18.104362085562414,5.655675667929745,7.2,53.0
1771241451.0733232,18.127927431880718,5.655683116392768,7.2,53.0
1771241451.073361,18.127927431880718,5.655683116392768,7.2,53.0
1771241451.0774875,18.151512963678336,5.660527631428716,7.2,53.0
1771241451.0775173,18.151512963678336,5.660527631428716,7.2,53.0
1771241451.077543,18.151512963678336,5.660527631428716,7.2,53.0
1771241451.0816598,18.175180848606605,5.680292382784844,7.2,53.0
1771241451.0816898,18.175180848606605,5.680292382784844,7.2,53.0
1771241451.0858235,18.198807253111823,5.670337081252176,7.2,53.0
1771241451.0858545,18.198807253111823,5.670337081252176,7.2,53.0
1771241451.0899894,18.222399672675838,5.662180695363166,7.2,53.0
1771241451.0900187,18.222399672675838,5.662180695363166,7.2,53.0
1771241451.090045,18.222399672675838,5.662180695363166,7.2,53.0
1771241451.0941548,18.24604580843405,5.675072581971078,7.2,53.0
1771241451.094185,18.24604580843405,5.675072581971078,7.2,53.0
1771241451.0983155,18.269648726227206,5.664700270357733,7.2,53.0
1771241451.0983458,18.269648726227206,5.664700270357733,7.2,53.0
1771241451.1024878,18.29319025943806,5.649967970604477,7.2,53.0
1771241451.1025202,18.29319025943806,5.649967970604477,7.2,53.0
1771241451.102547,18.29319025943806,5.649967970604477,7.2,53.0
1771241451.1066463,18.31673806481712,5.651473290974541,7.2,53.0
1771241451.109644,18.31673806481712,5.651473290974541,7.2,53.0
1771241451.110823,18.340243539270446,5.641313868797937,7.2,53.0
1771241451.1108532,18.340243539270446,5.641313868797937,7.2,53.0
1771241451.1108787,18.340243539270446,5.641313868797937,7.2,53.0
1771241451.1149852,18.3636409290998,5.615373559045242,7.2,53.0
1771241451.1150162,18.3636409290998,5.615373559045242,7.2,53.0
1771241451.119156,18.387064327920367,5.621615716935817,7.2,53.0
1771241451.119186,18.387064327920367,5.621615716935817,7.2,53.0
1771241451.1233315,18.41043993129765,5.610144810547571,7.2,53.0
1771241451.1233704,18.41043993129765,5.610144810547571,7.2,53.0
1771241451.1234,18.41043993129765,5.610144810547571,7.2,53.0
1771241451.1274858,18.433709178594796,5.58461935131522,7.2,53.0
1771241451.1275156,18.433709178594796,5.58461935131522,7.2,53.0
1771241451.1316516,18.456988504780547,5.587038284580113,7.2,53.0
1771241451.1316814,18.456988504780547,5.587038284580113,7.2,53.0
1771241451.1358156,18.480210584135524,5.573299045194696,7.2,53.0
1771241451.135846,18.480210584135524,5.573299045194696,7.2,53.0
1771241451.1358716,18.480210584135524,5.573299045194696,7.2,53.0
1771241451.1399784,18.503328188851963,5.5482251319454114,7.2,53.0
1771241451.1400187,18.503328188851963,5.5482251319454114,7.2,53.0
1771241451.1441877,18.52646571340593,5.553005892952131,7.2,53.0
1771241451.1442332,18.52646571340593,5.553005892952131,7.2,53.0
1771241451.1483305,18.54970280535166,5.576902066975467,7.2,53.0
1771241451.1483655,18.54970280535166,5.576902066975467,7.2,53.0
1771241451.1524856,18.572712261227636,5.522269410233757,7.2,53.0
1771241451.1525164,18.572712261227636,5.522269410233757,7.2,53.0
1771241451.1525424,18.572712261227636,5.522269410233757,7.2,53.0
1771241451.15666,18.59572700377279,5.523538210836689,7.2,53.0
1771241451.156692,18.59572700377279,5.523538210836689,7.2,53.0
1771241451.1608262,18.618814395532368,5.54097402229865,7.2,53.0
1771241451.1608558,18.618814395532368,5.54097402229865,7.2,53.0
1771241451.1649852,18.64180014862369,5.516580741917094,7.2,53.0
1771241451.1650152,18.64180014862369,5.516580741917094,7.2,53.0
1771241451.1650424,18.64180014862369,5.516580741917094,7.2,53.0
1771241451.1691532,18.664791187457332,5.517849320073996,7.2,53.0
1771241451.169183,18.664791187457332,5.517849320073996,7.2,53.0
1771241451.1733203,18.687868551536038,5.538567378889552,7.2,53.0
1771241451.1733503,18.687868551536038,5.538567378889552,7.2,53.0
1771241451.1774957,18.710860850333848,5.518151711474451,7.2,53.0
1771241451.177529,18.710860850333848,5.518151711474451,7.2,53.0
1771241451.1775563,18.710860850333848,5.518151711474451,7.2,53.0
1771241451.181647,18.733858420205703,5.5194167692449305,7.2,53.0
1771241451.181677,18.733858420205703,5.5194167692449305,7.2,53.0
1771241451.1858308,18.756906431743296,5.531522769022603,7.2,53.0
1771241451.1858623,18.756906431743296,5.531522769022603,7.2,53.0
1771241451.190003,18.779945838139017,5.529457534972753,7.2,53.0
1771241451.1900396,18.779945838139017,5.529457534972753,7.2,53.0
1771241451.1941464,18.802990424704753,5.530700775776501,7.2,53.0
1771241451.1941764,18.802990424704753,5.530700775776501,7.2,53.0
1771241451.1942024,18.802990424704753,5.530700775776501,7.2,53.0
1771241451.1983278,18.826046373869865,5.533427799626778,7.2,53.0
1771241451.1983624,18.826046373869865,5.533427799626778,7.2,53.0
1771241451.202483,18.849014626363214,5.512380598403711,7.2,53.0
1771241451.2025127,18.849014626363214,5.512380598403711,7.2,53.0
1771241451.2066576,18.872118539267632,5.544939097060217,7.2,53.0
1771241451.206704,18.872118539267632,5.544939097060217,7.2,53.0
1771241451.2067313,18.872118539267632,5.544939097060217,7.2,53.0
1771241451.210851,18.895401182221196,5.587834308855018,7.2,53.0
1771241451.2108884,18.895401182221196,5.587834308855018,7.2,53.0
1771241451.2150118,18.918742557792076,5.601930137011364,7.2,53.0
1771241451.2150583,18.918742557792076,5.601930137011364,7.2,53.0
1771241451.2191606,18.94208882450426,5.603104010924284,7.2,53.0
1771241451.2191954,18.94208882450426,5.603104010924284,7.2,53.0
1771241451.219222,18.94208882450426,5.603104010924284,7.2,53.0
1771241451.2233253,18.965501198604294,5.618969784007713,7.2,53.0
1771241451.2233648,18.965501198604294,5.618969784007713,7.2,53.0
1771241451.2275102,18.989102197134418,5.664239647230182,7.2,53.0
1771241451.227544,18.989102197134418,5.664239647230182,7.2,53.0
1771241451.2316432,19.012707775208735,5.665338737835794,7.2,53.0
1771241451.2316754,19.012707775208735,5.665338737835794,7.2,53.0
1771241451.2317016,19.012707775208735,5.665338737835794,7.2,53.0
1771241451.2358253,19.036315633808837,5.665886064023912,7.2,53.0
1771241451.2358565,19.036315633808837,5.665886064023912,7.2,53.0
1771241451.2399957,19.059919000754654,5.6648080669962075,7.2,53.0
1771241451.2400281,19.059919000754654,5.6648080669962075,7.2,53.0
1771241451.2441473,19.08352690162601,5.665896209124689,7.2,53.0
1771241451.2441807,19.08352690162601,5.665896209124689,7.2,53.0
1771241451.244207,19.08352690162601,5.665896209124689,7.2,53.0
1771241451.2483218,19.10714215409169,5.667660591763751,7.2,53.0
1771241451.2483518,19.10714215409169,5.667660591763751,7.2,53.0
1771241451.2524946,19.130713001684715,5.6570034223255155,7.2,53.0
1771241451.2525249,19.130713001684715,5.6570034223255155,7.2,53.0
1771241451.2525504,19.130713001684715,5.6570034223255155,7.2,53.0
1771241451.2566469,19.154288366367584,5.658087523888548,7.2,53.0
1771241451.2566772,19.154288366367584,5.658087523888548,7.2,53.0
1771241451.2608254,19.177880649077117,5.662147850287955,7.2,53.0
1771241451.2608573,19.177880649077117,5.662147850287955,7.2,53.0
1771241451.26508,19.20172955728014,5.723737968724954,7.2,53.0
1771241451.2651098,19.20172955728014,5.723737968724954,7.2,53.0
1771241451.265137,19.20172955728014,5.723737968724954,7.2,53.0
1771241451.269316,19.225862056293888,5.791799763299953,7.2,53.0
1771241451.2693877,19.225862056293888,5.791799763299953,7.2,53.0
1771241451.2734344,19.250148146146323,5.828661564584108,7.2,53.0
1771241451.2734716,19.250148146146323,5.828661564584108,7.2,53.0
1771241451.2734993,19.250148146146323,5.828661564584108,7.2,53.0
1771241451.2775238,19.274378743666848,5.8153434049255335,7.2,53.0
1771241451.2775543,19.274378743666848,5.8153434049255335,7.2,53.0
1771241451.2816784,19.29861252158781,5.816106701030793,7.2,53.0
1771241451.2817166,19.29861252158781,5.816106701030793,7.2,53.0
1771241451.2858307,19.32285510468736,5.818219943891854,7.2,53.0
1771241451.2858653,19.32285510468736,5.818219943891854,7.2,53.0
1771241451.2858922,19.32285510468736,5.818219943891854,7.2,53.0
1771241451.290001,19.34702887165936,5.801704073279983,7.2,53.0
1771241451.290031,19.34702887165936,5.801704073279983,7.2,53.0
1771241451.2941604,19.371205792756314,5.802461063268479,7.2,53.0
1771241451.294205,19.371205792756314,5.802461063268479,7.2,53.0
1771241451.2942328,19.371205792756314,5.802461063268479,7.2,53.0
1771241451.2983215,19.395400720952754,5.806782767145284,7.2,53.0
1771241451.2983525,19.395400720952754,5.806782767145284,7.2,53.0
1771241451.302483,19.419501262175558,5.784129893473256,7.2,53.0
1771241451.3025224,19.419501262175558,5.784129893473256,7.2,53.0
1771241451.3066442,19.443604981292243,5.7848925880047055,7.2,53.0
1771241451.3066802,19.443604981292243,5.7848925880047055,7.2,53.0
1771241451.3067071,19.443604981292243,5.7848925880047055,7.2,53.0
1771241451.3108203,19.467738271238332,5.791989587061127,7.2,53.0
1771241451.3108509,19.467738271238332,5.791989587061127,7.2,53.0
1771241451.3150127,19.49173915099854,5.760211142450085,7.2,53.0
1771241451.3150482,19.49173915099854,5.760211142450085,7.2,53.0
1771241451.3150754,19.49173915099854,5.760211142450085,7.2,53.0
1771241451.3191528,19.515743348676462,5.761007442701242,7.2,53.0
1771241451.3191843,19.515743348676462,5.761007442701242,7.2,53.0
1771241451.3233209,19.539769758747966,5.766338417160763,7.2,53.0
1771241451.3233628,19.539769758747966,5.766338417160763,7.2,53.0
1771241451.3274825,19.563649470840147,5.731130902123808,7.2,53.0
1771241451.3275177,19.563649470840147,5.731130902123808,7.2,53.0
1771241451.3275454,19.563649470840147,5.731130902123808,7.2,53.0
1771241451.3316567,19.587532697154305,5.731974315397641,7.2,53.0
1771241451.3316877,19.587532697154305,5.731974315397641,7.2,53.0
1771241451.3358212,19.611430598856746,5.735496408585367,7.2,53.0
1771241451.3358574,19.611430598856746,5.735496408585367,7.2,53.0
1771241451.335884,19.611430598856746,5.735496408585367,7.2,53.0
1771241451.3399882,19.635175648531973,5.698811922054638,7.2,53.0
1771241451.340019,19.635175648531973,5.698811922054638,7.2,53.0
1771241451.3441584,19.65892443918404,5.699709756496037,7.2,53.0
1771241451.3441951,19.65892443918404,5.699709756496037,7.2,53.0
1771241451.3483233,19.682680618229984,5.701482971026651,7.2,53.0
1771241451.3483624,19.682680618229984,5.701482971026651,7.2,53.0
1771241451.3483927,19.682680618229984,5.701482971026651,7.2,53.0
1771241451.3525093,19.706279260287214,5.663674093735673,7.2,53.0
1771241451.35254,19.706279260287214,5.663674093735673,7.2,53.0
1771241451.3567472,19.728812877714528,5.4080681825550965,7.2,53.0
1771241451.3567832,19.728812877714528,5.4080681825550965,7.2,53.0
1771241451.3608885,19.750738138257677,5.262062530355963,7.2,53.0
1771241451.3609197,19.750738138257677,5.262062530355963,7.2,53.0
1771241451.3609464,19.750738138257677,5.262062530355963,7.2,53.0
1771241451.365081,19.772398708426827,5.198536840595944,7.2,53.0
1771241451.365125,19.772398708426827,5.198536840595944,7.2,53.0
1771241451.3691788,19.794065124768895,5.199939922095929,7.2,53.0
1771241451.3692286,19.794065124768895,5.199939922095929,7.2,53.0
1771241451.3734052,19.815737521392204,5.201375189594174,7.2,53.0
1771241451.3734496,19.815737521392204,5.201375189594174,7.2,53.0
1771241451.3775408,19.83741624448726,5.202893542813934,7.2,53.0
1771241451.3776054,19.83741624448726,5.202893542813934,7.2,53.0
1771241451.3816826,19.85910118906579,5.2043866988470775,7.2,53.0
1771241451.381727,19.85910118906579,5.2043866988470775,7.2,53.0
1771241451.3858223,19.880792470205034,5.205907473418818,7.2,53.0
1771241451.3858595,19.880792470205034,5.205907473418818,7.2,53.0
1771241451.3858871,19.880792470205034,5.205907473418818,7.2,53.0
1771241451.3899884,19.90249019686648,5.207454398746959,7.2,53.0
1771241451.390025,19.90249019686648,5.207454398746959,7.2,53.0
1771241451.3941495,19.92419447205323,5.209026044820258,7.2,53.0
1771241451.3941832,19.92419447205323,5.209026044820258,7.2,53.0
1771241451.3982995,19.945905392958817,5.210621017340886,7.2,53.0
1771241451.3983371,19.945905392958817,5.210621017340886,7.2,53.0
1771241451.4024627,19.96762305110743,5.2122379556672955,7.2,53.0
1771241451.4024963,19.96762305110743,5.2122379556672955,7.2,53.0
1771241451.4066324,19.98934753248559,5.213875530758037,7.2,53.0
1771241451.4066727,19.98934753248559,5.213875530758037,7.2,53.0
1771241451.4107957,20.01107139289315,5.213726497814496,0.0,0.0
1771241451.410834,20.01107139289315,5.213726497814496,0.0,0.0
