tiempo,y,vy,velocidad_ruedas,fuerza_ruedas,error
1772002128.8000076,0.010604599329331964,0.25506523738234715,3.745009592651571,500.0,1.7449347626176528
1772002128.8376033,0.02024612098884568,0.2586167740632337,3.6049987361758715,500.0,1.7413832259367663
1772002128.874991,0.03000284530397739,0.26129480428436946,3.7389106780844035,500.0,1.7387051957156305
1772002128.9166863,0.04093708950235034,0.2631626011173221,3.7371152697887444,500.0,1.736837398882678
1772002128.9541821,0.050821646172479015,0.263773106151538,3.722489620562887,500.0,1.736226893848462
1772002128.9916053,0.06070674448352906,0.263301036852042,3.824372868261241,500.0,1.736698963147958
1772002129.0292425,0.07055044080603289,0.261681980220979,3.7387913985106653,500.0,1.7383180197790211
1772002129.066677,0.08030841295830915,0.2588533408440024,3.7416851767836348,500.0,1.7411466591559976
1772002129.1084087,0.0909932770658914,0.25421825357345307,3.7463929127636764,500.0,1.7457817464265468
1772002129.145835,0.10041445814573037,0.2486402030265149,4.214288880476349,500.0,1.751359796973485
1772002129.1875062,0.1106010470685357,0.24080990950598047,4.155766248332209,500.0,1.7591900904940196
1772002129.2001874,0.1206378691666193,0.5882615718329347,10.0,500.0,1.4117384281670653
1772002129.2126079,0.13366537787279364,1.2344222843088668,-4.0,500.0,0.7655777156911332
1772002129.2209206,0.14589021649300749,1.571048599870198,-4.0,500.0,0.42895140012980204
1772002129.2251148,0.152973903895949,1.7000849767059627,2.3007033661420047,500.0,0.2999150232940373
1772002129.229219,0.16036310132046352,1.773407381883484,-4.0,500.0,0.2265926181165161
1772002129.2375236,0.1768363528527239,2.0194771859853273,1.9813135520999448,500.0,-0.019477185985327328
1772002129.241774,0.1854401647307487,2.064914850725953,1.9358757931019248,500.0,-0.06491485072595315
1772002129.2460108,0.19452169593565946,2.17956748917858,1.8212228351036355,500.0,-0.1795674891785799
1772002129.2501614,0.20371482791831197,2.2063516758366037,-4.0,500.0,-0.20635167583660374
1772002129.254342,0.21279758538896507,2.1798617929567436,7.884044071916296,500.0,-0.17986179295674365
1772002129.2586017,0.2219704141515787,2.2014789030272697,-2.4574389001141617,500.0,-0.20147890302726967
1772002129.262752,0.23108831519822798,2.1882962511958297,1.8124908653987777,500.0,-0.1882962511958297
1772002129.2669163,0.2402405590411811,2.1965385223087486,1.804247806926184,500.0,-0.19653852230874858
1772002129.2753177,0.2584757783945815,2.183756920805037,3.352014802316198,500.0,-0.18375692080503692
1772002129.2795088,0.26760811580978333,2.191760979648435,0.6008733746205495,500.0,-0.1917609796484352
1772002129.283503,0.2767217161170594,2.1872640737462614,1.8135190865181263,500.0,-0.18726407374626142
1772002129.2877386,0.28578680680739854,2.1756217656813814,4.007568612289116,500.0,-0.17562176568138144
1772002129.291989,0.2948885174565942,2.1844105558069575,1.8163710635691939,500.0,-0.18441055580695753
1772002129.2960627,0.3039603573471398,2.177241573730933,3.164403960953358,500.0,-0.17724157373093297
1772002129.3002164,0.3130198921396497,2.1742883502023824,2.5066135357937203,500.0,-0.17428835020238242
1772002129.3046415,0.3220642788325989,2.1706528063078157,1.8301265796880661,500.0,-0.17065280630781565
1772002129.308582,0.33112503230847457,2.174580834210158,1.0886335304847266,500.0,-0.17458083421015802
1772002129.3125741,0.3401709451869282,2.171019090828869,1.8297589030654886,500.0,-0.17101909082886912
1772002129.3210428,0.3582063338642107,2.1605532626389934,3.528632328802244,500.0,-0.1605532626389934
1772002129.3251853,0.36722785999777735,2.1651662720560045,0.7599535423128057,500.0,-0.16516627205600454
1772002129.32916,0.37623471293353894,2.161644704582783,3.2067716926419663,500.0,-0.16164470458278313
1772002129.3335462,0.385192443091524,2.1498552379164217,4.225402235876011,500.0,-0.14985523791642175
1772002129.3375604,0.3942048566720077,2.1629792593160864,1.8377946690049216,500.0,-0.16297925931608637
1772002129.3417664,0.4031525852457922,2.147454857708283,1.8533183932440338,500.0,-0.14745485770828282
1772002129.3460085,0.41209073973948873,2.1451570784871663,1.8556155520819653,500.0,-0.1451570784871663
1772002129.3502252,0.42105188769374385,2.1506755090212284,1.850096507456446,500.0,-0.1506755090212284
1772002129.3584647,0.43890445532219674,2.140898046469248,2.57512691147486,500.0,-0.14089804646924797
1772002129.3628204,0.4478095103983787,2.137213218283665,2.4666902241503585,500.0,-0.13721321828366495
1772002129.3667665,0.45673754465339195,2.142728221203182,1.8580414232699556,500.0,-0.14272822120318196
1772002129.37112,0.46561539645620353,2.1306844326747814,4.1177068667529095,500.0,-0.13068443267478136
1772002129.375023,0.4744828401250588,2.1281864805252697,2.8250521029584,500.0,-0.1281864805252697
1772002129.3794906,0.4833697207596279,2.1328513522965906,1.0705293197879322,500.0,-0.13285135229659062
1772002129.3835387,0.49222404599471825,2.1250380564216824,3.631728722644306,500.0,-0.12503805642168242
1772002129.3877406,0.501060448032809,2.120736489141796,2.7793241526009718,500.0,-0.12073648914179591
1772002129.3958526,0.5187264424037549,2.1201658297555794,1.7040505946637192,500.0,-0.12016582975557943
1772002129.4001796,0.5275177875421947,2.109922833225558,4.143122579031004,500.0,-0.10992283322555796
1772002129.4044075,0.5362948600228904,2.106497395366961,2.6569657638306703,500.0,-0.10649739536696101
1772002129.4086852,0.5450977577836111,2.1126954625729772,1.888069016235543,500.0,-0.11269546257297725
1772002129.4127784,0.5538395485430011,2.098029782253581,4.684523799787268,500.0,-0.09802978225358094
1772002129.416763,0.5625719864386541,2.0957850949567214,2.5449038302348432,500.0,-0.09578509495672138
1772002129.4210777,0.5713089303037757,2.0968665276291882,1.9038966884127517,500.0,-0.09686652762918824
1772002129.4250584,0.5800148657200231,2.089424499899378,4.136944510056217,500.0,-0.08942449989937806
1772002129.4338043,0.5973574376328132,2.110525879899084,-4.0,500.0,-0.1105258798990838
1772002129.437907,0.6058960891035918,2.0492763529868596,10.0,500.0,-0.04927635298685962
1772002129.4421296,0.6146801140739065,2.108165992875532,-4.0,500.0,-0.10816599287553208
1772002129.446351,0.6232386784906297,2.0540554600135748,7.964763970727569,500.0,-0.05405546001357475
1772002129.45042,0.6320466085770798,2.113903220748026,-4.0,500.0,-0.11390322074802617
1772002129.4544508,0.6406814089371772,2.0723520864233556,8.783003761138765,500.0,-0.07235208642335555
1772002129.4628403,0.6580293713803482,2.0776698615479883,1.9230898892632913,500.0,-0.07766986154798827
1772002129.4670832,0.6667254387856173,2.0870561772645653,1.9137032374528276,500.0,-0.08705617726456527
1772002129.471182,0.6753622163309134,2.072826610871077,1.9279324540057257,500.0,-0.07282661087107689
1772002129.475308,0.6840440673675742,2.083644248798585,1.917114509096825,500.0,-0.0836442487985849
1772002129.4795346,0.6927002079288134,2.0774737346973993,1.9232846761916182,500.0,-0.07747373469739927
1772002129.4834783,0.7013851375466255,2.0843831082748974,1.9163749904718428,500.0,-0.08438310827489737
1772002129.4876764,0.710064710930648,2.083097612165416,2.2220644541667673,500.0,-0.08309761216541611
1772002129.496175,0.727398467242397,2.0886331261136393,-0.9320884516161803,500.0,-0.08863312611363927
1772002129.5000596,0.7360674378325811,2.080552941644181,4.718201742318872,500.0,-0.08055294164418081
1772002129.5043757,0.7447353508598922,2.080299126554664,1.9819491240520355,500.0,-0.0802991265546642
1772002129.5085928,0.7533702881918272,2.0723849596643937,3.3747511382041115,500.0,-0.07238495966439373
1772002129.5126493,0.7620611916863606,2.085816838688013,1.9149389224000244,500.0,-0.08581683868801315
1772002129.5168934,0.7707192752443096,2.0779400539077755,1.922815347731573,500.0,-0.07794005390777548
1772002129.5252888,0.788011610818548,2.072476369735627,2.8037529078885366,500.0,-0.07247636973562699
1772002129.5294251,0.7966926382689101,2.0834465880869075,-0.2252965956267663,500.0,-0.08344658808690752
1772002129.5337117,0.8053355868241551,2.0743076532587827,1.926446443542551,500.0,-0.07430765325878275
1772002129.537627,0.8139778032278335,2.074131936882829,1.9266218660614796,500.0,-0.07413193688282904
1772002129.5418806,0.8226200798205525,2.074146382252548,1.9236113948584297,500.0,-0.0741463822525481
1772002129.546031,0.831288327247624,2.0803793824971524,1.9203737970047827,500.0,-0.08037938249715237
1772002129.5544267,0.8485983112754816,2.078270982103686,1.5315965393617765,500.0,-0.07827098210368622
1772002129.5585437,0.8572537639934383,2.0773086523096156,2.1394330454441737,500.0,-0.07730865230961559
1772002129.562798,0.8659034884152499,2.0759338612347866,2.1676092426657263,500.0,-0.07593386123478663
1772002129.5670555,0.874573378493876,2.080773618870252,1.9199779281638891,500.0,-0.08077361887025214
1772002129.571183,0.8832202820253997,2.0752568475657003,1.9254943714019435,500.0,-0.07525684756570028
1772002129.5753148,0.8918738564863796,2.076857870635186,1.6542071923664445,500.0,-0.07685787063518612
1772002129.5795925,0.9005299250595021,2.077456457549392,1.8448667679600717,500.0,-0.0774564575493919
1772002129.5878963,0.9178604314533354,2.079549244887398,1.9520122837380045,500.0,-0.07954924488739801
1772002129.5921257,0.9265267839187056,2.079924591688836,1.867817637468784,500.0,-0.07992459168883581
1772002129.596616,0.9351695144221002,2.0742553208147085,1.9264939135326822,500.0,-0.07425532081470854
1772002129.6007285,0.9438286205030797,2.0781854594350846,1.5501444635030541,500.0,-0.07818545943508459
1772002129.604723,0.9524945729305786,2.0798285825997413,1.739139397606849,500.0,-0.07982858259974135
1772002129.609087,0.9611598760347366,2.07967274499792,1.9343640590969446,500.0,-0.07967274499792021
1772002129.6172633,0.9784552031277602,2.0766808710145153,1.6597987721069378,500.0,-0.07668087101451526
1772002129.6214688,0.9871255951020139,2.08089407382087,1.4821701811508194,500.0,-0.0808940738208701
1772002129.6253288,0.9957867514498677,2.078677523484906,2.285406491966913,500.0,-0.07867752348490598
1772002129.629473,1.004447442061724,2.0785657468455043,1.9415839341819525,500.0,-0.07856574684550433
1772002129.6337361,1.0131009630645527,2.076845040678901,2.158129766531543,500.0,-0.07684504067890119
1772002129.6380825,1.0217727029850283,2.0812175809141507,1.9195284240519002,500.0,-0.08121758091415066
1772002129.642206,1.0304366303791523,2.0793425745897416,2.1452194313388104,500.0,-0.07934257458974159
1772002129.650465,1.0477387428090845,2.0732070577181405,1.9275379593770827,500.0,-0.07320705771814051
1772002129.654673,1.0564281810750813,2.0854651838392257,0.4993949722522837,500.0,-0.08546518383922574
1772002129.6588001,1.0650760985530368,2.075500194709289,1.9252441600549826,500.0,-0.07550019470928904
1772002129.6630187,1.0737570251757804,2.083422389458471,1.0125403416189571,500.0,-0.08342238945847091
1772002129.6670685,1.0823842395943628,2.0705314604597547,3.819067263263208,500.0,-0.07053146045975467
1772002129.6713235,1.0910895168118298,2.08926653219206,-0.4065345407620589,500.0,-0.08926653219206004
1772002129.6795464,1.1083905697117606,2.0811282636305313,0.336251846648205,500.0,-0.08112826363053127
1772002129.6838925,1.1170340405108068,2.074432991771099,2.6621627960916485,500.0,-0.07443299177109886
1772002129.687929,1.1257246670174517,2.0857503615947626,1.9149917138331292,500.0,-0.08575036159476257
1772002129.692089,1.1343672134379317,2.0742111409152106,1.926530588093962,500.0,-0.07421114091521064
1772002129.6960964,1.143040999737391,2.0817087118702062,1.9190327160603136,500.0,-0.08170871187020623
1772002129.7003956,1.1516809844626914,2.073596334072127,3.090916568265239,500.0,-0.07359633407212707
1772002129.7047613,1.160373745753182,2.0862627097177318,1.9144780412599451,500.0,-0.08626270971773176
1772002129.713041,1.1776964706326296,2.084260567570252,1.9164795223358448,500.0,-0.08426056757025213
1772002129.7171865,1.1863263191658207,2.0711636479658324,3.4407855171589095,500.0,-0.07116364796583241
1772002129.721357,1.195030606449872,2.0890289481722886,-0.2231185688680828,500.0,-0.08902894817228857
1772002129.7257543,1.2036560593366135,2.0701086928179757,1.9306303738784578,500.0,-0.07010869281797572
1772002129.7298095,1.212296067690943,2.0736020050390436,1.57807153621263,500.0,-0.07360200503904357
1772002129.7339003,1.2209730692889207,2.0824803835146977,0.9685961596582392,500.0,-0.08248038351469766
1772002129.7421796,1.2383059431825512,2.083198792149829,1.140984240687688,500.0,-0.08319879214982917
1772002129.746267,1.2469550143927257,2.075777090441888,2.909661791650196,500.0,-0.07577709044188818
1772002129.7503955,1.2556201849525594,2.079640934360109,1.9210962301396834,500.0,-0.07964093436010922
1772002129.754557,1.2642841592994112,2.079353843244431,1.9639511696543186,500.0,-0.07935384324443095
1772002129.7586284,1.2729511862399334,2.0800864657253415,1.7916745377261731,500.0,-0.0800864657253415
1772002129.7628524,1.2816088374870893,2.077836299317391,1.9228998700407756,500.0,-0.07783629931739089
1772002129.7671013,1.2902645597050149,2.0773733323021304,1.9828136936693441,500.0,-0.0773733323021304
1772002129.775593,1.3075962017449034,2.0776764931655065,1.9230586749376526,500.0,-0.07767649316550651
1772002129.779857,1.3162671502415038,2.0810276391840525,1.6128973637517738,500.0,-0.08102763918405254
1772002129.7841244,1.3249168206500048,2.0759208980402657,2.348432374800057,500.0,-0.0759208980402657
1772002129.7881691,1.3335973666172019,2.0833310321273073,1.2197520748907036,500.0,-0.0833310321273073
1772002129.7921908,1.3422484245737156,2.076253909563319,1.924479934769557,500.0,-0.07625390956331879
1772002129.7965157,1.350926533863425,2.082746229530265,1.306403594741993,500.0,-0.08274622953026478
1772002129.8046162,1.3682557312916557,2.0855123903164254,0.36728590116250714,500.0,-0.08551239031642544
1772002129.8090382,1.3768964787957958,2.0737794009936557,3.024204481457723,500.0,-0.07377940099365565
1772002129.8129816,1.3855862256002953,2.085539233079896,0.49935341357686913,500.0,-0.08553923307989608
1772002129.8170977,1.3942133447514098,2.070508596267492,3.89112716110437,500.0,-0.07050859626749206
1772002129.8213193,1.4029130629701994,2.087932372509481,1.9127991857717888,500.0,-0.08793237250948094
1772002129.825545,1.4115451022076657,2.0716894169919144,1.929041782939352,500.0,-0.07168941699191445
1772002129.829732,1.420246373260874,2.0883050527699987,0.1469786471481056,500.0,-0.08830505276999867
1772002129.838132,1.4375677705944345,2.0901303125239217,-0.7413314859776499,500.0,-0.09013031252392167
1772002129.8421657,1.4461885555484282,2.0689883889584832,4.384733320050961,500.0,-0.06898838895848325
1772002129.8465114,1.4548931085040877,2.0890927093582987,0.02836200401137723,500.0,-0.08909270935829872
1772002129.8502328,1.463501485167759,2.066010399281127,6.167034709685447,500.0,-0.06601039928112717
1772002129.8549998,1.4722147360431037,2.091180210082731,-0.1488444435955918,500.0,-0.0911802100827308
1772002129.858876,1.4808319260690468,2.0681256062263467,1.9326029637908098,500.0,-0.06812560622634667
1772002129.8670728,1.498143954063388,2.0723588571175,1.9283690878519384,500.0,-0.07235885711750001
1772002129.871473,1.506834938980946,2.0858363802138675,0.6294147348053603,500.0,-0.08583638021386752
1772002129.8756976,1.5154754448316707,2.0737214041739587,3.079248320798179,500.0,-0.07372140417395867
1772002129.8794076,1.5241686619607484,2.086372110978647,1.9143548718942904,500.0,-0.08637211097864705
1772002129.884067,1.5327841920518328,2.0677272218602605,3.5854522680201826,500.0,-0.06772722186026048
1772002129.8878639,1.5414844124465543,2.0880528947331523,-0.9290616005717253,500.0,-0.08805289473315225
1772002129.892555,1.5501133816150343,2.070952600435208,3.2732307544342873,500.0,-0.0709526004352079
1772002129.9005365,1.5674288960690301,2.06630788214799,4.598905060392523,500.0,-0.06630788214798988
1772002129.9050794,1.5761340204853174,2.0892298599089143,0.19659222645610863,500.0,-0.0892298599089143
1772002129.9088109,1.584758269005335,2.0698196448042427,4.216965877260601,500.0,-0.06981964480424274
1772002129.9130015,1.5934600527674307,2.088428102902986,-0.29952183063304005,500.0,-0.08842810290298608
1772002129.9169126,1.6020660827158109,2.0654471876112424,1.935276819198405,500.0,-0.06544718761124235
1772002129.921383,1.6107752360812755,2.0901968077115223,-0.8484745862231788,500.0,-0.09019680771152228
1772002129.9297771,1.6280727670850028,2.0823373909775125,1.918385647585224,500.0,-0.08233739097751247
1772002129.9339304,1.6367006883878001,2.070701112671384,3.118964065340593,500.0,-0.0707011126713839
1772002129.9378886,1.6453878355354679,2.084915315440253,-0.09663804963823486,500.0,-0.0849153154402531
1772002129.9422739,1.6540293437791775,2.0739619784903,1.9267600735591681,500.0,-0.07396197849030006
1772002129.9462352,1.6627239282140827,2.0867002643772348,1.9140214849232409,500.0,-0.08670026437723477
1772002129.9504926,1.6713354495021522,2.0667651091366803,1.933956285428792,500.0,-0.06676510913668032
1772002129.9547508,1.6800367556741023,2.0883134812680133,-0.4343739081823377,500.0,-0.0883134812680133
1772002129.9629555,1.6973516394307502,2.0845408500698768,0.21265871558365745,500.0,-0.08454085006987677
1772002129.9669046,1.7059669027763122,2.067663202934897,5.121794881861362,500.0,-0.06766320293489692
1772002129.9713414,1.7146644088800331,2.087401464893002,-0.43029867599988375,500.0,-0.08740146489300216
1772002129.9752707,1.7232963986658545,2.0716775485971377,1.9290419165440873,500.0,-0.07167754859713771
1772002129.9796703,1.7319966616566382,2.088063117788087,-0.2476915821677501,500.0,-0.08806311778808684
1772002129.983651,1.7405976847114675,2.06424553315902,5.806621083681593,500.0,-0.06424553315902015
1772002129.992088,1.7579247085814287,2.0657797396048374,1.9349384011261708,500.0,-0.0657797396048374
1772002129.9961798,1.7666073352625846,2.083830403477442,-0.8274703734660064,500.0,-0.08383040347744197
1772002130.0007389,1.7752290314210923,2.069207078041858,1.9315104149401596,500.0,-0.06920707804185788
1772002130.0045238,1.7839140838469396,2.0844125822033246,-0.2924055569989621,500.0,-0.0844125822033246
1772002130.0089707,1.792555950561067,2.074048011390597,2.991836646295627,500.0,-0.0740480113905968
1772002130.0128443,1.801251114114277,2.086839252770387,0.04208123660533025,500.0,-0.08683925277038718
1772002130.0216205,1.818553854362289,2.0876377283677434,1.913078164989918,500.0,-0.08763772836774342
1772002130.025663,1.8271794000346928,2.0701309613769148,3.6152121284420153,500.0,-0.07013096137691477
1772002130.0297832,1.835891280153367,2.090851228481766,-0.16801044112276964,500.0,-0.09085122848176619
1772002130.0336149,1.8445206875491396,2.071057774985428,5.201371855715542,500.0,-0.07105777498542798
1772002130.0380986,1.8531960257607003,2.0820811707746043,0.7361404934914118,500.0,-0.0820811707746043
1772002130.041935,1.861847225740552,2.0762879951644226,2.9583981707087053,500.0,-0.07628799516442264
1772002130.046398,1.8705326797442383,2.084508960884714,0.9593897191745058,500.0,-0.08450896088471405
1772002130.054455,1.8878499551960666,2.0792196342102254,1.5361872755394166,500.0,-0.07921963421022538
1772002130.0587475,1.896517827619505,2.080289381625215,1.7746875912288411,500.0,-0.08028938162521504
1772002130.0628765,1.9051861084604578,2.080387401828693,1.9203251992710795,500.0,-0.08038740182869297
1772002130.0669951,1.9138424790716482,2.077528946685699,2.3717980982755535,500.0,-0.07752894668569921
1772002130.07102,1.9225016512891757,2.078201332206607,1.7848564803624891,500.0,-0.07820133220660708
1772002130.0754535,1.9311733729544374,2.0812131996628014,1.5032648818165348,500.0,-0.08121319966280138
1772002130.0837102,1.9484981380390751,2.0797875841112567,1.9209233726279775,500.0,-0.07978758411125675
1772002130.0879855,1.9571480226613942,2.0759723093565654,1.924738310936097,500.0,-0.0759723093565654
1772002130.092009,1.9658310446745597,2.0839252831597213,1.9167850242787081,500.0,-0.08392528315972125
1772002130.0962067,1.974480290808295,2.075819072096497,3.0978072621698045,500.0,-0.07581907209649685
1772002130.1004107,1.9831591354348055,2.0829227103625185,0.9246263120850102,500.0,-0.08292271036251853
1772002130.1047852,1.991792824427034,2.0720853581348377,1.9286239250162727,500.0,-0.07208535813483774
1772002130.1094515,2.0004913075058184,2.0876359389082735,0.8746831326114541,500.0,-0.08763593890827348
1772002130.1169941,2.0177721869956486,2.075399536891853,1.382413435051332,500.0,-0.07539953689185319
1772002130.1211824,2.0264392941906086,2.0801057267903706,1.232525908778404,500.0,-0.08010572679037065
1772002130.1254642,2.0351019424227683,2.0790355757182883,1.9216720972197567,500.0,-0.07903557571828834
1772002130.1295319,2.0437721864470033,2.0808585658164476,1.6520318095563478,500.0,-0.08085856581644757
1772002130.133775,2.052428345663606,2.0774782119846424,1.9232288004313132,500.0,-0.07747821198464244
1772002130.137971,2.0610846511419214,2.0775133147956284,1.9186614185746902,500.0,-0.0775133147956284
1772002130.1462052,2.078416555541885,2.077983697623742,2.4482081992498093,500.0,-0.07798369762374202
1772002130.1505148,2.087085849432441,2.080630533733354,1.9200751552779003,500.0,-0.08063053373335416
1772002130.1545906,2.0957349975108253,2.075795538812203,2.618520382571547,500.0,-0.07579553881220313
1772002130.158561,2.1044143837306866,2.0830526927667656,0.5752616339375836,500.0,-0.08305269276676563
1772002130.1630433,2.113066328955859,2.0764668540413806,2.6480638391163596,500.0,-0.07646685404138065
1772002130.1671557,2.121742900346569,2.0823771337704624,1.9183272411417327,500.0,-0.08237713377046241
1772002130.171527,2.1303837511078143,2.0738041826988445,1.9268998398226358,500.0,-0.07380418269884448
1772002130.1795456,2.147715013106069,2.0745053899330097,3.4568781974239666,500.0,-0.0745053899330097
1772002130.1838927,2.156401779853702,2.0848240194318497,1.9158790338133371,500.0,-0.0848240194318497
1772002130.1878002,2.165030809474932,2.0709671090953248,4.221311545862173,500.0,-0.07096710909532478
1772002130.1923668,2.1737292492552096,2.087625547266584,0.31967766970338807,500.0,-0.08762554726658411
1772002130.196165,2.1823602829350905,2.071448083171445,4.312158364510842,500.0,-0.07144808317144502
1772002130.200522,2.191062178682718,2.08845497943056,-0.060978493243801335,500.0,-0.0884549794305598
1772002130.208753,2.2083835643578498,2.089933620385949,1.9107674788423832,500.0,-0.0899336203859491
1772002130.2132108,2.217005239059105,2.069201928301177,3.922455153794793,500.0,-0.06920192830117688
1772002130.217099,2.225717105525699,2.090847951982567,-0.8165740558424885,500.0,-0.09084795198256712
1772002130.2213342,2.2343217707229113,2.0651196473309446,1.9355804229308975,500.0,-0.06511964733094455
1772002130.2254431,2.2430400565536823,2.0923885993850186,-1.7240595845645799,500.0,-0.09238859938501864
1772002130.2296767,2.2516523439881966,2.0669489842834476,1.9337504292706054,500.0,-0.06694898428344764
1772002130.2338314,2.2603311020408925,2.0829019326470437,0.030307342081642874,500.0,-0.08290193264704371
1772002130.2421727,2.2776564093255134,2.0863432677417966,0.057771441958140546,500.0,-0.08634326774179657
1772002130.2461581,2.2862938310001417,2.0729812019108196,1.9277169337603584,500.0,-0.07298120191081958
1772002130.2504709,2.2949895396191073,2.0869700685517927,1.9137277484092639,500.0,-0.08697006855179268
1772002130.2545934,2.3036025259621726,2.0671167223356366,4.546003315797337,500.0,-0.06711672233563659
1772002130.2590005,2.3123067452151025,2.089012620703213,-0.2321860021646227,500.0,-0.08901262070321314
1772002130.2629464,2.320932841251814,2.0702630488107596,4.342746782606634,500.0,-0.07026304881075962
1772002130.2713418,2.3382522481700936,2.066270051654366,4.779893492837953,500.0,-0.06627005165436595
1772002130.2754333,2.3469572798424623,2.089207601368503,-1.3346376455694762,500.0,-0.08920760136850303
1772002130.279807,2.3555810035157543,2.069693681590122,1.9310018018588841,500.0,-0.06969368159012213
1772002130.2837832,2.3642941715001315,2.091160316250524,1.9095348758907411,500.0,-0.0911603162505239
1772002130.2879028,2.3729067609119388,2.0670214588337212,1.9336733715122443,500.0,-0.06702145883372124
1772002130.292175,2.381607414915511,2.088156960857403,-0.6366707871009187,500.0,-0.0881569608574031
1772002130.2964418,2.3902358546390055,2.0708255336386396,3.8422204828270416,500.0,-0.07082553363863964
1772002130.3045819,2.4075389986255606,2.0680452646822034,4.266337648181761,500.0,-0.0680452646822034
1772002130.3089354,2.4162442592376965,2.0892625469125683,-0.3623919149310883,500.0,-0.0892625469125683
1772002130.3130157,2.4248676626811116,2.0696168264196686,1.9310760476084003,500.0,-0.0696168264196686
1772002130.3171093,2.433556316435661,2.085276901091856,1.9154156753278955,500.0,-0.08527690109185615
1772002130.321234,2.4421690223300923,2.0670494146634835,1.933642823337184,500.0,-0.06704941466348346
1772002130.325585,2.4508780607977982,2.0901692322493863,-0.545230223688995,500.0,-0.09016923224938633
1772002130.333796,2.4681901310313275,2.086449113123868,-0.31958088268891016,500.0,-0.08644911312386805
1772002130.3379703,2.4767988937700025,2.0661030572820636,4.5079024149606575,500.0,-0.06610305728206356
1772002130.342098,2.485498269643236,2.087850209576009,1.9128404352501591,500.0,-0.08785020957600898
1772002130.346369,2.494125855933215,2.0706207095949,3.9011779460041662,500.0,-0.07062070959490008
1772002130.3505049,2.502835826831311,2.0903930155430586,1.910296960350368,500.0,-0.09039301554305856
1772002130.3545942,2.5114481517398493,2.0669579780491527,5.1525174492717,500.0,-0.06695797804915271
1772002130.3589427,2.5201437525799424,2.0869442016223254,1.913745112239539,500.0,-0.08694420162232541
1772002130.367292,2.537482674619043,2.0894719805905386,0.07061943338008692,500.0,-0.08947198059053862
1772002130.371243,2.546096518494121,2.0673225300186715,4.902651567088755,500.0,-0.0673225300186715
1772002130.3754718,2.5547905083594693,2.0865575676835726,-0.4405604115769379,500.0,-0.08655756768357259
1772002130.379634,2.5634250073836977,2.072279765814768,3.7193743695421952,500.0,-0.07227976581476803
1772002130.3837712,2.5721224511005394,2.087386492042011,-0.2763216738669092,500.0,-0.0873864920420111
1772002130.387904,2.580720219997894,2.0634645353651444,1.9372224718223903,500.0,-0.0634645353651444
1772002130.3962114,2.5980475937631615,2.0658843502761566,1.9348020051544745,500.0,-0.06588435027615658
1772002130.4003649,2.6067258530638,2.082782232153238,-0.8697010142255371,500.0,-0.08278223215323788
1772002130.4044776,2.6153719219548357,2.07505653384861,1.9256292008997928,500.0,-0.07505653384861022
1772002130.4088461,2.62403919314948,2.080145086714711,1.2921137431336533,500.0,-0.08014508671471088
1772002130.4129646,2.6327027045185623,2.079242728579647,1.921442346405819,500.0,-0.07924272857964709
1772002130.4171643,2.64137553875352,2.0814802163898385,1.6504943146499933,500.0,-0.08148021638983849
1772002130.421241,2.650032668463988,2.0777111305123577,2.453466299901188,500.0,-0.07771113051235767
1772002130.4297943,2.667364084057762,2.082657795378263,1.3363773690334921,500.0,-0.08265779537826301
1772002130.4339395,2.6760206580108328,2.0775777487369576,2.476720730060957,500.0,-0.07757774873695755
1772002130.4377463,2.6846752641351874,2.0771054698451032,1.92357764164127,500.0,-0.07710546984510325
1772002130.4422202,2.693332488158925,2.0777337656970514,1.8535314494242043,500.0,-0.07773376569705137
1772002130.4461868,2.7020075411291287,2.082012712848857,1.293603824217981,500.0,-0.08201271284885703
1772002130.4505382,2.710665870967772,2.077999161274399,2.399062297637349,500.0,-0.07799916127439888
1772002130.4587264,2.7279773742131677,2.0763117216495854,2.2375447719412405,500.0,-0.07631172164958544
1772002130.4630299,2.7366588803519205,2.083561473300637,1.0572352510366436,500.0,-0.0835614733006369
1772002130.4671247,2.745311700170211,2.0766767563897948,1.9240040336891326,500.0,-0.07667675638979476
1772002130.4710171,2.7539630899276615,2.0763335417880637,2.0090884615340747,500.0,-0.07633354178806373
1772002130.475469,2.7626280785176123,2.0795972615881393,1.4796791677282621,500.0,-0.07959726158813929
1772002130.4797022,2.771293612474965,2.0797281497646396,1.905557769957697,500.0,-0.0797281497646396
1772002130.4880078,2.7886213440618004,2.0786676073665467,2.08317609517622,500.0,-0.07866760736654665
1772002130.4921591,2.7972761079758004,2.077143339359967,1.9235354878164723,500.0,-0.0771433393599672
1772002130.4962308,2.805953620129835,2.082602916968298,1.158253833742224,500.0,-0.0826029169682978
1772002130.5004084,2.814608120950889,2.0770801970529336,2.7553382327910385,500.0,-0.07708019705293356
1772002130.5045927,2.8232800064620216,2.081252522671838,1.9194253220447812,500.0,-0.08125252267183791
1772002130.508647,2.8319200424983566,2.0736086487204477,1.9270688676652366,500.0,-0.0736086487204477
1772002130.5128691,2.8406111277106803,2.0858604509577225,0.06550381520327764,500.0,-0.08586045095772254
1772002130.5211086,2.857927691946446,2.082639418791505,0.136239141619946,500.0,-0.08263941879150494
1772002130.5251544,2.866560486645445,2.071870727759784,4.407113515584994,500.0,-0.07187072775978409
1772002130.5295436,2.8752593902623147,2.087736868048751,1.9129390211517263,500.0,-0.08773686804875114
1772002130.5335672,2.8838913870795655,2.071679236140192,1.928996306384717,500.0,-0.0716792361401919
1772002130.537796,2.8925707322537004,2.0830428417923703,-0.1192230179442193,500.0,-0.08304284179237031
1772002130.5420735,2.9012088113909984,2.0731389929515194,1.9275358918586563,500.0,-0.07313899295151938
1772002130.5503678,2.9185395115266792,2.073573077137879,3.7392893235575495,500.0,-0.07357307713787886
1772002130.554335,2.927229407223964,2.0855749673483532,-0.7033445310642104,500.0,-0.08557496734835324
1772002130.5587814,2.9358533012239767,2.069734560003101,3.9298704441113794,500.0,-0.06973456000310119
1772002130.5628486,2.9445541391541044,2.0882011032306362,-0.8799314836567174,500.0,-0.08820110323063624
1772002130.5671973,2.9531827621981357,2.0708695305675464,3.932389716379021,500.0,-0.07086953056754641
1772002130.571275,2.961885299642146,2.0886089865624906,-0.34775936146322595,500.0,-0.08860898656249061
1772002130.5752952,2.970494626565682,2.0662384616486724,5.54323309805088,500.0,-0.06623846164867242
1772002130.5836306,2.987824825564694,2.068053598683005,1.9326179934004903,500.0,-0.06805359868300487
1772002130.5879035,2.9965091478288963,2.084237343408516,1.9164339526078942,500.0,-0.08423734340851619
1772002130.5921557,3.005136311167881,2.0705192013562925,1.930151743578897,500.0,-0.07051920135629253
1772002130.5964148,3.0138293183271507,2.0863217182247693,0.19333470587862656,500.0,-0.0863217182247693
1772002130.600749,3.022467406682176,2.073141205206126,1.9275290652759958,500.0,-0.07314120520612599
1772002130.6046836,3.03116339477243,2.087037141660932,0.32713995735169843,500.0,-0.0870371416609319
1772002130.6130798,3.0484821731836442,2.0896346561341472,-0.5369863041662906,500.0,-0.08963465613414723
1772002130.6171737,3.0571050903007264,2.069500108099718,1.931168860533036,500.0,-0.06950010809971818
1772002130.6212697,3.065788522047912,2.0840236193245683,1.9166450562790849,500.0,-0.08402361932456825
1772002130.625418,3.074413822134562,2.0700720207959886,3.907530285731428,500.0,-0.07007202079598862
1772002130.6297455,3.0831070000312164,2.0863626951970295,0.1844815060711873,500.0,-0.08636269519702955
1772002130.6337552,3.0917453497179452,2.073203924814882,3.584255746436413,500.0,-0.07320392481488192
1772002130.6380656,3.1004430419388633,2.087446133020381,1.913221226700304,500.0,-0.08744613302038085
1772002130.646386,3.117759880499948,2.0903538422778616,-0.9368424196730212,500.0,-0.09035384227786158
1772002130.6502934,3.1263795657354136,2.0687244565117116,5.399508822450149,500.0,-0.06872445651171155
1772002130.6545599,3.135056975695456,2.082578390410227,-0.08908365949804774,500.0,-0.08257839041022708
1772002130.6586196,3.1436850624824633,2.070740828881757,3.959575670533954,500.0,-0.07074082888175681
1772002130.6628923,3.1523735482620143,2.085236587092284,1.915428841517255,500.0,-0.08523658709228421
1772002130.6671407,3.1610154495305,2.0740563044364855,1.9266087714188338,500.0,-0.07405630443648548
1772002130.675414,3.1783181880158806,2.0661041900629766,4.82361185052895,500.0,-0.06610419006297663
1772002130.6795151,3.1870249873840133,2.089631848351895,-1.7053543858352471,500.0,-0.0896318483518952
1772002130.6841424,3.1956482638643173,2.0695863552729317,3.5760153496616995,500.0,-0.06958635527293167
1772002130.6881647,3.2043602467691423,2.0908758971579697,1.909787545149099,500.0,-0.09087589715796973
1772002130.6920083,3.2129652906145765,2.0652105229042483,5.75615823651022,500.0,-0.06521052290424834
1772002130.6963928,3.221672065055911,2.0896258659202975,1.9110369369282416,500.0,-0.08962586592029753
1772002130.7003505,3.230293293164592,2.0690947460832914,1.9315677082338503,500.0,-0.06909474608329136
1772002130.7086306,3.2475927644718934,2.0645198576433397,5.7650360858165355,500.0,-0.06451985764333967
1772002130.7131174,3.256303713790242,2.0906278364036783,-0.8190579162789581,500.0,-0.09062783640367833
1772002130.7173245,3.264922102116954,2.0684131984108305,4.109232635051098,500.0,-0.06841319841083049
1772002130.7211804,3.2735964136949085,2.0818347787091094,1.9188260900756426,500.0,-0.08183477870910938
1772002130.725599,3.28222183111487,2.070100180790795,3.2452440353971155,500.0,-0.07010018079079483
1772002130.729538,3.2909083842971296,2.084772763742259,1.9158874654212,500.0,-0.08477276374225884
1772002130.7379518,3.3082451753366526,2.0868105103345362,0.2831481231972639,500.0,-0.08681051033453624
1772002130.7420793,3.3168467285341965,2.0643727674105223,1.9362864472547126,500.0,-0.06437276741052234
1772002130.7464159,3.3255545852334425,2.089885607818997,1.910773313807462,500.0,-0.08988560781899713
1772002130.7505164,3.3341750770528784,2.068918036664633,1.9317405277295683,500.0,-0.06891803666463314
1772002130.7548306,3.342889515420777,2.09146520829567,-0.23039275802726067,500.0,-0.09146520829566995
1772002130.7586038,3.351496118608552,2.0655847650659642,1.935073145503009,500.0,-0.06558476506596422
1772002130.7629972,3.3601974979707494,2.088331046927382,-0.7855828333596521,500.0,-0.08833104692738214
1772002130.7712414,3.377530631527614,2.0897167151563067,-0.7747069594160134,500.0,-0.08971671515630675
1772002130.7752533,3.3862290081450253,2.0876103881787667,2.3344928732804355,500.0,-0.08761038817876665
1772002130.7795873,3.3948402885860722,2.066707305851284,4.618185640173511,500.0,-0.06670730585128393
1772002130.7836237,3.4035606364902673,2.0928834970068104,-2.562086206825163,500.0,-0.09288349700681042
1772002130.787865,3.412171685184945,2.0666516867226554,5.844237086126495,500.0,-0.06665168672265542
1772002130.7917778,3.4207937739759524,2.0693013098417303,1.214365296213795,500.0,-0.06930130984173033
1772002130.8004992,3.4381236387097895,2.0726134444060405,1.9280411855818347,500.0,-0.07261344440604045
1772002130.8047066,3.446825863772674,2.0885340150921974,0.052719998023591064,500.0,-0.08853401509219738
1772002130.8086581,3.4555179018906017,2.0860891483026864,2.379358681316522,500.0,-0.08608914830268644
1772002130.8130755,3.4641357205855074,2.0682764867773527,1.9323771090344195,500.0,-0.06827648677735265
1772002130.8170555,3.472853536636304,2.092275852191175,-1.3050506159937605,500.0,-0.09227585219117485
1772002130.8213193,3.481467223286509,2.0672847960491896,5.00164729604126,500.0,-0.06728479604918958
1772002130.8252003,3.4900901048423316,2.0694915733973547,1.9311610981362337,500.0,-0.06949157339735468
1772002130.8337932,3.5074184084587516,2.073041136138956,3.5340018959922688,500.0,-0.07304113613895602
1772002130.8378577,3.5161128958627077,2.0866769769494398,-0.04300942417591802,500.0,-0.08667697694943977
1772002130.8421245,3.524778047091329,2.079636294869113,2.870175702858306,500.0,-0.07963629486911294
1772002130.8462846,3.533423235077349,2.0748451166448443,2.542947018400957,500.0,-0.07484511664484428
1772002130.8506322,3.542110759648857,2.0850058971618024,0.8515398517215895,500.0,-0.0850058971618024
1772002130.8549328,3.550756441412886,2.0749636233669824,2.802280850536877,500.0,-0.07496362336698237
1772002130.863079,3.56807286592509,2.081106180636392,1.2579009451926373,500.0,-0.08110618063639219
1772002130.867116,3.576731938011592,2.078177300760415,2.2978613063845037,500.0,-0.07817730076041496
1772002130.8714569,3.5854051891898466,2.081580282781127,1.5449366176073316,500.0,-0.08158028278112717
1772002130.875549,3.594056375429613,2.0762846975439064,1.924364007824422,500.0,-0.07628469754390643
1772002130.8798075,3.6027188411422486,2.0789917710325607,1.6414767404478767,500.0,-0.07899177103256072
1772002130.8836968,3.6113858700105492,2.0800869283921304,1.7487641205227915,500.0,-0.08008692839213039
1772002130.8878436,3.620050048693933,2.0794028840120546,1.9212448536446407,500.0,-0.07940288401205464
1772002130.896272,3.637362929369863,2.076599036616406,2.1855887428860403,500.0,-0.07659903661640621
1772002130.9006987,3.6460414134938706,2.082836189761844,1.9178105421098472,500.0,-0.08283618976184393
1772002130.9046276,3.6546959840362834,2.0770969301791204,1.9235494766554868,500.0,-0.07709693017912045
1772002130.9088912,3.6633682326447574,2.0813396660337933,1.4636002897100497,500.0,-0.08133966603379328
1772002130.9130855,3.67201278354355,2.074692215710222,1.9259535244841612,500.0,-0.07469221571022189
1772002130.917249,3.680696843959958,2.084174499937946,1.9164709260657726,500.0,-0.08417449993794612
1772002130.9254472,3.698024832313474,2.083484130998373,1.917160642373949,500.0,-0.08348413099837293
1772002130.9295514,3.7066591932902515,2.0722466344266492,3.5268200726067787,500.0,-0.07224663442664925
1772002130.934122,3.715351381920088,2.086125271160811,0.7155235267716165,500.0,-0.08612527116081115
1772002130.93808,3.723990585106279,2.0734087646857997,1.9272349968746876,500.0,-0.07340876468579971
1772002130.9421718,3.732682814922177,2.086135155815453,0.34455673109104135,500.0,-0.08613515581545306
1772002130.9465146,3.7413028837213984,2.0688165118131665,1.9318265774189636,500.0,-0.0688165118131665
1772002130.9506612,3.75000624299711,2.0888062261708025,0.006315222839320178,500.0,-0.08880622617080247
1772002130.9588797,3.7673272636183657,2.086570810232897,0.03148274505396387,500.0,-0.08657081023289681
1772002130.962984,3.7759429132842692,2.067755919816866,1.9328858748436317,500.0,-0.0677559198168658
1772002130.9671218,3.7846472220420075,2.0890341018571923,-0.7949025054383503,500.0,-0.0890341018571923
1772002130.971276,3.7932718548347273,2.0699118702527617,4.410959731422789,500.0,-0.06991187025276169
1772002130.9756203,3.801980306077729,2.0900282983203593,-0.18109902559700375,500.0,-0.0900282983203593
1772002130.97968,3.81058954570772,2.0662175111978733,4.664034978095501,500.0,-0.06621751119787334
1772002130.9880137,3.827920061651565,2.0690642346056607,4.367185774837688,500.0,-0.06906423460566069
1772002130.9922733,3.8366342001638376,2.091393242945399,-0.4103735239283513,500.0,-0.09139324294539897
1772002130.9964113,3.8452418091005414,2.065826144808949,4.871784783976,500.0,-0.06582614480894922
1772002131.0006428,3.8539531787685255,2.090728720316156,-0.6107287109851751,500.0,-0.09072872031615598
1772002131.004604,3.8625719628724933,2.068508184952235,1.9321303196263402,500.0,-0.06850818495223487
1772002131.0086484,3.8712564125454922,2.0842679215197517,1.9163702967733667,500.0,-0.08426792151975171
1772002131.0173378,3.8885800975496916,2.088324522870441,0.022357926303158807,500.0,-0.08832452287044079
1772002131.0215333,3.897208001287664,2.070696897113477,3.5711305554616217,500.0,-0.07069689711347715
1772002131.0254543,3.9059050179963153,2.0872840100762566,1.9133528962699022,500.0,-0.08728401007625664
1772002131.0297832,3.914514196277292,2.0662027874343343,4.025383950877934,500.0,-0.06620278743433428
1772002131.0338764,3.9232207185944605,2.089565356120447,1.9110708977401056,500.0,-0.0895653561204468
1772002131.038386,3.9318441355583005,2.06962007132157,3.5120521902098654,500.0,-0.06962007132157
1772002131.0422313,3.940558515318151,2.091451142364098,-0.49491528697533527,500.0,-0.09145114236409801
1772002131.050721,3.95787062481314,2.0875428536002496,0.08701531468516288,500.0,-0.0875428536002496
1772002131.0550144,3.9665010870705566,2.071310941779932,3.1944864044611387,500.0,-0.0713109417799318
1772002131.0591314,3.975204745844623,2.0888781057760126,0.4171917159229952,500.0,-0.08887810577601263
1772002131.063261,3.983807565119465,2.064676625962038,1.9359572741844642,500.0,-0.06467662596203816
1772002131.0672174,3.992518366444023,2.0905923178938948,-0.9560968677777195,500.0,-0.09059231789389477
1772002131.071263,4.001137343814816,2.068554568990103,4.762021860488584,500.0,-0.06855456899010282
1772002131.0797572,4.018437402168914,2.070554287979759,1.9300783501285734,500.0,-0.07055428797975916
1772002131.0838814,4.027129955377262,2.0862127700036397,0.21735408962993352,500.0,-0.0862127700036397
1772002131.0880089,4.03576567459939,2.0725726133106392,3.541908845358608,500.0,-0.07257261331063924
1772002131.0922627,4.044462762454329,2.0873010851852705,0.24709488867907714,500.0,-0.08730108518527047
1772002131.0962324,4.0530621242904985,2.0638468406806254,5.1608477957073,500.0,-0.0638468406806254
1772002131.1006804,4.061771646923827,2.090285431998675,-0.6640360467699851,500.0,-0.09028543199867478
1772002131.1048117,4.070386956097933,2.067674201785538,4.145575270835675,500.0,-0.06767420178553785
1772002131.1129954,4.087706441939703,2.0660452742638937,1.9345847519074395,500.0,-0.06604527426389373
1772002131.117337,4.096405217070088,2.0877060312922127,1.9129236942722612,500.0,-0.08770603129221266
1772002131.1216753,4.10503313846119,2.0707011338644685,3.3704474758527785,500.0,-0.07070113386446852
1772002131.1254358,4.1137373539095705,2.0890117076113084,-0.5006358740603254,500.0,-0.08901170761130839
1772002131.1295962,4.122356153678241,2.0685119444809454,4.630657018783037,500.0,-0.06851194448094544
1772002131.1338496,4.131046751709267,2.08574352744628,-0.06999660379996753,500.0,-0.08574352744627989
1772002131.142176,4.148379069656147,2.086449218681164,0.2857564158643968,500.0,-0.08644921868116384
1772002131.1460707,4.15704278048327,2.0792905985094947,3.2822627917047336,500.0,-0.07929059850949471
1772002131.1505241,4.1656911143097,2.0756001183433677,2.365866988853897,500.0,-0.07560011834336766
1772002131.1545494,4.17437551005981,2.084254980026392,0.7017796940329755,500.0,-0.08425498002639209
1772002131.1588452,4.18302495333689,2.075866386499166,2.8926915554727515,500.0,-0.075866386499166
1772002131.16286,4.191681980358771,2.0776864852515042,1.6321187610430061,500.0,-0.07768648525150423
1772002131.1671638,4.200338621942404,2.0775939800718897,1.9338961831387673,500.0,-0.07759398007188967
1772002131.1754775,4.217671046491022,2.0773223074769254,2.576498710172391,500.0,-0.07732230747692537
1772002131.1795373,4.226334192344261,2.0791550047774803,1.921469781822927,500.0,-0.07915500477748028
1772002131.183842,4.234982373247244,2.075563416715926,2.3438021607689734,500.0,-0.07556341671592604
1772002131.1880205,4.2436666533166285,2.0842272166521347,0.9262440266729517,500.0,-0.08422721665213473
1772002131.1921468,4.252315553379901,2.0757360151854978,2.9557034046099973,500.0,-0.07573601518549777
1772002131.1960034,4.260963465677678,2.075498951466349,1.9769456357104136,500.0,-0.07549895146634888
1772002131.2047014,4.278295230115631,2.080045807264981,1.867507791371264,500.0,-0.08004580726498078
1772002131.2089467,4.28695964095204,2.07945860073803,1.9815296271929417,500.0,-0.0794586007380298
1772002131.212792,4.295620148716576,2.078521863488579,2.0907252343702427,500.0,-0.07852186348857915
1772002131.217123,4.3042706113576985,2.0761110338692133,2.2209344621734473,500.0,-0.07611103386921325
1772002131.2212195,4.3129525353901546,2.083661767789348,0.8604101726072348,500.0,-0.08366176778934786
1772002131.2257698,4.321601272285793,2.0756968549532795,2.634584742010408,500.0,-0.07569685495327949
1772002131.2294664,4.330248905246173,2.075431910491163,1.974605636204563,500.0,-0.07543191049116293
1772002131.2379332,4.347578138023965,2.078891893969457,2.0904699506253204,500.0,-0.07889189396945717
1772002131.2422597,4.356246782293076,2.0804746245867296,1.920145233836742,500.0,-0.0804746245867296
1772002131.2467067,4.364906820666356,2.078409209587062,2.087219409940542,500.0,-0.0784092095870621
1772002131.2505522,4.373560136930675,2.0767959034366426,2.106892532114062,500.0,-0.07679590343664255
1772002131.2547097,4.382237631483277,2.0825986926243862,1.266164495289832,500.0,-0.08259869262438624
1772002131.2588415,4.390891170960546,2.076849474544585,2.6202013693802018,500.0,-0.07684947454458513
1772002131.2671452,4.408201997304293,2.073332498707804,2.9216754423550815,500.0,-0.07333249870780412
1772002131.2711658,4.416894427776832,2.0861833134092995,1.9144342723143866,500.0,-0.08618331340929952
1772002131.2754421,4.425532788939804,2.073206679113345,3.6859872572150016,500.0,-0.073206679113345
1772002131.2794833,4.434212209883339,2.083061026448385,0.34673866479572224,500.0,-0.08306102644838509
1772002131.2836936,4.442849033602871,2.072837692687926,1.9277788905285074,500.0,-0.07283769268792595
1772002131.2881758,4.451541573007618,2.086209457139248,0.5774521987853749,500.0,-0.08620945713924799
1772002131.292108,4.460178772392484,2.0729278523678456,3.626074889158366,500.0,-0.0729278523678456
1772002131.3004692,4.4774937725634,2.06968794532787,4.190753586596024,500.0,-0.06968794532786982
1772002131.304663,4.48619578664823,2.0884833803591865,1.9121315648526092,500.0,-0.08848338035918646
1772002131.308997,4.494825516585789,2.071135185014143,3.5902749438437187,500.0,-0.07113518501414307
1772002131.3130262,4.503528169668118,2.088636739759083,-0.03257454467671206,500.0,-0.08863673975908304
1772002131.3173325,4.5121402592996915,2.066901511577601,4.1271356721804935,500.0,-0.06690151157760083
1772002131.321431,4.520848855174719,2.090063010006456,-0.5333831104408406,500.0,-0.09006301000645589
1772002131.3299506,4.538181554937824,2.0907034079374593,0.04211782787857343,500.0,-0.09070340793745935
1772002131.3338435,4.546789104562124,2.0658119098318477,4.782465476699922,500.0,-0.0658119098318477
1772002131.3380606,4.555502008895222,2.091097039943651,-0.9704174470177973,500.0,-0.09109703994365104
1772002131.3420703,4.564119087755513,2.0680989264698377,5.200995178584362,500.0,-0.06809892646983773
1772002131.3462102,4.572808267539162,2.085403148075636,-0.5907618195475579,500.0,-0.08540314807563609
1772002131.3503742,4.581426976518036,2.068490154929756,1.932121166183265,500.0,-0.06849015492975585
1772002131.354973,4.590134852684468,2.0898902799437753,0.18001682397994156,500.0,-0.0898902799437753
1772002131.3631978,4.607469409184913,2.090993736621201,-0.06255066075546933,500.0,-0.09099373662120103
1772002131.3670783,4.616081937196802,2.0670067228536046,5.172519252364001,500.0,-0.06700672285360465
1772002131.3714836,4.6247844673462115,2.088607235858191,-0.3845531438126297,500.0,-0.08860723585819086
1772002131.3755722,4.633411039977314,2.070377431464433,1.9302318988033054,500.0,-0.0703774314644332
1772002131.379755,4.642119005149956,2.089911641434251,-0.10362136919499053,500.0,-0.0899116414342509
1772002131.3838196,4.650730690753652,2.066804544887044,4.668708885047759,500.0,-0.06680454488704379
1772002131.3924372,4.668060378745843,2.0702991096253522,3.5832192038805775,500.0,-0.07029910962535224
1772002131.3962722,4.676757192115581,2.08723520873701,1.9133725085497033,500.0,-0.08723520873701007
1772002131.4005597,4.685362950205174,2.065381941502252,1.9352254184791544,500.0,-0.06538194150225207
1772002131.4047484,4.6940727016462125,2.0903403458492558,-0.7274185741795307,500.0,-0.09034034584925577
1772002131.4088612,4.702693146745762,2.0689068238918944,1.9316998873499784,500.0,-0.0689068238918944
1772002131.413232,4.711642497997542,2.147844300427168,-4.0,500.0,-0.14784430042716812
1772002131.417248,4.720348453226891,2.0894292550436697,8.002176123161401,500.0,-0.08942925504366972
1772002131.4255106,4.737334932359327,2.0313509339240436,1.969254340057872,500.0,-0.031350933924043645
1772002131.4296544,4.745630083012359,1.9908361567275685,6.833936283388106,500.0,0.009163843272431471
1772002131.4338458,4.753988912767291,2.0061191411836305,0.2346649777231868,500.0,-0.00611914118363055
1772002131.4379423,4.7622658007135215,1.9864531070954012,4.630657247250509,500.0,0.013546892904598762
1772002131.4420667,4.7705921947316225,1.998334564344175,0.3528062549207622,500.0,0.0016654356558249983
1772002131.4505765,4.786981916781314,1.9705786336469828,2.030026782772216,500.0,0.029421366353017175
1772002131.4547508,4.795164727381443,1.9638745440309473,2.7982473138303074,500.0,0.0361254559690527
1772002131.4587154,4.803453049669962,1.989197349244457,-1.5662436557246961,500.0,0.010802650755542986
1772002131.4629884,4.811858609920205,2.017334460058434,1.9832712419057272,500.0,-0.017334460058433976
1772002131.467208,4.820212124838289,2.004843580340179,1.9957620576106077,500.0,-0.004843580340179177
1772002131.475564,4.836869402037128,2.004089316488392,0.7894702373558515,500.0,-0.0040893164883919475
1772002131.4796395,4.8454368578504585,2.0561893951992016,-4.0,500.0,-0.05618939519920163
1772002131.4840598,4.853976883927687,2.0496062585348165,2.561033372074173,500.0,-0.04960625853481648
1772002131.4881,4.862521617954066,2.05073616633091,1.8283516324931592,500.0,-0.05073616633091005
1772002131.4921358,4.871030231474782,2.0420672449718595,1.9585377065059502,500.0,-0.04206724497185954
1772002131.500358,4.888072369785679,2.0443670080993126,1.9562375822053302,500.0,-0.0443670080993126
1772002131.504684,4.896582073250472,2.042328831550414,2.2074189434259033,500.0,-0.04232883155041378
1772002131.508852,4.905068656636192,2.036780012572748,2.5981937842438283,500.0,-0.03678001257274799
1772002131.5130591,4.913544370433524,2.0341713113596205,2.2663076774631987,500.0,-0.03417131135962048
1772002131.517278,4.922026426173497,2.035693377593646,1.797020782613135,500.0,-0.03569337759364588
1772002131.5211897,4.930510949601095,2.036285622623464,1.8762701120690408,500.0,-0.0362856226234638
1772002131.5298753,4.9474441235641375,2.030865351382622,2.184179735363262,500.0,-0.03086535138262203
1772002131.533965,4.955879976978799,2.0246048195186175,2.5991625689288886,500.0,-0.024604819518617482
1772002131.5381434,4.964355080650153,2.034024881124946,1.0423537680759234,500.0,-0.03402488112494595
1772002131.542036,4.972800329143846,2.0268596384863367,3.08992569736934,500.0,-0.026859638486336657
1772002131.5462387,4.981249710621171,2.027851554558019,1.8302110764282922,500.0,-0.02785155455801913
1772002131.5546649,4.998105534333754,2.0248398012026567,1.4695011941271634,500.0,-0.02483980120265672
1772002131.5592153,5.006544016572167,2.0252357372190692,1.975366965016505,500.0,-0.025235737219069243
1772002131.5631583,5.014966767150823,2.021460138877505,2.3386431976270945,500.0,-0.021460138877504864
1772002131.5671215,5.023384589680029,2.0202774070095724,2.1285727642876147,500.0,-0.020277407009572368
1772002131.571427,5.031788795907165,2.017009494512443,1.9835929420441902,500.0,-0.017009494512442824
1772002131.57566,5.040200791262223,2.018878885214124,1.803624831015737,500.0,-0.018878885214124175
1772002131.5841038,5.057004558423371,2.012765938396006,1.9878362655800108,500.0,-0.012765938396006149
1772002131.5879796,5.065390169122197,2.0125465677182666,1.9880555865233387,500.0,-0.012546567718266566
1772002131.59211,5.073761018928983,2.009003953628592,2.444437783654048,500.0,-0.009003953628591965
1772002131.596403,5.082166590991547,2.0173372950153374,1.983264764743517,500.0,-0.01733729501533743
1772002131.6007922,5.090522934504626,2.0055224431387773,1.9950795523930254,500.0,-0.0055224431387772555
1772002131.6087124,5.107281670297906,2.011843020169407,1.7607422756676971,500.0,-0.01184302016940686
1772002131.6130207,5.115605814416283,1.9977945884106234,3.5862374235689627,500.0,0.0022054115893765935
1772002131.617003,5.123996038955416,2.0136538893918376,-0.48013515571216514,500.0,-0.013653889391837648
1772002131.6213567,5.132331324616387,2.0004685586331306,3.531549978227739,500.0,-0.0004685586331305558
1772002131.625573,5.140647957789385,1.9959919615195323,2.4808612202683387,500.0,0.004008038480467713
1772002131.6338415,5.157309668759478,2.0014449130069463,1.4830370006272664,500.0,-0.001444913006946269
1772002131.6379602,5.165605353081849,1.9909642373692602,3.3228307480013997,500.0,0.009035762630739796
1772002131.6420832,5.1739068205983685,1.992352203964496,2.008249696180036,500.0,0.007647796035503918
1772002131.6462893,5.182216742482757,1.9943812522532844,1.7258106173097292,500.0,0.005618747746715558
1772002131.65049,5.190479485979749,1.983058439277992,2.017543522759303,500.0,0.01694156072200803
1772002131.658841,5.207051459373719,1.9783534943943137,4.406018652402205,500.0,0.02164650560568626
1772002131.662969,5.2153309927606015,1.9870880128517399,0.9276237610510627,500.0,0.01291198714826014
1772002131.6671603,5.223569795354396,1.9773126225107345,3.170169529585975,500.0,0.022687377489265526
1772002131.6712863,5.231863851915068,1.9905735745613626,2.010028695865458,500.0,0.009426425438637365
1772002131.6755588,5.240099474668662,1.9765494608626268,2.0240528594031812,500.0,0.02345053913737316
1772002131.6838684,5.256567676152159,1.9768932753779542,2.023709244147715,500.0,0.02310672462204577
1772002131.6880815,5.264784997592073,1.9721571455793727,2.028445475947399,500.0,0.027842854420627283
1772002131.6920059,5.2728995499648,1.9474925694545024,5.803023370302385,500.0,0.05250743054549756
1772002131.696412,5.280846356589432,1.9072335899117072,6.677241793784425,500.0,0.09276641008829278
1772002131.7046738,5.296315259062453,1.8463622197498384,4.487641465610043,500.0,0.15363778025016162
1772002131.7088838,5.303900704860363,1.8205069914982215,2.18009765691134,500.0,0.17949300850177852
1772002131.713554,5.3114262455540056,1.8061297664742095,2.1944757413765803,500.0,0.19387023352579047
1772002131.7212918,5.326283206358305,1.7765205293527113,2.2240865555702247,500.0,0.22347947064728868
1772002131.7253203,5.333651602142192,1.768414988132868,3.6819628929032318,500.0,0.2315850118671321
1772002131.729516,5.3409560783907235,1.753074299647694,4.8724611770656425,500.0,0.246925700352306
1772002131.7377791,5.355381083683788,1.7267801352106102,4.005083752776367,500.0,0.27321986478938975
1772002131.7418687,5.362573194239941,1.7261065334766943,2.4410666460812687,500.0,0.2738934665233057
1772002131.750181,5.376840068378381,1.7088904493887778,3.8626665301441956,500.0,0.29110955061122223
1772002131.7543573,5.3839521203292104,1.7068924681991962,2.293723296033046,500.0,0.29310753180080384
1772002131.758752,5.391030271035829,1.6987561695885385,3.545070700526463,500.0,0.3012438304114615
1772002131.7672405,5.4050790763632355,1.684050501923898,2.7447140696345276,500.0,0.31594949807610195
1772002131.7710037,5.41209405260207,1.683594297320282,2.4220175600588036,500.0,0.316405702679718
1772002131.779396,5.426024228557755,1.6689502644513834,3.4339963269470477,500.0,0.3310497355486166
1772002131.7835143,5.432973516450274,1.6678290942045966,2.3327958399071194,500.0,0.3321709057954034
1772002131.7918448,5.446795379654634,1.6550754017532963,4.048803496511706,500.0,0.34492459824670374
1772002131.7960467,5.453677730788862,1.651764272214841,2.3488648963723984,500.0,0.3482357277851591
1772002131.8002675,5.460558507136432,1.651386323416705,2.349244307659946,500.0,0.348613676583295
1772002131.808749,5.474212911028961,1.6357408171247045,2.3648928409673164,500.0,0.36425918287529546
1772002131.812717,5.4810232322787416,1.6344770999471874,2.611831889039203,500.0,0.3655229000528126
1772002131.8209987,5.494525258756796,1.6169848494866605,3.8833973810262563,500.0,0.38301515051333945
1772002131.8252676,5.5012456389549875,1.6128912475659298,3.2247899094309442,500.0,0.38710875243407017
1772002131.8335695,5.51457207612092,1.5932398554991327,2.4074032051309033,500.0,0.4067601445008673
1772002131.8376622,5.521198510811645,1.5903443257740242,3.0892511839356844,500.0,0.4096556742259758
1772002131.8459969,5.534410603897169,1.5808466000019363,4.609790778690668,500.0,0.41915339999806367
1772002131.8502076,5.540977128091122,1.5759658065488908,2.4246841042569,500.0,0.42403419345110915
1772002131.8585236,5.554062012673985,1.5647941690966987,2.4358592886421544,500.0,0.43520583090330134
1772002131.8627024,5.560556812421466,1.5587519393956002,2.4419033307212077,500.0,0.4412480606043998
1772002131.8711205,5.57348097187618,1.5456289898014033,2.4550299960520605,500.0,0.4543710101985967
1772002131.879282,5.586301543069733,1.537593843631589,2.463068904895107,500.0,0.462406156368411
1772002131.8836038,5.592662956847911,1.5267393067628043,2.4739254487569355,500.0,0.47326069323719566
1772002131.891876,5.605321704346504,1.5176356889157254,3.0798422230641322,500.0,0.4823643110842746
1772002131.8962026,5.611602225197089,1.5073250041404938,3.971846511841066,500.0,0.49267499585950625
1772002131.9044504,5.624079331192953,1.4971573199113772,2.5367755375141234,500.0,0.5028426800886228
1772002131.9085648,5.630293298695485,1.4913522006077187,3.6862883854521535,500.0,0.5086477993922813
1772002131.9168115,5.642644804648849,1.4816291806746051,2.861129640710672,500.0,0.5183708193253949
1772002131.9252267,5.654913845017332,1.4688863942380719,3.937012475694765,500.0,0.5311136057619281
1772002131.9293435,5.661027365957706,1.4672450256895702,2.9671056298703453,500.0,0.5327549743104298
1772002131.9377544,5.67317595578583,1.4541350366614143,2.5465572411767505,500.0,0.5458649633385857
1772002131.9460359,5.68525170545956,1.4461872804722335,4.061049198479298,500.0,0.5538127195277665
1772002131.9501595,5.691244303152823,1.4382234463831727,4.5316866309377755,500.0,0.5617765536168273
1772002131.9585607,5.703155231838902,1.4228662499991724,5.2024100094106975,500.0,0.5771337500008276
1772002131.9668267,5.714948339466625,1.4146552159723178,2.5860534136809843,500.0,0.5853447840276822
1772002131.971019,5.720790551849887,1.402130971982815,5.583266856478688,500.0,0.597869028017185
1772002131.979372,5.73242261180845,1.3956828823157836,2.605033218138815,500.0,0.6043171176842164
1772002131.987694,5.743932850995703,1.3785768174774926,3.769565342595766,500.0,0.6214231825225074
1772002131.9961038,5.755370032126064,1.3667854620119444,4.772785863601168,500.0,0.6332145379880556
1772002132.0002494,5.761044164272163,1.3617917150638312,3.6822893941418755,500.0,0.6382082849361688
1772002132.008779,5.7725817399715025,1.3985197666740978,-1.3302027533932614,500.0,0.6014802333259022
1772002132.0170708,5.784565049604129,1.465833002340792,-4.0,500.0,0.534166997659208
1772002132.0212584,5.790710239894445,1.4748456696758103,2.5258959188702272,500.0,0.5251543303241897
1772002132.0296156,5.803096693245203,1.506051382402902,-3.0770345156205887,500.0,0.49394861759709796
1772002132.0378745,5.81560242820433,1.4979035677305956,2.502846482102156,500.0,0.5020964322694044
1772002132.04199,5.821967594961201,1.5276400216490384,-2.649012240098697,500.0,0.47235997835096155
1772002132.0503802,5.834571499340582,1.5069803078263984,4.173247125425606,500.0,0.49301969217360164
1772002132.0546284,5.8409399359274214,1.528424780841498,-0.3166476131180702,500.0,0.4715752191585021
1772002132.0626996,5.853543793667339,1.5093330525636226,3.8879878038438735,500.0,0.4906669474363774
1772002132.0712597,5.866055327292424,1.4955066378104016,2.505259656258607,500.0,0.5044933621895984
1772002132.075313,5.872239836103371,1.4842821146274638,4.463913845438796,500.0,0.5157178853725362
1772002132.083674,5.884561213835375,1.4730756039608008,4.353312196877804,500.0,0.5269243960391992
1772002132.0876887,5.8906749380706795,1.4672938164730223,3.7731269646051167,500.0,0.5327061835269777
1772002132.0960524,5.902869451334288,1.4600299754628174,3.8534415493767984,500.0,0.5399700245371826
1772002132.104344,5.914944659929633,1.4482877388095354,2.5524960410876743,500.0,0.5517122611904646
1772002132.1086292,5.9209524909524545,1.4418794454770716,3.6302900870152532,500.0,0.5581205545229284
1772002132.116836,5.93289278423066,1.4317075600921478,3.079360958065612,500.0,0.5682924399078522
1772002132.1252792,5.944746705999792,1.4182783617120311,4.216298712529488,500.0,0.5817216382879689
1772002132.1293514,5.950644867197617,1.4155586874779758,3.2202923258670735,500.0,0.5844413125220242
1772002132.1377506,5.962498807505843,1.418790171867177,3.965772303451658,500.0,0.5812098281328231
1772002132.1460998,5.974334911669516,1.4247577451046802,1.021216464837429,500.0,0.5752422548953198
1772002132.1502144,5.980238054783579,1.41675434737532,4.254139444475913,500.0,0.5832456526246801
1772002132.1586292,5.992081769852861,1.4285505681891881,2.572264412354789,500.0,0.5714494318108119
1772002132.1668694,6.003908669769367,1.417828360663415,2.582991353845105,500.0,0.582171639336585
1772002132.1752903,6.015818374959059,1.4242970982211796,4.2296349609743595,500.0,0.5757029017788204
1772002132.1793618,6.021741149287817,1.4214658389020411,3.204369599277704,500.0,0.5785341610979589
1772002132.1877341,6.033647992307662,1.4240048646913177,4.401876331785282,500.0,0.5759951353086823
1772002132.1961935,6.045547559049822,1.434880886231,2.5659556680969056,500.0,0.5651191137689999
1772002132.2002935,6.051477971759,1.423299050202458,4.650190116764877,500.0,0.5767009497975419
1772002132.208641,6.0633532491317155,1.4311264217255781,0.5837847976508277,500.0,0.5688735782744219
1772002132.2170424,6.075155331282315,1.4134568746002805,2.5873916563557473,500.0,0.5865431253997195
1772002132.2210908,6.081097403386194,1.4260973049311112,0.12022548790550801,500.0,0.5739026950688888
1772002132.2295299,6.092829655289517,1.4024824809043075,4.244097579621456,500.0,0.5975175190956925
1772002132.237779,6.104542562771215,1.3993016112357002,4.723261074164973,500.0,0.6006983887642998
1772002132.242009,6.110331823193502,1.389422501348955,4.119575087748008,500.0,0.610577498651045
1772002132.2502623,6.121930843856806,1.3858871667675756,4.783922537421029,500.0,0.6141128332324244
1772002132.258658,6.133482956924471,1.3917301459215838,2.6091433103854116,500.0,0.6082698540784162
1772002132.2669063,6.144963513576825,1.3749884486406443,3.6518090428916823,500.0,0.6250115513593557
1772002132.2710316,6.150760351452535,1.3912410901703582,-1.0876356318501728,500.0,0.6087589098296418
1772002132.279435,6.162233105986,1.373955606603918,2.626930641832705,500.0,0.626044393396082
1772002132.2877944,6.173775617219239,1.3787445284205133,2.622146885176515,500.0,0.6212554715794867
1772002132.2960463,6.1852780600708845,1.387599281068683,-0.37820166299850216,500.0,0.612400718931317
1772002132.3002422,6.191004604722795,1.374370716458469,5.290855987144823,500.0,0.6256292835415309
1772002132.3086436,6.202454614720237,1.3794455453210768,0.8426670175073345,500.0,0.6205544546789232
1772002132.3168538,6.21381578173208,1.3603988348799196,3.9164062302198746,500.0,0.6396011651200804
1772002132.32536,6.225102987819978,1.3487965282581893,4.55215151821354,500.0,0.6512034717418107
1772002132.3294134,6.230704920961707,1.3444639540149883,3.5197379635598196,500.0,0.6555360459850117
1772002132.3377047,6.241886977246012,1.3369390584410363,2.6639840522009623,500.0,0.6630609415589637
1772002132.3460898,6.252965606615743,1.324818676100628,2.676109984624381,500.0,0.675181323899372
1772002132.3543518,6.263945266114537,1.3173969190871482,2.7589805493164437,500.0,0.6826030809128518
1772002132.3627582,6.27480411255596,1.3004007347672806,2.700539333768701,500.0,0.6995992652327194
1772002132.3669937,6.280222941993594,1.300519065032342,2.7004239891170596,500.0,0.6994809349676581
1772002132.3752208,6.291034361192995,1.2950778341528875,3.620526405944238,500.0,0.7049221658471125
1772002132.3835912,6.301985988686022,1.31289691395325,2.6880576945848724,500.0,0.68710308604675
1772002132.3919091,6.312973450323257,1.3280421851852464,-0.9508043803081695,500.0,0.6719578148147536
1772002132.400148,6.323966263025373,1.3173022357938582,3.560276662886421,500.0,0.6826977642061418
1772002132.4085588,6.335020233397611,1.3217911437826801,2.679180453550549,500.0,0.6782088562173199
1772002132.4127257,6.340511749159918,1.3179637829539224,2.6830106279559116,500.0,0.6820362170460776
1772002132.4210308,6.351568600300941,1.3215975725288829,4.845006808752473,500.0,0.6784024274711171
1772002132.4294658,6.362609334152562,1.3324433323211893,0.1659481809424677,500.0,0.6675566676788107
1772002132.4377532,6.373596835148556,1.316133428516028,3.566734346204073,500.0,0.683866571483972
1772002132.4460473,6.384568706306273,1.311097430657608,4.882086085879614,500.0,0.688902569342392
1772002132.4502072,6.390016029104906,1.3073574716719027,3.514389274577003,500.0,0.6926425283280973
1772002132.4585626,6.400820512783231,1.2925480194695553,2.708457668725465,500.0,0.7074519805304447
1772002132.4669147,6.41153189174234,1.2793566732874173,2.7216549397306666,500.0,0.7206433267125827
1772002132.475294,6.422145134339971,1.2736484243629134,2.70564212908883,500.0,0.7263515756370866
1772002132.4835734,6.432666893818521,1.2601711991030835,3.7404953046405085,500.0,0.7398288008969165
1772002132.4918587,6.4432633155751855,1.269766563987445,3.503377606011332,500.0,0.7302334360125551
1772002132.500174,6.453880677729972,1.2827381231427273,2.718297767803268,500.0,0.7172618768572727
1772002132.5086274,6.4644927376553785,1.271604445009729,3.3486893923403938,500.0,0.728395554990271
1772002132.5170045,6.475192701749714,1.2787458603329664,2.7223021195391195,500.0,0.7212541396670336
1772002132.5210185,6.480505191016998,1.2749974241480209,2.7260534828531524,500.0,0.7250025758519791
1772002132.5295198,6.491133120510966,1.2703451495610512,4.2883063536655195,500.0,0.7296548504389488
1772002132.537775,6.501676932817842,1.262803245170279,3.5951833591839555,500.0,0.7371967548297209
1772002132.5460212,6.512139576240081,1.255421819289629,2.7894939914540626,500.0,0.7445781807103711
1772002132.5543833,6.5225089655096244,1.241620681447969,3.900149876429011,500.0,0.7583793185520309
1772002132.5627444,6.532840344225105,1.2377024658341447,2.763379352587772,500.0,0.7622975341658553
1772002132.5711553,6.543193572554821,1.2516902810859976,-0.1857492531509699,500.0,0.7483097189140024
1772002132.5794287,6.553556352014612,1.2415930530222616,2.75950138454173,500.0,0.7584069469777384
1772002132.5877638,6.564009850962089,1.2490630179832611,4.716477576159251,500.0,0.7509369820167389
1772002132.596016,6.5744218370271446,1.2532965663057474,2.7478103495215818,500.0,0.7467034336942526
1772002132.604364,6.584776756243744,1.241507424683023,2.7596057527601197,500.0,0.7584925753169769
1772002132.6128032,6.59504258375538,1.2285073642667645,2.7726122355882787,500.0,0.7714926357332355
1772002132.616915,6.600160665793205,1.2283396890780034,2.8064530094634597,500.0,0.7716603109219966
1772002132.6253202,6.610305246619166,1.2147930191793925,3.7804027806026927,500.0,0.7852069808206075
1772002132.6336734,6.6204535021583,1.2131800946462714,2.787955704085163,500.0,0.7868199053537286
1772002132.6418595,6.630595986087149,1.2251179294242442,-1.1524687790667874,500.0,0.7748820705757558
1772002132.6501687,6.640720373718826,1.2131729584372895,3.6450715306183703,500.0,0.7868270415627105
1772002132.658538,6.650866688592713,1.212694241769322,2.788461070868425,500.0,0.7873057582306779
1772002132.6669247,6.660949379910559,1.2090037021484972,3.1318621183275464,500.0,0.7909962978515028
1772002132.6752176,6.670970124961216,1.2026446829258932,2.7985238470936644,500.0,0.7973553170741068
1772002132.6835668,6.680944347815151,1.1944164108127,2.8067587633198716,500.0,0.8055835891873
1772002132.6919098,6.690952867978985,1.1962810911464814,4.734465164627659,500.0,0.8037189088535186
1772002132.7001565,6.70095256559855,1.2072976892564142,-0.6745709368079451,500.0,0.7927023107435858
1772002132.7085156,6.71091153933257,1.1935507992188081,3.4687896855216063,500.0,0.8064492007811919
1772002132.7169192,6.72089223135643,1.19302372120798,4.532843316676659,500.0,0.80697627879202
1772002132.7252126,6.7308090644951,1.1884564970667872,3.461227635939909,500.0,0.8115435029332128
1772002132.7336788,6.740701598792821,1.1921847548946771,1.0782900008870513,500.0,0.8078152451053229
1772002132.7419138,6.750532788985573,1.1774694399389214,3.7428139933402136,500.0,0.8225305600610786
1772002132.750239,6.760362520685718,1.1739939120462946,4.926323565718871,500.0,0.8260060879537054
1772002132.7587063,6.770134975690921,1.1749128240031554,2.1841211127459594,500.0,0.8250871759968446
1772002132.7710443,6.7846788796291975,1.1612938400961674,3.362694612208808,500.0,0.8387061599038326
1772002132.7794037,6.7943578477512725,1.167963175177596,0.34566026481283924,500.0,0.8320368248224039
1772002132.7877731,6.804002534409688,1.1551946951277559,2.8460656731295026,500.0,0.8448053048722441
1772002132.796075,6.813684738931991,1.1563714756785854,4.904300805232568,500.0,0.8436285243214146
1772002132.8044553,6.82330501744475,1.155393340874069,2.845881059978341,500.0,0.8446066591259309
1772002132.8129094,6.832851902777487,1.1450759708186518,2.856205613249287,500.0,0.8549240291813482
1772002132.8211458,6.842339440302009,1.135553116168078,2.865735505580475,500.0,0.8644468838319219
1772002132.829442,6.851896799291691,1.1424496257455954,4.482885391007814,500.0,0.8575503742544046
1772002132.837746,6.861438484584963,1.151583822212259,0.15159547512455007,500.0,0.848416177787741
1772002132.8460267,6.870933258857709,1.1380597184512524,3.4185557144632903,500.0,0.8619402815487476
1772002132.8545902,6.880353786122982,1.127013705064846,2.874303602531337,500.0,0.8729862949351539
1772002132.8669002,6.89436364512035,1.1153009825477054,3.8400941194775875,500.0,0.8846990174522946
1772002132.8752382,6.903723302689095,1.1178471693972838,4.9123144871132105,500.0,0.8821528306027162
1772002132.883778,6.913018352526591,1.115679318052943,2.8856636814647696,500.0,0.884320681947057
1772002132.8918564,6.922260629060706,1.10927419637201,2.7978082858946127,500.0,0.8907258036279899
1772002132.9001637,6.931451242591185,1.1008249071500382,2.900532716714983,500.0,0.8991750928499618
1772002132.9086075,6.940692300619379,1.1043286483453265,4.653369423474672,500.0,0.8956713516546735
1772002132.9210324,6.954496648509926,1.1012298752218277,2.9001463935368816,500.0,0.8987701247781723
1772002132.9294245,6.96366465481461,1.0994873639842797,3.1726610059739766,500.0,0.9005126360157203
1772002132.9377553,6.972858196670403,1.1121362517357258,2.8892550850547956,500.0,0.8878637482642742
1772002132.9460783,6.982043074915658,1.1005322900867032,3.518903345712092,500.0,0.8994677099132968
1772002132.954377,6.991290132301157,1.1043840555140754,5.08798111596675,500.0,0.8956159444859246
1772002132.9627638,7.000453949288792,1.0969348418053002,3.8801896748367244,500.0,0.9030651581946998
1772002132.9752066,7.014117955728697,1.0886619628318133,2.91276297842998,500.0,0.9113380371681867
1772002132.9835832,7.023195119666444,1.0939181907146671,2.9075143750460333,500.0,0.9060818092853329
1772002132.991821,7.03220989872792,1.08050053008134,3.522112824139478,500.0,0.91949946991866
1772002133.0002291,7.041161056478401,1.0707463239252877,4.312218161564558,500.0,0.9292536760747123
1772002133.0086253,7.050130778125105,1.0707116408281865,5.0508429503636565,500.0,0.9292883591718135
1772002133.0210414,7.063514269192799,1.0673163266524295,5.0922636792902445,500.0,0.9326836733475705
1772002133.0295267,7.072380852999216,1.0627189879213552,2.9387560474305383,500.0,0.9372810120786448
1772002133.0377545,7.081234012340384,1.068425281086355,0.3859705955074122,500.0,0.931574718913645
1772002133.0460267,7.090026808658763,1.0534227632798154,3.6669153337936966,500.0,0.9465772367201846
1772002133.0585864,7.103244938444121,1.0528246229485905,3.2971390247884744,500.0,0.9471753770514095
1772002133.066841,7.111982999460269,1.0455172677553892,4.393392315896116,500.0,0.9544827322446108
1772002133.0751643,7.12076042375435,1.0474181887569893,5.7295365686050665,500.0,0.9525818112430107
1772002133.087738,7.133796969985959,1.0378721155068709,4.758192676792631,500.0,0.9621278844931291
1772002133.096086,7.142413415283783,1.0305251710463639,4.39419328228729,500.0,0.9694748289536361
1772002133.1044958,7.151025726440139,1.0410907670996072,0.2470803970840436,500.0,0.9589092329003928
1772002133.1169462,7.163887041659109,1.0274727959685706,2.9740854965079704,500.0,0.9725272040314294
1772002133.125271,7.172442425508408,1.0319266028801752,0.9093427030479369,500.0,0.9680733971198248
1772002133.1335423,7.180936838724199,1.0178717071498573,3.640324172663791,500.0,0.9821282928501427
1772002133.1461515,7.193705461293162,1.0177291020570736,3.1248459802222617,500.0,0.9822708979429264
1772002133.1543422,7.202160695007614,1.0118488859089936,4.3631352322324695,500.0,0.9881511140910064
1772002133.1627398,7.210681261107719,1.016720387299504,5.466936740180953,500.0,0.9832796127004959
1772002133.1752102,7.223302643128324,1.0044093092139519,4.401131994899086,500.0,0.9955906907860481
1772002133.1836262,7.231677832981065,0.9994345933613793,4.938260508057961,500.0,1.0005654066386207
1772002133.1918452,7.240019731317805,1.005405318966567,0.930331492849784,500.0,0.994594681033433
1772002133.2045255,7.252465792421873,0.9960819216945588,2.8600244929156435,500.0,1.0039180783054413
1772002133.212699,7.260802961306357,1.010406424808187,-1.225275328857963,500.0,0.989593575191813
1772002133.2252898,7.273263091117204,0.9937550754664455,3.6183007681161707,500.0,1.0062449245335545
1772002133.233554,7.28152359087117,0.9947356529265649,1.5040444830023083,500.0,1.0052643470734353
1772002133.2459865,7.293787612418133,0.9787388269099774,3.5712606135173193,500.0,1.0212611730900227
1772002133.2544477,7.301878877205871,0.9709751702283089,3.0307199221460595,500.0,1.029024829771691
1772002133.2669709,7.314006442492517,0.9827332189391484,3.0189748026235095,500.0,1.0172667810608516
1772002133.2751937,7.322110635157401,0.971925311045838,3.310167765258669,500.0,1.0280746889541619
1772002133.283574,7.330192715652661,0.9671363171317374,3.0345887891563783,500.0,1.0328636828682627
1772002133.296013,7.342421483671811,0.9730580637494973,3.548918513931178,500.0,1.0269419362505028
1772002133.304321,7.350445821547652,0.9601083708550001,4.3763043652163915,500.0,1.039891629145
1772002133.3168583,7.3623970064143816,0.9510381473465573,3.0507212850468965,500.0,1.0489618526534428
1772002133.3252711,7.370218132010708,0.9358385043258635,4.1962455838409705,500.0,1.0641614956741365
1772002133.3377407,7.3818502140158175,0.9267568919217283,3.4602977732347098,500.0,1.0732431080782718
1772002133.3501449,7.393538569399645,0.9329057168788149,2.928468502667391,500.0,1.0670942831211851
1772002133.3585644,7.401317898203351,0.9319744958684594,3.737443922414788,500.0,1.0680255041315405
1772002133.3710303,7.413214826769442,0.9484806722903585,3.0202234799807477,500.0,1.0515193277096415
1772002133.3794339,7.421093780204292,0.9429686132918211,4.254033468189013,500.0,1.0570313867081789
1772002133.3919888,7.433059716708217,0.9522241613040647,3.0496146794958783,500.0,1.0477758386959353
1772002133.400234,7.440881733140723,0.935876751689079,4.259352101102435,500.0,1.064123248310921
1772002133.41271,7.4525185846785025,0.9257590504931316,3.5388775356107507,500.0,1.0742409495068683
1772002133.4210162,7.4601027873057335,0.9074201995317496,4.218142540794778,500.0,1.0925798004682505
1772002133.433533,7.471445259673295,0.9027283745134024,3.4607292550250994,500.0,1.0972716254865977
1772002133.446056,7.48272588729126,0.9103830256782917,0.24546828721896707,500.0,1.0896169743217083
1772002133.454456,7.4902210361064165,0.8988808879415144,3.3127778570628106,500.0,1.1011191120584856
1772002133.4669993,7.501458604723783,0.9057408358415747,0.9062520565252163,500.0,1.0942591641584252
1772002133.479447,7.512629040975042,0.89017396618395,4.097359965680266,500.0,1.10982603381605
1772002133.487744,7.520058826015525,0.8974844991762281,0.6918484630277215,500.0,1.102515500823772
1772002133.5002477,7.531138713140839,0.8845594627303682,3.598255086884755,500.0,1.1154405372696319
1772002133.5127413,7.5422147753119955,0.8841336228780379,5.253644932841742,500.0,1.1158663771219621
1772002133.5251527,7.553230333497456,0.8777260373001423,4.275655151866292,500.0,1.1222739626998577
1772002133.5336468,7.560611407339674,0.8807019134618251,5.136541786670481,500.0,1.119298086538175
1772002133.5460331,7.57156959976721,0.8725819097678428,4.166526956514418,500.0,1.1274180902321573
1772002133.558658,7.582548428152571,0.8743965559246649,3.2556989844892006,500.0,1.125603444075335
1772002133.5710654,7.5934393911586255,0.8785528312290284,0.5315945687398682,500.0,1.1214471687709717
1772002133.579433,7.600671828596491,0.8675202163315842,3.2849352743980353,500.0,1.132479783668416
1772002133.5918694,7.611480004894021,0.872230408421809,0.09608764198057475,500.0,1.1277695915781911
1772002133.604559,7.622232537401865,0.8574382236226615,3.687843212557392,500.0,1.1425617763773386
1772002133.6170309,7.632960961928198,0.8558865003235588,4.830342615165078,500.0,1.144113499676441
1772002133.6254687,7.640071690492615,0.8512705666055363,3.694836038481458,500.0,1.1487294333944638
1772002133.6379051,7.6507332608117995,0.8508802792930672,4.720184279067509,500.0,1.1491197207069328
1772002133.6501582,7.661294323978698,0.8398684686942314,4.25548027037922,500.0,1.1601315313057685
1772002133.6627152,7.671894113454601,0.8441294168354351,3.263954167294359,500.0,1.1558705831645648
1772002133.675222,7.682392381109667,0.8490817758317983,-0.021765145488466864,500.0,1.1509182241682017
1772002133.6878796,7.692845263007302,0.8320012625331015,4.187543848621315,500.0,1.1679987374668985
1772002133.7002025,7.7031927284415165,0.8234652927105017,5.069557694187852,500.0,1.1765347072894983
1772002133.7085853,7.710103661013596,0.8230252232545091,3.1791694522999965,500.0,1.176974776745491
1772002133.7210083,7.720223405370575,0.801606458707286,4.418037238242876,500.0,1.198393541292714
1772002133.7337022,7.730294090352128,0.8057624884298158,3.1964620456792145,500.0,1.1942375115701842
1772002133.746121,7.740559309214487,0.8362900696926683,0.8325421326498954,500.0,1.1637099303073317
1772002133.7586868,7.750984295569073,0.8392594966217084,3.162994480429699,500.0,1.1607405033782916
1772002133.7711174,7.761396190467226,0.8280960657189115,3.174172380329242,500.0,1.1719039342810884
1772002133.7835221,7.771732235407117,0.8202375642503644,4.010001947131484,500.0,1.1797624357496357
1772002133.7960916,7.781909607399572,0.8106234860026575,3.324438710061539,500.0,1.1893765139973425
1772002133.808677,7.791862012078031,0.7951451573573671,3.140550334830266,500.0,1.2048548426426329
1772002133.8210223,7.801633690084577,0.7736969754899153,6.4302480986847925,500.0,1.2263030245100848
1772002133.833503,7.811224936034492,0.7615687996052088,5.35157546361219,500.0,1.2384312003947913
1772002133.8460007,7.820632440833236,0.746374820103258,3.2559839364889624,500.0,1.253625179896742
1772002133.8626823,7.832764092552692,0.7200963615264484,5.45273615880791,500.0,1.2799036384735516
1772002133.8752885,7.841658461167664,0.7058777286740894,3.8840871994815,500.0,1.2941222713259106
1772002133.887805,7.850428005499745,0.6995291706246661,3.1406977894876382,500.0,1.300470829375334
1772002133.9042912,7.861771509397161,0.6714646999718624,4.292840585414172,500.0,1.3285353000281375
1772002133.9167974,7.870107251558499,0.6646739761940487,3.1228264351434056,500.0,1.3353260238059512
1772002133.933533,7.880865463102594,0.6363375114321627,3.3661356178871618,500.0,1.3636624885678374
1772002133.9501975,7.891170416902514,0.611489113402876,5.4017104640014635,500.0,1.3885108865971239
1772002133.966819,7.901190764502106,0.589345193677461,6.367142011813019,500.0,1.410654806322539
1772002133.9835157,7.9107946998416105,0.5718360971355678,3.3349752345123695,500.0,1.4281639028644322
1772002134.0000806,7.920137772232647,0.5563430036029331,3.2211793668895607,500.0,1.443656996397067
1772002134.020999,7.931224131053981,0.5140844572109524,6.737802852202043,500.0,1.4859155427890476
1772002134.0418267,7.941581103038049,0.4880112836999815,5.04871255995269,500.0,1.5119887163000185
1772002134.062672,7.951514360383759,0.4686849223980372,3.381507704246216,500.0,1.5313150776019628
1772002134.08352,7.9607467899669615,0.4243218225424134,7.304093386186831,500.0,1.5756781774575865
1772002134.1085262,7.970698724117941,0.3724830542700361,7.384515184661298,500.0,1.6275169457299639
1772002134.137846,7.981171774418535,0.42016602351010657,-4.0,500.0,1.5798339764898934
1772002134.1587162,7.9913191566093795,0.5282756387669296,6.538008039221612,500.0,1.4717243612330704
1772002134.1751885,8.00180470309869,0.6587580053817248,3.3440775834530543,500.0,1.3412419946182752
1772002134.1878183,8.010926396954506,0.7604826135734616,-4.0,500.0,1.2395173864265385
1772002134.200415,8.02025790159679,0.7443555479106666,2.366093582265006,500.0,1.2556444520893333
1772002134.216859,8.032895076865465,0.7732929026477272,-0.17906057910628714,500.0,1.2267070973522727
1772002134.2295096,8.042306568831782,0.7421987263760663,4.264284907273776,500.0,1.2578012736239337
1772002134.2418807,8.051484719962682,0.7305047893783236,3.0322364132725035,500.0,1.2694952106216764
1772002134.2544053,8.060285963180409,0.6898826621564317,7.167368475949122,500.0,1.3101173378435682
1772002134.2710407,8.07160883517156,0.6742578321178024,3.328699716334814,500.0,1.3257421678821975
1772002134.2878392,8.082391643821328,0.6350036701982738,3.7975825499319646,500.0,1.3649963298017262
1772002134.3001742,8.090034980571838,0.6104061794572235,3.3925909710345583,500.0,1.3895938205427765
1772002134.3169448,8.100246815212882,0.6273615571738668,3.3756589392358016,500.0,1.3726384428261333
1772002134.3335917,8.111567819695123,0.6857109886311572,3.317331695577966,500.0,1.3142890113688428
1772002134.3461332,8.12006131163727,0.6877421202658756,3.5746755637746155,500.0,1.3122578797341244
1772002134.36274,8.13233947096098,0.7512652978759861,3.25181518294275,500.0,1.2487347021240138
1772002134.3753345,8.1412000422913,0.668535613848956,10.0,500.0,1.331464386151044
1772002134.392025,8.151352740590182,0.5768830635144446,3.5274151999412706,500.0,1.4231169364855554
1772002134.4087899,8.160006474322216,0.5002219970322932,6.218664770543773,500.0,1.4997780029677068
1772002134.4337275,8.171877122077392,0.495430583408332,-0.5719710967310263,500.0,1.5045694165916679
1772002134.4502606,8.180822421562018,0.5825531211585415,3.4206532792281514,500.0,1.4174468788414585
1772002134.4669259,8.191237589163169,0.6805873205275484,-4.0,500.0,1.3194126794724514
1772002134.4793363,8.200143016482656,0.7304393815822886,4.525562643601476,500.0,1.2695606184177115
1772002134.496069,8.212365758176412,0.7408356250793963,3.262431456000486,500.0,1.2591643749206036
1772002134.5085504,8.221917250344887,0.7790779007275863,3.2242047528548943,500.0,1.2209220992724137
1772002134.5211005,8.232063809634587,0.8285061758899863,3.002886427094772,500.0,1.1714938241100137
1772002134.5336175,8.24330262634497,0.9033720408684991,1.8916244355945797,500.0,1.096627959131501
1772002134.542038,8.251165559748019,0.9426321463814076,3.060688650299414,500.0,1.0573678536185924
1772002134.554491,8.26393573883698,1.0229019678514355,2.974697801069419,500.0,0.9770980321485645
1772002134.5627768,8.272907171747525,1.0769678416636534,2.786689362150082,500.0,0.9230321583363466
1772002134.571073,8.282500363254579,1.158267323592471,0.16664629965712566,500.0,0.841732676407529
1772002134.5796323,8.292379127702748,1.209655189750673,-3.480020807249102,500.0,0.7903448102493269
1772002134.5879061,8.302544321264778,1.2211603777707347,2.7822017735360403,500.0,0.7788396222292653
1772002134.5960295,8.313111171916807,1.2711819033665837,1.250339585815561,500.0,0.7288180966334163
1772002134.6043668,8.323857867915654,1.3069415349808418,-4.0,500.0,0.6930584650191582
1772002134.6127706,8.33480323806654,1.313754972894962,2.57505133584268,500.0,0.686245027105038
1772002134.6170373,8.340381806984086,1.3388565402107966,-1.4461071653815183,500.0,0.6611434597892034
1772002134.6253529,8.351645361963644,1.3580464309860307,2.6453420719041927,500.0,0.6419535690139693
1772002134.6335032,8.363174894817737,1.3868353235690296,1.0858525363100715,500.0,0.6131646764309704
1772002134.6419125,8.375023272541195,1.435798883306096,-2.723057538256022,500.0,0.564201116693904
1772002134.6460829,8.381031961798397,1.4420854217284418,2.56131560517611,500.0,0.5579145782715582
1772002134.6545098,8.393397424745718,1.4990562394386036,-2.224907716471238,500.0,0.5009437605613964
1772002134.6627614,8.406046027447687,1.5240772183759739,0.22738323247030182,500.0,0.4759227816240261
1772002134.6670382,8.412495730380737,1.5479287039321823,-1.3664991177546002,500.0,0.4520712960678177
1772002134.6751566,8.425494831457906,1.5596883570744504,2.4437269477980004,500.0,0.4403116429255496
1772002134.6795292,8.43211706421028,1.5893358605699162,-2.582428651977489,500.0,0.41066413943008384
1772002134.6876674,8.445411744783152,1.5957811775452395,2.1956456869082954,500.0,0.4042188224547605
1772002134.6919644,8.452271536946592,1.646350119225208,-4.0,500.0,0.3536498807747921
1772002134.7001207,8.46608730407163,1.6580291762191843,2.272421695755092,500.0,0.34197082378081567
1772002134.7043915,8.473166680586546,1.6990503635797658,-4.0,500.0,0.3009496364202342
1772002134.708545,8.480319047189328,1.7165679846674016,-1.1932694278983687,500.0,0.28343201533259843
1772002134.716992,8.494835731993243,1.7642229106029832,-4.0,500.0,0.2357770893970168
1772002134.7211113,8.502304056809951,1.7923979560100447,2.2110331290041865,500.0,0.2076020439899553
1772002134.7294407,8.517347055226727,1.8060937798038803,2.197338977618863,500.0,0.1939062201961197
1772002134.7335498,8.525008404322762,1.8387237830483087,2.164709765104413,500.0,0.16127621695169125
1772002134.7379339,8.53274009668637,1.8556061672657398,2.147828078236786,500.0,0.1443938327342602
1772002134.7420626,8.540488959251359,1.8597270155976027,1.5624857731927635,500.0,0.14027298440239733
1772002134.7502844,8.556255927104573,1.9045319682564699,-2.1927065136729187,500.0,0.09546803174353014
1772002134.7544591,8.564212076174876,1.9094757768725392,1.1884654720178172,500.0,0.09052422312746078
1772002134.7585917,8.572177134269214,1.9116139426412015,2.091822714296341,500.0,0.08838605735879845
1772002134.762781,8.580288648539923,1.946763424970143,-4.0,500.0,0.0532365750298569
1772002134.7711449,8.596826527837726,1.9872177639628719,1.1384341977557062,500.0,0.012782236037128136
1772002134.7752774,8.605118717943654,1.9901256254227067,1.4297492789005768,500.0,0.009874374577293343
1772002134.7795043,8.613578519357434,2.0303523393070098,-4.0,500.0,-0.030352339307009757
1772002134.7836957,8.622123488512402,2.0507925971922787,-1.0410753341701486,500.0,-0.05079259719227869
1772002134.7879436,8.630727948408808,2.065070375137255,0.11189796672573027,500.0,-0.065070375137255
1772002134.7962508,8.648060825120055,2.0904721902813677,-1.0038565709238885,500.0,-0.09047219028136766
1772002134.800473,8.656682220440961,2.069134877017561,1.9343011808469033,500.0,-0.06913487701756083
1772002134.804565,8.665339429311983,2.077730129045238,0.7412752524575955,500.0,-0.0777301290452379
1772002134.808836,8.67401759549585,2.082759884127924,1.9206755504156654,500.0,-0.08275988412792401
1772002134.8129644,8.682704471142147,2.0848501551114276,1.663538188777226,500.0,-0.08485015511142757
1772002134.8171895,8.691353842832216,2.0758492056164175,3.017523277793455,500.0,-0.0758492056164175
1772002134.8215342,8.70003580144552,2.0836700671928146,1.2169668856142182,500.0,-0.08367006719281456
1772002134.8295906,8.717365384572124,2.080749572936802,1.5970222000761987,500.0,-0.08074957293680196
1772002134.8337398,8.726030999326733,2.0797475411060855,1.923685876725107,500.0,-0.0797475411060855
1772002134.837986,8.734714166086825,2.0839600224219152,1.4228201450390818,500.0,-0.08396002242191525
1772002134.8423975,8.743372279955382,2.0779473284537517,1.9254853856668805,500.0,-0.07794732845375174
1772002134.8462837,8.752044752602643,2.08139343534253,1.4795125314922193,500.0,-0.08139343534252985
1772002134.8505163,8.760710801984617,2.0798518516735753,2.098569942896241,500.0,-0.07985185167357534
1772002134.8587763,8.77805211665343,2.0784125910897617,1.9250188005944595,500.0,-0.07841259108976173
1772002134.8628438,8.78673040348086,2.0827888385829847,1.2746127575847972,500.0,-0.08278883858298469
1772002134.867548,8.795391346546895,2.0786263358481936,1.9248043508907509,500.0,-0.07862633584819356
1772002134.871178,8.80407699042301,2.084554530267388,1.0114069025265464,500.0,-0.08455453026738802
1772002134.8752797,8.812732021547891,2.077207469971684,1.9262225839727711,500.0,-0.07720746997168382
1772002134.8796191,8.821406044586224,2.0817655292001502,1.3064466166516195,500.0,-0.08176552920015023
1772002134.8838458,8.830067993858043,2.0788678252364066,2.2597246290715503,500.0,-0.07886782523640656
1772002134.89218,8.84740792618047,2.077598917074397,1.9258297755977365,500.0,-0.07759891707439692
1772002134.8963165,8.856083444024021,2.082124282452115,1.3727272627048914,500.0,-0.0821242824521149
1772002134.9004498,8.86474640397894,2.0791103891804554,2.2959805475584805,500.0,-0.07911038918045543
1772002134.90459,8.873429934128456,2.0840472358841886,1.2359931449227433,500.0,-0.08404723588418861
1772002134.9087243,8.882087613105446,2.0778429544776733,2.7728824825111045,500.0,-0.07784295447767331
1772002134.9128945,8.890759718250772,2.081305234878249,1.9221217961003527,500.0,-0.08130523487824881
1772002134.9216058,8.908106193413659,2.083780953618179,1.9196453749364526,500.0,-0.08378095361817905
1772002134.925508,8.916765727713438,2.0782882319468956,2.570689982743153,500.0,-0.0782882319468956
1772002134.9297433,8.92544048320781,2.0819413186493527,1.921484351571087,500.0,-0.08194131864935272
1772002134.9340572,8.934101276341538,2.078590352094846,2.2158281841921346,500.0,-0.07859035209484588
1772002134.9380486,8.942785747031474,2.0842729655845806,1.31382864464174,500.0,-0.08427296558458064
1772002134.9424372,8.951442970129895,2.077733543620892,1.9256910973781767,500.0,-0.07773354362089213
1772002134.9465272,8.960113247334768,2.0808665291695476,1.63493658384728,500.0,-0.08086652916954762
1772002134.9550517,8.977460607353077,2.0841840709083157,1.5492429581642526,500.0,-0.0841840709083157
1772002134.9590847,8.986120035104962,2.0782626604523333,1.9251606359393474,500.0,-0.07826266045233332
1772002134.9631853,8.99479417458425,2.081793475029015,1.9216294970399512,500.0,-0.08179347502901502
1772002134.9672308,9.003452985697205,2.0781146671093613,2.3249205082807367,500.0,-0.07811466710936132
1772002134.971209,9.012138598768637,2.0845471371436908,1.0232823363074286,500.0,-0.08454713714369078
1772002134.9754038,9.020795166304236,2.0775762085439804,2.877455006327092,500.0,-0.0775762085439804
1772002134.9838665,9.038124617533297,2.0782293272547356,1.9251919815380747,500.0,-0.07822932725473564
1772002134.9880297,9.046811250330514,2.0847918713317823,1.9186291077018287,500.0,-0.08479187133178234
1772002134.9921553,9.05546807317602,2.077637482921529,2.754724584925617,500.0,-0.07763748292152917
1772002134.996285,9.064140418333961,2.0813628379059814,1.4414647397680787,500.0,-0.08136283790598142
1772002135.0005522,9.07279618748066,2.0773845952078216,1.9260353724678634,500.0,-0.0773845952078216
1772002135.0046077,9.081484081757207,2.0850946263712387,0.9116879944135385,500.0,-0.08509462637123866
1772002135.0089471,9.090140137780496,2.077453445589456,2.679184055474454,500.0,-0.07745344558945622
1772002135.0171423,9.107464803909947,2.0773635056741737,2.3059650401187453,500.0,-0.07736350567417372
1772002135.021347,9.116153106263242,2.0851925647909795,1.9182257426557963,500.0,-0.08519256479097947
1772002135.0255437,9.124807797968337,2.0771260092228276,2.795770552111958,500.0,-0.07712600922282764
1772002135.029629,9.133478602281228,2.0809930350938277,1.4522946864833595,500.0,-0.08099303509382771
1772002135.0338168,9.142132622287633,2.076964801537165,1.926452499340367,500.0,-0.0769648015371649
1772002135.0379062,9.150821014405308,2.085214108241929,1.9182028743073438,500.0,-0.08521410824192888
1772002135.046229,9.168147106591746,2.080818531227667,1.9225977772190916,500.0,-0.08081853122766702
1772002135.0503519,9.17680002279096,2.0766998878111704,1.9267160872009033,500.0,-0.07669988781117043
1772002135.054728,9.185491247866032,2.0858940180172874,0.9531458193753037,500.0,-0.08589401801728735
1772002135.0587826,9.194144897828048,2.0768759908839014,3.04065851216116,500.0,-0.0768759908839014
1772002135.0628722,9.2028142699774,2.0806493158447266,1.400008531898055,500.0,-0.08064931584472657
1772002135.0671206,9.211465639776735,2.0763287518401365,2.4569618725351616,500.0,-0.07632875184013654
1772002135.0711496,9.220154583989084,2.0853466109636893,1.9180677101639922,500.0,-0.08534661096368934
1772002135.0794847,9.23747996231838,2.0806513348114013,1.922762310375846,500.0,-0.0806513348114013
1772002135.0837655,9.246131284018492,2.0763172080271315,1.9270960946823437,500.0,-0.07631720802713149
1772002135.088127,9.254824010659638,2.086254393874767,0.9501149871861014,500.0,-0.08625439387476685
1772002135.0921304,9.263477475321071,2.0768315187441853,3.0590281771447208,500.0,-0.07683151874418526
1772002135.096214,9.272146378790238,2.0805368325998836,1.416027933410785,500.0,-0.08053683259988365
1772002135.1004133,9.280795628367281,2.075819898490566,2.5837862917505,500.0,-0.07581989849056603
1772002135.1087406,9.298140591586876,2.077437486608995,3.0075030385481725,500.0,-0.07743748660899508
1772002135.112782,9.306810987829829,2.0808950983089924,1.347883907061023,500.0,-0.08089509830899244
1772002135.1172776,9.31545780641323,2.07523646001605,2.48563862193821,500.0,-0.07523646001605
1772002135.1213334,9.324152978069073,2.0868411974022183,0.5812111886826754,500.0,-0.0868411974022183
1772002135.1255236,9.332803384413094,2.0760975225648393,1.9273124342978052,500.0,-0.07609752256483926
1772002135.129594,9.3414534373471,2.076012704161593,1.9383222151691524,500.0,-0.076012704161593
1772002135.1337645,9.350127959465873,2.081885308505308,1.1601179019432846,500.0,-0.08188530850530817
1772002135.1420414,9.367474748306908,2.082745933991,1.602346366648368,500.0,-0.08274593399100016
1772002135.146076,9.376138935812037,2.0794050012310126,1.9240033203352769,500.0,-0.07940500123101257
1772002135.1504905,9.384797327959143,2.0780141153053644,2.0853883274600604,500.0,-0.0780141153053644
1772002135.1546648,9.39348301955475,2.084565982945891,1.1728484544258149,500.0,-0.0845659829458909
1772002135.158837,9.402142615478976,2.078303021814138,2.659894844742318,500.0,-0.07830302181413806
1772002135.162817,9.410800581553069,2.0779118577822,1.985373257455313,500.0,-0.07791185778219978
1772002135.1712291,9.428145009945416,2.082434345104303,1.9209719687488473,500.0,-0.08243434510430303
1772002135.1753337,9.436814656645337,2.0807152079812834,1.9226907689021295,500.0,-0.0807152079812834
1772002135.1796007,9.445476433647727,2.078826480573464,2.1695547063354836,500.0,-0.07882648057346398
1772002135.1837127,9.454139841294548,2.0792178352371242,1.9241874732496076,500.0,-0.07921783523712422
1772002135.1878314,9.462821264332568,2.0835415291249717,1.2773519691464377,500.0,-0.0835415291249717
1772002135.192272,9.47148324346653,2.0788749921507472,2.3814394472416667,500.0,-0.07887499215074723
1772002135.1962256,9.480143076801006,2.0783600002743237,1.9250443015392575,500.0,-0.07836000027432366
1772002135.204491,9.497486685358941,2.0831182088449594,1.920285438034821,500.0,-0.08311820884495935
1772002135.208589,9.506151322160536,2.079512832382537,2.549414567247973,500.0,-0.07951283238253692
1772002135.2129302,9.514812066315745,2.0785785972504245,1.9248243684659914,500.0,-0.07857859725042449
1772002135.2169306,9.523475778652182,2.0792909607448107,1.7966972309835647,500.0,-0.07929096074481068
1772002135.2212594,9.532156888289443,2.0834663129423805,1.3839697642149915,500.0,-0.0834663129423805
1772002135.2253215,9.540822821657184,2.079824008257643,2.4839423087490045,500.0,-0.07982400825764291
1772002135.2338185,9.558149136516276,2.0790454229544286,1.9501701813421313,500.0,-0.07904542295442862
1772002135.2379973,9.566829234541144,2.08322352596851,1.9201774343238296,500.0,-0.0832235259685099
1772002135.242105,9.57549505043632,2.0797958148421913,2.35085183031248,500.0,-0.07979581484219134
1772002135.246286,9.584154524625403,2.0782738053795824,2.1142752318975933,500.0,-0.0782738053795824
1772002135.2505727,9.592820775147631,2.0799001253350546,1.9234998240074865,500.0,-0.07990012533505464
1772002135.2547662,9.601495286498913,2.081882724307616,1.9215168884252687,500.0,-0.0818827243076159
1772002135.2588003,9.610167694912207,2.0813780191901863,1.9823529103075404,500.0,-0.08137801919018628
1772002135.2669077,9.627490920396585,2.0781993069156126,2.1397984326529667,500.0,-0.07819930691561261
1772002135.271269,9.636170002777085,2.0829797713200344,1.3137401209443664,500.0,-0.08297977132003442
1772002135.2754908,9.644835644241736,2.079753951516162,2.3037021042150663,500.0,-0.07975395151616205
1772002135.279587,9.653506114894094,2.080912956566221,1.9224846554921902,500.0,-0.080912956566221
1772002135.2835338,9.66218425145961,2.082752775723626,1.547628886303222,500.0,-0.08275277572362594
1772002135.2878087,9.670842351319772,2.0779439664386072,1.9254529745956057,500.0,-0.07794396643860724
1772002135.2964654,9.688179893011053,2.0761193380702703,2.820228931540461,500.0,-0.07611933807027027
1772002135.300464,9.696858400313989,2.0828417527043936,1.1000128727740195,500.0,-0.08284175270439365
1772002135.3045335,9.705516469906192,2.077936702128521,2.6199153748627633,500.0,-0.07793670212852088
1772002135.3086596,9.714203776241483,2.0849535204700618,0.8379215394492029,500.0,-0.08495352047006177
1772002135.3128264,9.722856137106799,2.0765666076757476,3.240025210896359,500.0,-0.07656660767574763
1772002135.3170068,9.731530424081571,2.081828873945228,1.1354020750683351,500.0,-0.08182887394522798
1772002135.3211694,9.740189685884129,2.078222832613734,2.4853504492436005,500.0,-0.0782228326137342
1772002135.3295362,9.7575312760906,2.0769364417892326,1.9264571361006206,500.0,-0.07693644178923265
1772002135.333627,9.766201801142705,2.0809260125053983,1.2652862009594874,500.0,-0.08092601250539833
1772002135.3382356,9.774860483477061,2.0780837602455904,1.9253091307602903,500.0,-0.07808376024559038
1772002135.3420227,9.783547544932086,2.084894749205811,1.9184978428428305,500.0,-0.08489474920581097
1772002135.3461535,9.792201728560523,2.0770040708249455,3.160159054976928,500.0,-0.07700407082494554
1772002135.3502727,9.800875073089527,2.081602686961053,1.1329142251674125,500.0,-0.0816026869610531
1772002135.3586693,9.81822002672858,2.085208505129532,0.6828651823661809,500.0,-0.08520850512953215
1772002135.3628755,9.826874978599658,2.0771884490585917,3.1185304384244605,500.0,-0.07718844905859168
1772002135.3669271,9.835542257569903,2.0801469528586285,1.3804830303931137,500.0,-0.0801469528586285
1772002135.3712053,9.844208256767065,2.079839807318796,1.9666361142065687,500.0,-0.07983980731879603
1772002135.3753452,9.852886736346148,2.082835098980286,1.4276401021605634,500.0,-0.08283509898028596
1772002135.3794622,9.861551351260381,2.0795075794159765,2.4648365908005188,500.0,-0.07950757941597653
1772002135.3836675,9.870213728352702,2.078970502156957,1.9244187357352478,500.0,-0.07897050215695689
1772002135.3919675,9.887558168861313,2.083646765097381,1.1666696853820624,500.0,-0.08364676509738089
1772002135.3962064,9.896221206135415,2.0791289457844186,1.9242592823121143,500.0,-0.07912894578441865
1772002135.4004595,9.904893748545323,2.0814101783778503,1.6265494473970539,500.0,-0.08141017837785025
1772002135.4044917,9.913543995330196,2.0760592283694224,2.7562668783626583,500.0,-0.07605922836942236
1772002135.408731,9.922238886501635,2.086773881145502,1.9166133545855735,500.0,-0.08677388114550189
1772002135.412896,9.930888284567505,2.0758555358088384,3.393553258371,500.0,-0.07585553580883841
1772002135.4212427,9.948210060817177,2.0770082049379948,2.354632645372537,500.0,-0.07700820493799476
1772002135.425311,9.956894980768853,2.084380788402216,0.7381800618067975,500.0,-0.08438078840221586
1772002135.429443,9.965554156769597,2.078202240178736,2.9659347125432003,500.0,-0.07820224017873612
1772002135.4335537,9.974226331054796,2.0813218284475488,1.3273133439744536,500.0,-0.08132182844754876
1772002135.4378514,9.982876326765203,2.0759989704974857,1.9273859284540438,500.0,-0.07599897049748572
1772002135.4420824,9.991570515209123,2.086605226540791,0.5389748620447516,500.0,-0.08660522654079106
1772002135.4462037,10.000221295142738,2.076187184067618,3.40218225578327,500.0,-0.07618718406761804
1772002135.4545205,10.017543316836523,2.07694941535751,2.426117160251741,500.0,-0.0769494153575101
1772002135.458617,10.026231175509837,2.085086081595449,0.555235687817309,500.0,-0.08508608159544906
1772002135.4629698,10.03488894626856,2.0778649820935517,1.9255179027958251,500.0,-0.07786498209355175
1772002135.4670126,10.043561028798242,2.08129980712358,1.3972485019256538,500.0,-0.08129980712357998
1772002135.4710987,10.052209511114798,2.075635755973442,1.9277464794002357,500.0,-0.07563575597344219
1772002135.4751534,10.060903946859213,2.0866645786597333,-0.6024513460281655,500.0,-0.08666457865973332
1772002135.4837103,10.078223064839955,2.0805993603049644,1.2484160108920752,500.0,-0.0805993603049644
1772002135.487838,10.086874547489368,2.076355835859139,2.5523612637609334,500.0,-0.07635583585913919
1772002135.491969,10.095564883363373,2.085680609761553,1.917699973340643,500.0,-0.08568060976155278
1772002135.4961395,10.104220828758422,2.0774268948116963,3.229241412808224,500.0,-0.07742689481169629
1772002135.500314,10.112870586811752,2.0759419327994015,2.184942145854123,500.0,-0.07594193279940153
1772002135.5045557,10.121545647363282,2.0820145323671926,1.0917126480386754,500.0,-0.08201453236719258
1772002135.5085506,10.130213572078636,2.0803019316847955,2.2466434419104995,500.0,-0.08030193168479549
1772002135.516873,10.147552008712278,2.0783073893320605,2.8458234557539677,500.0,-0.0783073893320605
1772002135.5211325,10.156219653991037,2.080234866902129,1.6173494481036668,500.0,-0.08023486690212911
1772002135.52533,10.164897150652628,2.0825991987818275,1.5558577594191614,500.0,-0.08259919878182753
1772002135.5294518,10.173566543532642,2.080654291203593,2.243412553653717,500.0,-0.0806542912035928
1772002135.5335965,10.182230092914809,2.0792518517200174,2.1653250705620763,500.0,-0.07925185172001736
1772002135.5378551,10.190892944558703,2.0790843945344397,1.9242924962000048,500.0,-0.07908439453443972
1772002135.5462527,10.208239591931777,2.0794350004917392,2.5452395204247744,500.0,-0.07943500049173924
1772002135.5501652,10.216901725773827,2.07891212209204,2.040655084171184,500.0,-0.0789121220920399
1772002135.5544627,10.225564658494743,2.079103853020123,1.9242717045360451,500.0,-0.0791038530201229
1772002135.5585995,10.234245630051836,2.0834331737023546,1.1676484426940508,500.0,-0.08343317370235459
1772002135.5628946,10.242909197318495,2.0792561439980073,2.4952591494634246,500.0,-0.07925614399800729
1772002135.567027,10.251569758577737,2.078534702218165,1.9248398428141844,500.0,-0.07853470221816483
1772002135.5711982,10.260234804528453,2.0796110281716995,1.77246236733104,500.0,-0.07961102817169952
1772002135.579443,10.277579364039573,2.0796220393731044,1.9237515071982414,500.0,-0.07962203937310441
1772002135.5835888,10.286240667714884,2.0787128820746568,2.088145097669633,500.0,-0.07871288207465676
1772002135.5877738,10.294904355609827,2.0792850947863832,1.8269204207660754,500.0,-0.07928509478638324
1772002135.5919902,10.303585166588949,2.0833946349893138,1.2839387673686775,500.0,-0.08339463498931377
1772002135.5961394,10.312250388137576,2.079653171670395,2.5427657645830104,500.0,-0.0796531716703952
1772002135.6001503,10.3209133286353,2.0791057194534814,2.047882911284863,500.0,-0.07910571945348144
1772002135.6086211,10.338256906429105,2.0840720729865647,0.9543375891027328,500.0,-0.08407207298656472
1772002135.612753,10.34691866622118,2.0788223500979512,2.8580486264125753,500.0,-0.07882235009795124
1772002135.6170633,10.35557540005456,2.077616120011162,2.0967487775345113,500.0,-0.0776161200111618
1772002135.621133,10.364241628110415,2.0798947334050584,1.9234754824755969,500.0,-0.07989473340505837
1772002135.6251707,10.372919065285206,2.0825849219498256,1.920784970203284,500.0,-0.08258492194982558
1772002135.6296473,10.38158670486518,2.0802334991936258,1.9231360251617184,500.0,-0.08023349919362577
1772002135.6336846,10.390251704293936,2.079599862901278,2.015571176653899,500.0,-0.07959986290127796
1772002135.6418805,10.40759412116151,2.0838134266610493,0.8588212226253256,500.0,-0.0838134266610493
1772002135.646184,10.416256630723023,2.0790022947629017,2.6163281706784427,500.0,-0.07900229476290166
1772002135.6503408,10.424909665302378,2.0767282990452673,1.9266395668872316,500.0,-0.07672829904526735
1772002135.654444,10.433581524536057,2.0812462160830396,1.1811822319694607,500.0,-0.08124621608303961
1772002135.6585348,10.442250389500277,2.080527591412591,2.0630317337246002,500.0,-0.08052759141259092
1772002135.6627166,10.450926757207709,2.0823282497836177,1.9210386293134047,500.0,-0.08232824978361775
1772002135.671042,10.468248875291437,2.0787509785915685,1.8879106481154568,500.0,-0.07875097859156854
1772002135.6751034,10.476926455166982,2.082619170130826,0.9492274834413182,500.0,-0.08261917013082609
1772002135.679315,10.485593431569649,2.080074336639883,2.5022094598905027,500.0,-0.08007433663988284
1772002135.683454,10.494263527486494,2.080823020042683,1.9225421910465161,500.0,-0.08082302004268316
1772002135.687653,10.502941433471687,2.0826974364463253,1.9206674356255844,500.0,-0.08269743644632532
1772002135.6918948,10.511600974654383,2.0782898838470576,1.9250746403083114,500.0,-0.0782898838470576
1772002135.6959834,10.520285061330766,2.0841808023317485,0.628932590204577,500.0,-0.08418080233174852
1772002135.7043145,10.53761136663666,2.081456420721708,1.921907110271273,500.0,-0.08145642072170789
1772002135.7085664,10.546270470111606,2.078184833986827,2.5336940657768983,500.0,-0.07818483398682696
1772002135.7127807,10.554957984183792,2.0850033773246484,0.8104062121917003,500.0,-0.08500337732464835
1772002135.7168849,10.563610949303605,2.076711628755293,3.4706293107292425,500.0,-0.07671162875529314
1772002135.7210312,10.572281737012442,2.0809890501210737,1.0946543115193164,500.0,-0.08098905012107371
1772002135.7254927,10.58094078581866,2.0781717134922175,2.2453192384023506,500.0,-0.07817171349221752
1772002135.733685,10.598282246880467,2.0770097937477217,1.9263513668314562,500.0,-0.07700979374772166
1772002135.737717,10.606953477417397,2.081095328863113,1.9222655187596294,500.0,-0.0810953288631131
1772002135.7419682,10.615610491516584,2.0776833838048607,2.489924922111567,500.0,-0.07768338380486073
1772002135.746035,10.624296882121538,2.084733745189033,0.5519547389758306,500.0,-0.0847337451890331
1772002135.7501466,10.632952026551482,2.077234663186604,3.6058810989098493,500.0,-0.0772346631866041
1772002135.754348,10.641618988136191,2.080070780330101,1.345835458363834,500.0,-0.08007078033010107
1772002135.7585506,10.650286470940626,2.080195873064549,1.899818390114784,500.0,-0.0801958730645489
1772002135.7668715,10.667630717847766,2.0797707302213144,2.511037935776617,500.0,-0.07977073022131442
1772002135.7710438,10.67629557134599,2.0795648395737065,1.9626490288388778,500.0,-0.07956483957370653
1772002135.7752717,10.684955250597964,2.078323020473483,1.9250348106127975,500.0,-0.07832302047348305
1772002135.7793226,10.693639236244307,2.084156555122316,0.6456749863824085,500.0,-0.08415655512231579
1772002135.7836514,10.702298890954388,2.07831713041934,2.8032945211426896,500.0,-0.07831713041933996
1772002135.7877321,10.710969023494465,2.0808318096185583,1.4513992139584453,500.0,-0.08083180961855829
1772002135.7961113,10.728314298840688,2.085997636200724,0.3857347220857157,500.0,-0.08599763620072398
1772002135.8001819,10.73696711481748,2.0766758344297735,3.8132165576228836,500.0,-0.07667583442977355
1772002135.8046298,10.745635450018085,2.080400448145284,1.4725863891686715,500.0,-0.08040044814528402
1772002135.8086462,10.754290878575906,2.077302853877253,1.9260523013994553,500.0,-0.07730285387725289
1772002135.8128877,10.762977554795059,2.084802292596792,1.918552532977889,500.0,-0.08480229259679195
1772002135.8168793,10.771635695964328,2.077953880624516,1.925400606594101,500.0,-0.07795388062451591
1772002135.820958,10.780307093825996,2.081135486800676,1.161299308356898,500.0,-0.08113548680067595
1772002135.8294628,10.79765038556882,2.086409042474463,0.2780317893636346,500.0,-0.0864090424744628
1772002135.8338017,10.806300592501325,2.0760496638009136,3.144401039879203,500.0,-0.0760496638009136
1772002135.8377123,10.814968265666211,2.080241559572558,1.1346769567847488,500.0,-0.08024155957255807
1772002135.8421185,10.823623380062225,2.0772274550432113,2.2972683832927747,500.0,-0.07722745504321127
1772002135.8460126,10.832310290990884,2.0848586228782797,0.37503663662508174,500.0,-0.08485862287827972
1772002135.850533,10.840969030875314,2.0780975722629975,2.6498253291932654,500.0,-0.07809757226299752
1772002135.8586273,10.858291761172884,2.0761716632335014,2.8068123593744856,500.0,-0.07617166323350144
1772002135.862968,10.86698502970695,2.0863844481757132,0.6829577324413739,500.0,-0.08638444817571322
1772002135.866909,10.875637000104339,2.076472895373381,1.926877584821927,500.0,-0.07647289537338109
1772002135.8712137,10.88430531749462,2.0803961736674834,1.3825460316982299,500.0,-0.08039617366748342
1772002135.8752496,10.892958099546728,2.076667692505753,2.6022062566419746,500.0,-0.07666769250575278
1772002135.8794692,10.901645946392351,2.085083242949522,1.9182662554818484,500.0,-0.08508324294952185
1772002135.8835104,10.910302786606943,2.077641651501902,3.4991062080921544,500.0,-0.07764165150190205
1772002135.8924892,10.927623721449233,2.0758491532332983,2.358236275632658,500.0,-0.07584915323329833
1772002135.8959813,10.936318220736526,2.0866798289500745,-0.5488484215571381,500.0,-0.08667982895007453
1772002135.9004176,10.94496955082977,2.0763192223786087,3.3231903010130748,500.0,-0.07631922237860866
1772002135.9042623,10.953620553608147,2.0762406668102904,1.9477966932506654,500.0,-0.0762406668102904
1772002135.9086125,10.962296396665552,2.08220233377735,0.939592585936033,500.0,-0.08220233377734987
1772002135.9127274,10.970963326502611,2.080063160894224,1.9232836726030538,500.0,-0.08006316089422416
1772002135.920977,10.988299074324456,2.077704313845844,1.9256418493574554,500.0,-0.0777043138458442
1772002135.925146,10.99696859684885,2.0806854058548048,1.9226604320055356,500.0,-0.08068540585480477
1772002135.9294655,11.005643751760818,2.082037178872272,1.9213083109269156,500.0,-0.0820371788722718
1772002135.9335876,11.014316182330864,2.0813833368111827,1.9219618152593498,500.0,-0.0813833368111827
1772002135.9377005,11.022984327612047,2.080354867483653,2.1295112185907623,500.0,-0.08035486748365317
1772002135.9419317,11.031641367838779,2.0776896544157117,1.9256548247511294,500.0,-0.07768965441571174
1772002135.9459777,11.040328683158387,2.0849556767061275,0.23230791126635864,500.0,-0.08495567670612747
1772002135.954411,11.057642863802064,2.0773921837335516,2.04382733197975,500.0,-0.07739218373355161
1772002135.9586308,11.06631146298896,2.080463804854838,1.4240095377155009,500.0,-0.08046380485483784
1772002135.96262,11.074985866551375,2.0818568549793146,1.580545011269125,500.0,-0.08185685497931461
1772002135.966784,11.083653816675307,2.0803080297436924,2.2990833062205533,500.0,-0.08030802974369244
1772002135.9709637,11.092316427009965,2.0790264803178684,2.247150980895718,500.0,-0.07902648031786841
1772002135.9751892,11.100978125268034,2.078807581936291,1.9245342350267107,500.0,-0.078807581936291
1772002135.9835398,11.118323727628804,2.0791056364086278,1.924235502422643,500.0,-0.07910563640862778
1772002135.9876416,11.126984655686615,2.0786227338747474,1.9247180796756533,500.0,-0.07862273387474739
1772002135.9918532,11.135647432517615,2.0790664394403455,1.8342057536628882,500.0,-0.07906643944034553
1772002135.996003,11.144328828997713,2.083535155223369,0.9890463386665957,500.0,-0.08353515522336918
1772002136.0001237,11.152993592171956,2.0795431618184668,2.8792108507135126,500.0,-0.07954316181846677
1772002136.0043468,11.161652689292975,2.078183309044239,2.205261060449062,500.0,-0.0781833090442392
1772002136.0084915,11.170315609624168,2.0791008794866164,1.7267491424838974,500.0,-0.07910087948661637
1772002136.01702,11.187658867707869,2.0792362712209056,1.9241021907630538,500.0,-0.0792362712209056
1772002136.0209918,11.19632008345603,2.0786917795584747,1.9246463641962617,500.0,-0.07869177955847473
1772002136.0252619,11.204980944165259,2.0786065702148835,1.9247312375231849,500.0,-0.07860657021488349
1772002136.0292885,11.21366420912718,2.083983590860984,0.6194772872998964,500.0,-0.08398359086098406
1772002136.0335236,11.22232738235825,2.0791615754570643,2.894781367071814,500.0,-0.07916157545706426
1772002136.0377324,11.230982795969576,2.077299266717967,2.269005220649293,500.0,-0.07729926671796683
1772002136.0460374,11.248323216209398,2.0812217898324796,1.7748234685325017,500.0,-0.08122178983247963
1772002136.050109,11.256995283152364,2.0812960663117104,1.9028976223110687,500.0,-0.08129606631171038
1772002136.0543382,11.265658654971007,2.0792092364746884,2.3761752358146797,500.0,-0.07920923647468836
1772002136.0584984,11.274317721408426,2.0781759449806816,1.9251592011577434,500.0,-0.07817594498068159
1772002136.0625904,11.282999109877169,2.083533232498441,1.9198015904001822,500.0,-0.08353323249844102
1772002136.0667658,11.291662024335189,2.079099469924614,1.9242350048938899,500.0,-0.07909946992461414
1772002136.0708756,11.300331139405182,2.0805876167985278,1.4471853601729792,500.0,-0.08058761679852777
1772002136.079337,11.31766982787299,2.0779326086443057,1.9254008496953463,500.0,-0.07793260864430573
1772002136.0836298,11.326356521344021,2.08480643304718,1.9185266859899552,500.0,-0.08480643304717983
1772002136.0877662,11.33500810159221,2.0763792595653108,3.5354234805801497,500.0,-0.07637925956531078
1772002136.0918303,11.343681528498907,2.0816224576070788,0.7740744377407565,500.0,-0.08162245760707876
1772002136.096055,11.352345019421612,2.0792378214491163,1.9240942948667263,500.0,-0.07923782144911629
1772002136.1002767,11.361026896197846,2.0836504262958404,1.193529076152093,500.0,-0.08365042629584041
1772002136.1085002,11.378354088315174,2.0809286668328744,1.1918313422436664,500.0,-0.08092866683287436
1772002136.1127703,11.387020614409717,2.079966262690451,2.0900806927773186,500.0,-0.07996626269045093
1772002136.1168804,11.39569955418364,2.0829455457413264,1.9203848969926112,500.0,-0.0829455457413264
1772002136.1211102,11.404361349813254,2.0788309511074563,2.6772956886566526,500.0,-0.0788309511074563
1772002136.1251245,11.413033281099825,2.0812635087771696,1.3468506865330199,500.0,-0.08126350877716959
1772002136.1293638,11.421690608778336,2.077758642842515,2.6444203374923445,500.0,-0.07775864284251499
1772002136.1334634,11.430374646014476,2.084168936673806,0.42337597187901865,500.0,-0.0841689366738061
1772002136.1418931,11.447702439367132,2.0807213716524515,1.9226070588801074,500.0,-0.08072137165245152
1772002136.1460037,11.456359793513114,2.077764995035701,1.9255631048669033,500.0,-0.07776499503570111
1772002136.1501477,11.465047528683424,2.0850564408744012,0.22629122729987386,500.0,-0.08505644087440123
1772002136.1542928,11.473701444802687,2.0769398686231217,3.822954211081493,500.0,-0.07693986862312174
1772002136.1584573,11.48237242897348,2.0810362009904475,1.9222909020726404,500.0,-0.0810362009904475
1772002136.1627202,11.491029719317051,2.0777496824570307,2.554295792503173,500.0,-0.07774968245703073
1772002136.1709657,11.50837359536159,2.0776416602701246,1.925684427926894,500.0,-0.07764166027012465
1772002136.1750622,11.517039437566579,2.079802129197217,1.9235236402258724,500.0,-0.07980212919721685
1772002136.1793966,11.525705859284672,2.0799412123423076,1.9233842143225097,500.0,-0.07994121234230755
1772002136.1834517,11.534383222243784,2.082567110186906,1.9207579880740957,500.0,-0.08256711018690588
1772002136.1875918,11.543049222503312,2.0798400622865807,2.64229493341339,500.0,-0.07984006228658069
1772002136.1918046,11.551714668695757,2.0797070861869216,1.955579639167581,500.0,-0.07970708618692157
1772002136.1959481,11.560372788795515,2.0779488239420743,2.356328451687861,500.0,-0.07794882394207425
1772002136.2044098,11.577717759022086,2.077899251613524,3.1974646945306255,500.0,-0.07789925161352418
1772002136.2084513,11.586386770481504,2.0805627502600963,1.922760337206748,500.0,-0.0805627502600963
1772002136.2126462,11.595040215333778,2.076826764546068,1.9264959865617166,500.0,-0.07682676454606785
1772002136.2168038,11.60373108916177,2.085809718717811,1.9175127092806126,500.0,-0.08580971871781085
1772002136.2209804,11.612384952578257,2.076927219956822,3.882085145649782,500.0,-0.07692721995682206
1772002136.2251494,11.621055193424837,2.080857803179388,1.9224639484814152,500.0,-0.08085780317938784
1772002136.2334561,11.638395265227137,2.085108491104912,-0.2595965646274472,500.0,-0.08510849110491181
1772002136.2376208,11.64705112921214,2.0774073564010385,1.9259133871125658,500.0,-0.07740735640103846
1772002136.2417107,11.655719958430744,2.0805190124648902,0.9692867853438352,500.0,-0.08051901246489024
1772002136.2460413,11.664379750593275,2.078350119007376,1.9249699612835354,500.0,-0.07835011900737587
1772002136.2500932,11.673062749796738,2.0839198088312774,0.49711853105594256,500.0,-0.08391980883127736
1772002136.2542381,11.681724888067214,2.0789131849138793,3.3173947996600934,500.0,-0.07891318491387933
1772002136.2584136,11.690422614702383,2.087454392440865,-0.3515037231650031,500.0,-0.08745439244086484
1772002136.2668378,11.707740210656455,2.0856333777895975,1.9176850373767693,500.0,-0.08563337778959745
1772002136.270893,11.716395323310055,2.077227036863836,1.9260910328645515,500.0,-0.07722703686383614
1772002136.2749956,11.725052755173401,2.0777836472030726,1.9255341056931428,500.0,-0.07778364720307263
1772002136.2792215,11.733722194849388,2.0806655222369397,1.922651901021127,500.0,-0.08066552223693968
1772002136.2834122,11.74239610421619,2.0817382480326034,1.6333906481509943,500.0,-0.08173824803260343
1772002136.2876058,11.751068026288072,2.081261297251772,2.03861635203377,500.0,-0.08126129725177211
1772002136.29587,11.768386865871442,2.0779533716075598,2.1177863588366557,500.0,-0.07795337160755977
1772002136.2999933,11.777072700817026,2.084600386940359,-0.5512383810578276,500.0,-0.08460038694035887
1772002136.3042092,11.785734658688153,2.0788698890703863,3.6868983213044424,500.0,-0.07886988907038628
1772002136.3084702,11.79440067049132,2.079842832760501,1.9234722360242618,500.0,-0.07984283276050119
1772002136.3125424,11.803051479237217,2.076194099014902,3.061793382760946,500.0,-0.07619409901490215
1772002136.3166964,11.811735988698413,2.084282270686844,1.9190321572402207,500.0,-0.08428227068684402
1772002136.3207943,11.82039627510713,2.0784687380923907,1.9248453434749697,500.0,-0.07846873809239074
1772002136.3292313,11.837716059438232,2.079115614107577,1.4746870133571592,500.0,-0.07911561410757706
1772002136.3333411,11.846394472944839,2.0828192415853968,0.5885204752873654,500.0,-0.08281924158539677
1772002136.3374968,11.855056614725354,2.078914027323836,3.4050455780550686,500.0,-0.07891402732383579
1772002136.341609,11.86371601606603,2.0782563217620886,2.254443219958176,500.0,-0.07825632176208863
1772002136.345876,11.872372685792524,2.077600734358298,2.134816522924948,500.0,-0.07760073435829806
1772002136.350022,11.881051638954029,2.0829487587611704,0.0854967443893022,500.0,-0.08294875876117036
1772002136.3583179,11.898350063997768,2.075499776006932,1.927811339023495,500.0,-0.0754997760069318
1772002136.3625343,11.90701197258881,2.0788580618503545,0.8367560732077459,500.0,-0.07885806185035449
1772002136.3666563,11.915671841604686,2.07836856381019,2.117721585842778,500.0,-0.07836856381018986
1772002136.3708537,11.924322257972712,2.076099928326329,1.9272102142278045,500.0,-0.07609992832632884
1772002136.3749475,11.93291899606397,2.0632171419018923,8.30643409011017,500.0,-0.06321714190189232
1772002136.3792086,11.941560379713707,2.073932075936964,1.9293774840663656,500.0,-0.07393207593696394
1772002136.3833077,11.950203652505033,2.0743854699183495,1.7303157259742694,500.0,-0.07438546991834949
1772002136.3917072,11.967456000562175,2.070026084395682,2.097636583463169,500.0,-0.07002608439568192
1772002136.395784,11.976100468628395,2.0746723358928847,1.9286360270001577,500.0,-0.07467233589288469
1772002136.3999808,11.984729158856577,2.0708856547636265,1.9324223954994881,500.0,-0.07088565476362652
1772002136.404099,11.993353709651865,2.069892190868927,2.464229527629792,500.0,-0.06989219086892717
1772002136.4083323,12.001965620092458,2.066858505742358,1.936448957597347,500.0,-0.06685850574235808
1772002136.4124603,12.010600454287326,2.07236020676846,-0.5704954723236297,500.0,-0.07236020676845989
1772002136.4208128,12.027748606943065,2.0525279017632574,1.950778723017163,500.0,-0.05252790176325739
1772002136.4249446,12.036339593714732,2.061836825199982,-2.6997731894403865,500.0,-0.061836825199982126
1772002136.4291036,12.044938196961098,2.0636647791276186,0.9857384806109705,500.0,-0.06366477912761859
1772002136.4333131,12.053518588610947,2.059293995963742,3.841284156161416,500.0,-0.05929399596374196
1772002136.4374793,12.06208564214042,2.0560928470736717,3.2571241631868966,500.0,-0.05609284707367168
1772002136.4416187,12.070676174229696,2.0617277014259665,-0.7986300847767773,500.0,-0.06172770142596651
1772002136.4500186,12.08777582857454,2.0517253577839942,1.9515795690778077,500.0,-0.05172535778399423
1772002136.4542491,12.096334785447302,2.054149649463228,1.9491550583331343,500.0,-0.05414964946322787
1772002136.4583676,12.104871343687755,2.0487739777085445,1.9545305078862667,500.0,-0.048773977708544525
1772002136.462517,12.113398165480392,2.046437230233014,1.956867052382585,500.0,-0.04643723023301405
1772002136.4666505,12.121897483576902,2.03983634316245,4.681124391383948,500.0,-0.039836343162450216
1772002136.4709215,12.130420053234555,2.0454167178369325,0.3095922872496315,500.0,-0.04541671783693246
1772002136.4792166,12.147348635994545,2.02571235545153,1.9775912279903167,500.0,-0.025712355451529945
1772002136.4833214,12.15581304487553,2.0314581314363944,-0.37075793022550396,500.0,-0.03145813143639442
1772002136.4874697,12.164274129797102,2.0306603811771993,2.317148200785077,500.0,-0.03066038117719927
1772002136.49166,12.172726449260193,2.0285566711419563,2.835585514740771,500.0,-0.028556671141956258
1772002136.4958959,12.181151961475457,2.022122931663405,3.943729929927617,500.0,-0.022122931663405065
1772002136.5041192,12.197990735500419,2.0157823334184752,6.724579254019868,500.0,-0.015782333418475236
1772002136.5084302,12.206363671443398,2.009504626315253,3.5775944228615164,500.0,-0.009504626315253173
1772002136.5124962,12.214754712221728,2.013849786799025,1.989453011430796,500.0,-0.013849786799025043
1772002136.5166903,12.223141926960851,2.012931537389415,1.9903712033152239,500.0,-0.012931537389415215
1772002136.5207715,12.231527010551982,2.012420061871386,2.2549175564023898,500.0,-0.01242006187138589
1772002136.5291464,12.248291220761223,2.011482118463752,2.1789758863197948,500.0,-0.011482118463752133
1772002136.5332773,12.256670716517744,2.0110789815653893,2.2278860945532095,500.0,-0.011078981565389334
1772002136.537597,12.265048709898744,2.0107184114398495,2.0907083760793084,500.0,-0.010718411439849529
1772002136.5415301,12.273425375606946,2.0103997699684863,1.9929026786708999,500.0,-0.01039976996848635
1772002136.545715,12.281800885737008,2.0101224312148434,1.9931799739550031,500.0,-0.010122431214843353
1772002136.5498965,12.2901754097868,2.009885771950031,2.177661769857182,500.0,-0.009885771950031152
1772002136.5582469,12.306922164738811,2.0095320161152967,1.9937702652439588,500.0,-0.009532016115296749
1772002136.5623806,12.315294721782005,2.009413690366264,2.1120538283605548,500.0,-0.00941369036626405
1772002136.5665839,12.32366694505652,2.00933358588349,2.04740520533455,500.0,-0.009333585883489981
1772002136.5706882,12.332038991294299,2.0092910970672597,2.0449284988582352,500.0,-0.009291097067259724
1772002136.5749483,12.340411014719347,2.009285622011587,1.9975562402854923,500.0,-0.009285622011586891
1772002136.5832157,12.357155597580972,2.009383324246926,1.9939187232586808,500.0,-0.009383324246925895
1772002136.5873973,12.365528453066657,2.00948531656458,1.9938166916626938,500.0,-0.00948531656458007
1772002136.5915356,12.373901877869713,2.0096219527331876,1.8530435429889902,500.0,-0.009621952733187555
1772002136.5957968,12.38227601391085,2.009792649873136,1.902304730954844,500.0,-0.009792649873136217
1772002136.5999453,12.390651000698249,2.0099968289757704,1.9933050584980856,500.0,-0.009996828975770367
1772002136.6082063,12.407404072579576,2.0105033365791334,1.7188502828309618,500.0,-0.010503336579133382
1772002136.6123912,12.415782424773779,2.0108045266088936,1.992497233213178,500.0,-0.010804526608893639
1772002136.6165318,12.424162161947454,2.011136921681781,1.6531578670541092,500.0,-0.011136921681781153
1772002136.6207502,12.4325434117906,2.011499962355478,1.7385454978042785,500.0,-0.011499962355478122
1772002136.6249182,12.440926299678573,2.0118930931133177,1.9914085268372028,500.0,-0.011893093113317654
1772002136.6332426,12.457697479614856,2.012767422358631,1.7013128169411402,500.0,-0.012767422358630931
1772002136.6373937,12.46608601098695,2.013247529302807,1.9900539366461971,500.0,-0.013247529302807148
1772002136.6416006,12.474476659083846,2.013755543254817,1.7068573162568332,500.0,-0.013755543254816871
1772002136.6456876,12.482869537950952,2.0142909281053836,1.3921820349640732,500.0,-0.014290928105383571
1772002136.6498678,12.491264759415964,2.0148531516027166,1.9884481424863745,500.0,-0.014853151602716608
1772002136.658259,12.508810420293484,2.1361124442653523,-4.0,500.0,-0.1361124442653523
1772002136.6626012,12.518138654103906,2.2387761145012144,1.764524168390584,500.0,-0.2387761145012144
1772002136.6665924,12.527699307975503,2.2945569291832477,-4.0,500.0,-0.2945569291832477
1772002136.6707447,12.53739838637828,2.3277788166663527,-4.0,500.0,-0.32777881666635267
1772002136.674891,12.547193483775422,2.3508233753141092,1.6524733507547253,500.0,-0.35082337531410923
1772002136.679094,12.557220889433639,2.4065773579719782,-4.0,500.0,-0.40657735797197825
1772002136.6833148,12.56737477956557,2.436933631663447,-4.0,500.0,-0.4369336316634471
1772002136.687405,12.577615071560743,2.457670078841378,-4.0,500.0,-0.4576700788413781
1772002136.6916227,12.58790751916185,2.4701874242659296,-4.0,500.0,-0.47018742426592963
1772002136.695723,12.598225474126592,2.476309191537706,1.5269786802438428,500.0,-0.4763091915377058
1772002136.6999369,12.608654737435435,2.5030231941225347,1.5002626663280267,500.0,-0.5030231941225347
1772002136.7040982,12.619149577540785,2.518761625284186,1.4845221428672883,500.0,-0.5187616252841858
1772002136.7082176,12.629682414371317,2.5278808393275276,-4.0,500.0,-0.5278808393275276
1772002136.7125375,12.640231712044072,2.531831441461027,0.15506051971014445,500.0,-0.5318314414610268
1772002136.7126215,12.640231712044072,2.531831441461027,1.4714478630692975,500.0,-0.5318314414610268
1772002136.7165577,12.650781042386651,2.5318392822188485,1.465458558841124,500.0,-0.5318392822188485
1772002136.7207994,12.661410354445826,2.551034894201905,-4.0,500.0,-0.551034894201905
1772002136.724905,12.67208565448304,2.5620720089313647,1.4412006757787563,500.0,-0.5620720089313647
1772002136.7290545,12.682786741397578,2.568260859489445,-3.629950632041771,500.0,-0.5682608594894449
1772002136.7332304,12.693497657705173,2.5706199138227417,1.4326480657814216,500.0,-0.5706199138227417
1772002136.7373984,12.70420762756082,2.5703927653554075,1.5890580347130931,500.0,-0.5703927653554075
1772002136.7415795,12.714990212386876,2.587820358253737,1.4154428652426445,500.0,-0.5878203582537371
1772002136.7457502,12.725816621151115,2.598338103417098,-4.0,500.0,-0.598338103417098
1772002136.749932,12.736669684734556,2.6047352600261022,1.3985230024822906,500.0,-0.6047352600261022
1772002136.7541316,12.74753553893103,2.6078050071539907,-0.03515513602608378,500.0,-0.6078050071539907
1772002136.7582185,12.758404003313174,2.6084314517143614,0.903700485267896,500.0,-0.6084314517143614
1772002136.7624156,12.769266983033777,2.6071151329447924,2.1891037442972014,500.0,-0.6071151329447924
1772002136.766564,12.780198449027685,2.623551838537869,1.3796963190311209,500.0,-0.6235518385378689
1772002136.7666082,12.780198449027685,2.623551838537869,1.3796962892978522,500.0,-0.6235518385378689
1772002136.7707198,12.791173300360438,2.6339643198606097,-4.0,500.0,-0.6339643198606097
1772002136.7749283,12.802178084128276,2.641148104281024,1.3620948015841736,500.0,-0.6411481042810241
1772002136.779074,12.813200284661779,2.645328128040612,-1.4641869401413066,500.0,-0.645328128040612
1772002136.783226,12.82423015298851,2.6471683984155483,-0.01919202236098272,500.0,-0.6471683984155483
1772002136.7874382,12.83525999651763,2.647162446988573,1.3591446436481687,500.0,-0.6471624469885731
1772002136.791543,12.846364789859884,2.6651504021409824,-4.0,500.0,-0.6651504021409824
1772002136.795746,12.857520018139493,2.6772547871061767,-4.0,500.0,-0.6772547871061767
1772002136.7998786,12.868711363427007,2.6859228690033077,1.3173037064699962,500.0,-0.6859228690033077
1772002136.8040562,12.879927133981877,2.691784933168538,-3.305890642834008,500.0,-0.6917849331685382
1772002136.808331,12.89115902923416,2.6956548605479465,1.307565902292639,500.0,-0.6956548605479465
1772002136.8084018,12.89115902923416,2.6956548605479465,1.3075658503793843,500.0,-0.6956548605479465
1772002136.8124194,12.902399176400083,2.6976353198213894,0.12103382093876557,500.0,-0.6976353198213894
1772002136.816579,12.913717447058634,2.716384958052266,1.2868300484210766,500.0,-0.7163849580522661
1772002136.8207214,12.92509064541211,2.729567604834287,1.2736444273905503,500.0,-0.729567604834287
1772002136.8249097,12.936505859135824,2.7396512936911046,1.263557695993224,500.0,-0.7396512936911046
1772002136.8290749,12.947951724622436,2.747007716786913,-3.641432741352838,500.0,-0.7470077167869129
1772002136.8332224,12.959419331121683,2.7522255598191565,1.2509772393457368,500.0,-0.7522255598191565
1772002136.837411,12.970901617961042,2.7557488414460036,-1.205281835526379,500.0,-0.7557488414460036
1772002136.8374577,12.970901617961042,2.7557488414460036,1.2474507665476686,500.0,-0.7557488414460036
1772002136.841548,12.982393844739308,2.7581344267836476,1.2450620889880826,500.0,-0.7581344267836476
1772002136.8457258,12.993963134159065,2.7766294607418076,1.2265638906911007,500.0,-0.7766294607418076
1772002136.84989,13.00558858326772,2.7901077860770784,-4.0,500.0,-0.7901077860770784
1772002136.8540425,13.017258870910936,2.8008690343718836,-4.0,500.0,-0.8008690343718836
1772002136.8582187,13.02896397830597,2.809225774808318,-4.0,500.0,-0.809225774808318
1772002136.8623953,13.040696060809168,2.815699800767416,-3.1922024373624915,500.0,-0.8156998007674159
1772002136.8624313,13.040696060809168,2.815699800767416,1.1874802713919688,500.0,-0.8156998007674159
1772002136.866557,13.052448926827887,2.8206878444926398,1.1824888655522199,500.0,-0.8206878444926398
1772002136.8707218,13.064218804779852,2.824770708471337,-1.8727818651008932,500.0,-0.8247707084713372
1772002136.874882,13.076001406598364,2.8278244364427065,1.175345420197439,500.0,-0.8278244364427065
1772002136.879084,13.087862782682246,2.846730260131549,1.1564361343630518,500.0,-0.8467302601315492
1772002136.883228,13.099783761065764,2.861034812044409,-4.0,500.0,-0.8610348120444091
1772002136.8874142,13.111754507576014,2.872979162460037,-4.0,500.0,-0.8729791624600369
1772002136.8874562,13.111754507576014,2.872979162460037,1.1301800596644913,500.0,-0.8729791624600369
1772002136.8915896,13.123765934095267,2.8827423646209187,-4.0,500.0,-0.8827423646209187
1772002136.8957095,13.135810995522107,2.8908147424412296,-4.0,500.0,-0.8908147424412296
1772002136.899885,13.147884175461007,2.8975631853360584,-4.0,500.0,-0.8975631853360584
1772002136.9040678,13.15991081316872,2.886393049851094,8.310754359555162,500.0,-0.8863930498510939
1772002136.9082527,13.171595827564932,2.804403455090718,1.1987373522652334,500.0,-0.8044034550907182
1772002136.908292,13.171595827564932,2.804403455090718,1.1987373167850586,500.0,-0.8044034550907182
1772002136.9124184,13.182995913880049,2.73602071562795,10.0,500.0,-0.7360207156279501
1772002136.9165704,13.194245581331732,2.6999201884037793,10.0,500.0,-0.6999201884037793
1772002136.9207385,13.205280820817825,2.648457476662297,10.0,500.0,-0.6484574766622968
1772002136.9249003,13.216137318642128,2.6055594778327893,10.0,500.0,-0.6055594778327893
1772002136.9290786,13.226842150295363,2.5691595967763963,10.0,500.0,-0.5691595967763963
1772002136.9332373,13.23741943862412,2.5385491989013267,10.0,500.0,-0.5385491989013267
1772002136.9374382,13.2478968879765,2.514587844571502,10.0,500.0,-0.5145878445715022
1772002136.941616,13.258418786330187,2.5252556048851105,-3.945630604174559,500.0,-0.5252556048851105
1772002136.9457695,13.26889186295852,2.5135383907998725,7.331547187726519,500.0,-0.5135383907998725
1772002136.9499128,13.279289410389788,2.4954113835042606,10.0,500.0,-0.4954113835042606
1772002136.954124,13.289599929965142,2.474524698084819,10.0,500.0,-0.474524698084819
1772002136.958224,13.29989002767404,2.4696234501355985,4.931392498919059,500.0,-0.4696234501355985
1772002136.9624553,13.310268825623314,2.4909115078255493,-4.0,500.0,-0.49091150782554926
1772002136.9624972,13.310268825623314,2.4909115078255493,1.5121976570300464,500.0,-0.49091150782554926
1772002136.9666111,13.320640804409058,2.4892749085784023,2.287285167501916,500.0,-0.4892749085784023
1772002136.9707463,13.330976970866862,2.4806799498730987,6.747043968842414,500.0,-0.4806799498730987
1772002136.974952,13.341281162453129,2.473005980703862,5.1773446696469225,500.0,-0.4730059807038618
1772002136.9790661,13.351581741173266,2.4721388928330628,2.0883308657737834,500.0,-0.47213889283306276
1772002136.9832823,13.361967525912089,2.492588337317394,1.5105108271976264,500.0,-0.49258833731739404
1772002136.9874456,13.372322677571084,2.48523639815895,1.5178607146230856,500.0,-0.4852363981589498
1772002136.9916244,13.382658422633916,2.480578815079963,3.6146522127953347,500.0,-0.48057881507996303
1772002136.9957933,13.392989009972414,2.47934096123946,2.1569149781397665,500.0,-0.47934096123946013
1772002136.9998894,13.403314146428375,2.478032749430757,1.5250583705417713,500.0,-0.4780327494307568
1772002137.0041034,13.41372787623588,2.4992951538010604,-4.0,500.0,-0.4992951538010604
1772002137.0082753,13.424160921937506,2.5039309683901645,1.49915605084246,500.0,-0.5039309683901645
1772002137.0124102,13.43457330996773,2.498973127253717,4.637022230769251,500.0,-0.4989731272537168
1772002137.0165708,13.444973409418383,2.4960238681566813,3.443667876125833,500.0,-0.4960238681566813
1772002137.020717,13.455365708394499,2.494151754267729,2.9301443933830305,500.0,-0.49415175426772917
1772002137.0249438,13.465846987095206,2.515506888169691,1.487571825116001,500.0,-0.5155068881696909
1772002137.0291064,13.4763383367767,2.5179239235582482,1.4851526419088534,500.0,-0.5179239235582482
1772002137.033252,13.486799391990093,2.51065325121479,1.4924211706138983,500.0,-0.5106532512147899
1772002137.0375023,13.497229161428793,2.5031446652880414,4.220730351831234,500.0,-0.5031446652880414
1772002137.0415573,13.507648707066322,2.500690953006929,3.280628110702744,500.0,-0.500690953006929
1772002137.0459037,13.51815436140661,2.5213570416694537,-4.0,500.0,-0.5213570416694537
1772002137.049964,13.528663790977646,2.522263097048475,1.0885167049737225,500.0,-0.5222630970484752
1772002137.05409,13.539138401014867,2.5139064089328778,6.357281017502059,500.0,-0.5139064089328778
1772002137.058283,13.549586865145779,2.5076313914189297,1.4954302140148321,500.0,-0.5076313914189297
1772002137.0624673,13.560004178198186,2.50015513257775,4.674353386695252,500.0,-0.50015513257775
1772002137.062503,13.560004178198186,2.50015513257775,1.5029043297987983,500.0,-0.50015513257775
1772002137.066629,13.570510295166166,2.521468072315014,-4.0,500.0,-0.521468072315014
1772002137.0708241,13.58101823807991,2.5219062992986387,1.3163007297772646,500.0,-0.5219062992986387
1772002137.0749068,13.591488737673806,2.512919902535045,7.115757040511536,500.0,-0.512919902535045
1772002137.0791514,13.601916240599094,2.5026007020687633,5.733395321574015,500.0,-0.5026007020687633
1772002137.083221,13.6123274855593,2.4986987904493576,4.243396680058411,500.0,-0.4986987904493576
1772002137.0874522,13.622733912626863,2.497542496215371,2.0333790308080926,500.0,-0.49754249621537117
1772002137.0915673,13.633220681157862,2.5168244474398005,-4.0,500.0,-0.5168244474398005
1772002137.0957763,13.643702182440363,2.5155603078000466,2.098685206380998,500.0,-0.5155603078000466
1772002137.0999365,13.654145265511096,2.5063399369760133,1.4967004433020823,500.0,-0.5063399369760133
1772002137.1041076,13.664545985148564,2.496172712992482,6.415576717751886,500.0,-0.496172712992482
1772002137.1082256,13.674933136649006,2.4929163601062023,3.781742974524437,500.0,-0.4929163601062023
1772002137.112437,13.685410769021578,2.5146317694173472,1.4884023765118597,500.0,-0.5146317694173472
1772002137.116596,13.695843183650698,2.5037795109888714,1.4992524981148458,500.0,-0.5037795109888714
1772002137.1208081,13.70623304950512,2.493567805060921,1.5094620838549035,500.0,-0.4935678050609211
1772002137.1248994,13.716606285306833,2.4895765924112534,4.118954651266156,500.0,-0.4895765924112534
1772002137.12917,13.726967367232547,2.486659662171296,2.544474703673732,500.0,-0.48665966217129597
1772002137.1332488,13.737421666894937,2.5090319189737245,-4.0,500.0,-0.5090319189737245
1772002137.1374733,13.74788302367298,2.5107256267302938,0.7983839065159537,500.0,-0.5107256267302938
1772002137.1415882,13.758309855776433,2.5024397048288294,6.173342913125766,500.0,-0.5024397048288294
1772002137.1457357,13.768711589112486,2.496416000652753,1.506601455587513,500.0,-0.49641600065275293
1772002137.1500072,13.779084575001033,2.4895166132510713,3.919995871787573,500.0,-0.4895166132510713
1772002137.1541145,13.789549067221719,2.51147813296488,-4.0,500.0,-0.5114781329648799
1772002137.1582818,13.800016141959334,2.5120979370278715,1.199636319584282,500.0,-0.5120979370278715
1772002137.1583247,13.800016141959334,2.5120979370278715,1.4909132332729729,500.0,-0.5120979370278715
1772002137.1624458,13.810445913030856,2.5031450571651166,1.499864004649916,500.0,-0.5031450571651166
1772002137.1666112,13.82083378014501,2.4930881073968885,6.2829773757333705,500.0,-0.49308810739688846
1772002137.1708581,13.83120701511243,2.4895763921805134,2.948673446426135,500.0,-0.4895763921805134
1772002137.1749122,13.841666443539273,2.5102628224425803,-4.0,500.0,-0.5102628224425803
1772002137.1791172,13.852126070305038,2.510310423783711,1.4700344904279288,500.0,-0.5103104237837108
1772002137.1832507,13.862548190567878,2.5013088630814466,1.5016897726619665,500.0,-0.5013088630814466
1772002137.1874151,13.87294180551631,2.4944675876235602,5.542889454333542,500.0,-0.49446758762356025
1772002137.1917133,13.883301332854462,2.4862865611561618,1.516707865949396,500.0,-0.48628656115616176
1772002137.1957242,13.89365675586825,2.485301523309335,2.1977811842737736,500.0,-0.4853015233093352
1772002137.199928,13.904040458101829,2.492088536059133,-2.041896197812587,500.0,-0.49208853605913294
1772002137.204139,13.914394137832934,2.484883135465367,4.491944393010824,500.0,-0.4848831354653669
1772002137.2082353,13.924728898188857,2.480342485421379,4.3704744147496335,500.0,-0.4803424854213789
1772002137.212565,13.935047158574742,2.47638249261223,1.5266018039944416,500.0,-0.4763824926122302
1772002137.2165663,13.945360437664885,2.475186981634408,1.527795407915927,500.0,-0.47518698163440787
1772002137.2207682,13.955721914003634,2.4867543212999044,1.516226070943854,500.0,-0.48675432129990437
1772002137.2249484,13.966084871941781,2.4871099051554877,1.3501543644178136,500.0,-0.4871099051554877
1772002137.2290683,13.976431549808103,2.4832026879171365,3.956659445430211,500.0,-0.4832026879171365
1772002137.2333198,13.986768620615317,2.4808969937315934,1.522077303323229,500.0,-0.48089699373159345
1772002137.2374234,13.997099358704423,2.4793771413852554,2.3382562390181505,500.0,-0.47937714138525545
1772002137.2415888,14.007524467309906,2.5020260653160724,1.5009442582268282,500.0,-0.5020260653160724
1772002137.2457871,14.0179140573987,2.4935016213103105,1.5094666027199843,500.0,-0.4935016213103105
1772002137.2499473,14.028274439582956,2.4864917242216547,4.760793270624984,500.0,-0.48649172422165465
1772002137.2541509,14.03862290051299,2.4836306232081697,2.622811882028514,500.0,-0.48363062320816974
1772002137.2582533,14.048962752851594,2.481564561264824,2.639551365205737,500.0,-0.48156456126482405
1772002137.2624366,14.059396262661902,2.5040423544740062,1.4989177647349208,500.0,-0.5040423544740062
1772002137.266602,14.069792320329832,2.495053840303014,6.016192484826557,500.0,-0.4950538403030138
1772002137.2707827,14.080155137430465,2.48707610415205,1.5158798478871227,500.0,-0.48707610415205016
1772002137.2708147,14.080155137430465,2.48707610415205,1.5158798323259717,500.0,-0.48707610415205016
1772002137.2749,14.090504220386677,2.483779909491088,1.5191740384816745,500.0,-0.48377990949108796
1772002137.2790775,14.10084348798667,2.4814242239986632,2.9034103712702866,500.0,-0.48142422399866325
1772002137.2832365,14.111274190412308,2.5033685821527913,-4.0,500.0,-0.5033685821527913
1772002137.2874713,14.121710906230238,2.5048117963033207,1.498135995580716,500.0,-0.5048117963033207
1772002137.2915595,14.132112711858554,2.496433350796023,7.255673523367831,500.0,-0.496433350796023
1772002137.295814,14.142488359260785,2.4901553765353377,1.5127882446440593,500.0,-0.4901553765353377
1772002137.300005,14.15283333504971,2.4827941893421053,4.382261581807738,500.0,-0.4827941893421053
1772002137.304074,14.163268188384224,2.50436480028335,-4.0,500.0,-0.5043648002833501
1772002137.3083127,14.17370203664253,2.5041235819933667,1.6036577038185424,500.0,-0.5041235819933667
1772002137.312404,14.1840964248144,2.4946531612491247,7.538160584487692,500.0,-0.49465316124912473
1772002137.3166177,14.194444943975974,2.483644598777316,6.7000188852362434,500.0,-0.48364459877731614
1772002137.320764,14.204778552064354,2.4800659412112553,3.636946751800866,500.0,-0.48006594121125534
1772002137.3249075,14.215196663340501,2.5003467062752756,1.5025826144543122,500.0,-0.5003467062752756
1772002137.3291183,14.225611439359097,2.4995462444629264,1.8832825469349366,500.0,-0.4995462444629264
1772002137.3332253,14.2359868010057,2.4900867951845145,8.111725010989844,500.0,-0.4900867951845145
1772002137.337426,14.246331852360997,2.4828123252715177,1.5201107901259685,500.0,-0.48281232527151774
1772002137.3416283,14.256642381878653,2.4745270842371325,5.885863543312808,500.0,-0.4745270842371325
1772002137.3457146,14.266948974357986,2.473582195039932,2.264956904603335,500.0,-0.47358219503993215
1772002137.349963,14.277232538015978,2.468055277918058,1.5348618510555347,500.0,-0.468055277918058
1772002137.3541284,14.287497205939317,2.46352030160157,3.5764571878842935,500.0,-0.4635203016015699
1772002137.3583198,14.297754801463222,2.4618229257373803,2.3004834309177014,500.0,-0.46182292573738026
1772002137.362448,14.308008754424044,2.4609487105973535,1.9539540856981104,500.0,-0.46094871059735354
1772002137.366563,14.318257231972973,2.459634611743171,2.435862687984238,500.0,-0.4596346117431711
1772002137.3708134,14.328555009179226,2.4714665295005944,1.5314409469124697,500.0,-0.4714665295005944
1772002137.374947,14.338858778221594,2.4729045701682226,1.5300009560790253,500.0,-0.4729045701682226
1772002137.3790803,14.349149416683629,2.4697532308884833,3.4247675088106937,500.0,-0.4697532308884833
1772002137.3832648,14.359433031460924,2.4680675465509676,2.3892476624645997,500.0,-0.4680675465509676
1772002137.3873925,14.36971136812561,2.4668007995250294,2.4071025020967376,500.0,-0.4668007995250294
1772002137.3916233,14.380029328969504,2.476310602534525,-2.9425450910140807,500.0,-0.4763106025345252
1772002137.391665,14.380029328969504,2.476310602534525,1.5265870765129912,500.0,-0.4763106025345252
1772002137.3957412,14.390327530658233,2.4715684052947653,4.42444978349214,500.0,-0.4715684052947653
1772002137.3999047,14.40061488975289,2.468966182717522,1.5339275932506196,500.0,-0.468966182717522
1772002137.40412,14.410895221848985,2.4672797030629527,2.3003265129168993,500.0,-0.46727970306295274
1772002137.4083161,14.421173674111666,2.4668285430431163,1.728173209801861,500.0,-0.4668285430431163
1772002137.4125087,14.431502735909193,2.4789748314066395,1.523913054699934,500.0,-0.47897483140663955
1772002137.4166787,14.441834901078288,2.479719640582654,1.2625651084572296,500.0,-0.4797196405826538
1772002137.4207559,14.452150499854584,2.4757437063111833,1.5271402184425733,500.0,-0.47574370631118335
1772002137.4249005,14.46245567128952,2.4732411443847506,3.1200204294959644,500.0,-0.4732411443847506
1772002137.4290667,14.472754024140471,2.471604684228285,2.6016552405372555,500.0,-0.47160468422828483
1772002137.43329,14.483145409728428,2.493932541109356,-4.0,500.0,-0.493932541109356
1772002137.4374413,14.49349876762993,2.4848058963607906,5.886677466889452,500.0,-0.48480589636079063
1772002137.4416945,14.503818287627906,2.476684799514252,4.114021859875457,500.0,-0.4766847995142518
1772002137.445789,14.51412366927052,2.473291594227356,1.5295803316675152,500.0,-0.4732915942273559
1772002137.4499016,14.524419003559354,2.470880229320206,3.067321435901082,500.0,-0.4708802293202061
1772002137.454093,14.534806886961036,2.4930920164035206,-4.0,500.0,-0.4930920164035206
1772002137.458252,14.545153875176323,2.483277171668918,6.927331642191845,500.0,-0.4832771716689179
1772002137.4625323,14.555462445591665,2.47405689968206,4.42021810375029,500.0,-0.47405689968206
1772002137.4666147,14.565755218712075,2.4702655488983574,3.304415651897263,500.0,-0.47026554889835737
1772002137.470741,14.576037321354173,2.4677046341034616,1.535155378840753,500.0,-0.46770463410346164
1772002137.474923,14.586409838952246,2.4894042235375475,1.5134538301854876,500.0,-0.48940422353754753
1772002137.4791043,14.59678482210777,2.4899959573254957,1.2234243178163196,500.0,-0.4899959573254957
1772002137.4832604,14.607123070572039,2.481179631424375,6.871164548591968,500.0,-0.48117963142437503
1772002137.4874787,14.617433652528545,2.474539669561589,4.6313784288865625,500.0,-0.4745396695615889
1772002137.4916048,14.627714744620615,2.467462102096915,5.079921561222042,500.0,-0.4674621020969152
1772002137.4957633,14.638085013677497,2.488864573651392,-4.0,500.0,-0.48886457365139213
1772002137.4999475,14.648451418996798,2.4879372766321093,1.9525307266934497,500.0,-0.4879372766321093
1772002137.504097,14.658777018899354,2.4781439766134685,1.5246999971688415,500.0,-0.4781439766134685
1772002137.5084286,14.669055022950465,2.4667209722664873,4.570898631615508,500.0,-0.46672097226648734
1772002137.5124147,14.679319397805767,2.463449965272248,3.49235772705891,500.0,-0.46344996527224813
1772002137.5166,14.689669840966767,2.484106358640045,-4.0,500.0,-0.4841063586400449
1772002137.5207753,14.700014439918874,2.4827037485056067,2.2081993843707086,500.0,-0.4827037485056067
1772002137.5208123,14.700014439918874,2.4827037485056067,1.5201323129489979,500.0,-0.4827037485056067
1772002137.5249407,14.71031819638005,2.4729015506819283,1.529932525269181,500.0,-0.4729015506819283
1772002137.5291598,14.720575078367764,2.4616516770516763,1.5411804025425753,500.0,-0.4616516770516763
1772002137.5375092,14.738381026754215,2.0453693443167626,10.0,500.0,-0.04536934431676265
1772002137.5416567,14.74712208165334,2.0978531757896017,1.904975918770697,500.0,-0.09785317578960173
1772002137.5458221,14.755585387744501,2.03119346187892,10.0,500.0,-0.031193461878920026
1772002137.5499682,14.764139044689992,2.052877666917692,-4.0,500.0,-0.0528776669176918
1772002137.554153,14.772547157048852,2.0179469661263174,10.0,500.0,-0.01794696612631741
1772002137.5583065,14.780987920859122,2.025783314465088,1.9770449632718916,500.0,-0.02578331446508786
1772002137.5666542,14.797701601690747,2.006280281995014,1.4929694218835703,500.0,-0.006280281995013848
1772002137.5708015,14.806045067105892,2.002431699634631,2.0003964279872366,500.0,-0.0024316996346311903
1772002137.5749297,14.814391988720839,2.0032611875874067,1.5612520148133837,500.0,-0.0032611875874066776
1772002137.5791254,14.822724744740226,1.9998614446527692,2.002966659749345,500.0,0.00013855534723083984
1772002137.5832345,14.831049022501238,1.997826662642935,2.0050014425942404,500.0,0.0021733373570649306
1772002137.5916107,14.847702088002071,1.9977752893507137,2.5667300867107654,500.0,0.00222471064928631
1772002137.5957403,14.85602741443647,1.998078344255814,1.82218541726925,500.0,0.0019216557441859017
1772002137.5998805,14.864344486473616,1.996097288914835,3.5038746923275044,500.0,0.003902711085165045
1772002137.604071,14.872647485648628,1.992719802002735,4.078167747239272,500.0,0.007280197997264981
1772002137.6082826,14.880969739181316,1.9973408478451935,2.0054873348315483,500.0,0.002659152154806499
1772002137.6165478,14.89759392938028,1.99544855168773,2.0073796655938856,500.0,0.004551448312269946
1772002137.6207438,14.90587573804658,1.987634079912115,2.0151941575468815,500.0,0.012365920087884952
1772002137.6249046,14.914201108226921,1.9980888432817228,-4.0,500.0,0.0019111567182772404
1772002137.6290858,14.92249965686541,1.9916516732374967,2.0111766232487303,500.0,0.0083483267625033
1772002137.6332483,14.930827359936334,1.9986487370218906,2.004179593217649,500.0,0.001351262978109391
1772002137.641656,14.94744849142713,1.9912148281183844,4.773264497905653,500.0,0.00878517188161565
1772002137.6457455,14.955784391361838,2.000615984330194,-3.7647063752131267,500.0,-0.0006159843301940526
1772002137.6499195,14.964095084877792,1.9945664438289419,5.42558340666332,500.0,0.005433556171058118
1772002137.6541357,14.97242499042901,1.9991773322924224,0.04274177377379407,500.0,0.0008226677075775513
1772002137.6582243,14.980751887502121,1.998455297546825,2.51122385575652,500.0,0.001544702453174951
1772002137.6665795,14.99741171375903,1.9986387620973574,2.63598187872033,500.0,0.0013612379026426424
1772002137.6708055,15.005750433621026,2.001292766878938,2.0015356508782403,500.0,-0.0012927668789379787
1772002137.6749256,15.014077905799379,1.9985933228047623,3.4442718567169957,500.0,0.0014066771952376822
1772002137.6790934,15.022412650117284,2.0003386362969806,1.0639801203843642,500.0,-0.00033863629698061004
1772002137.6832554,15.03076481654408,2.0045199424312083,-0.32841378723722725,500.0,-0.004519942431208346
1772002137.6915865,15.047488728696601,2.008248138885418,1.994580235294866,500.0,-0.008248138885417866
1772002137.6957557,15.055852206689472,2.007234718289084,2.5869806214819473,500.0,-0.007234718289084174
1772002137.6999278,15.0642278636881,2.0101576796705447,0.45779881565797104,500.0,-0.010157679670544706
1772002137.7040749,15.072620533320157,2.014240711693778,-0.48440559266073446,500.0,-0.014240711693778163
1772002137.7082312,15.081021467618772,2.016224231667621,0.7164534777381639,500.0,-0.01622423166762088
1772002137.7166216,15.097582324941227,1.966535739403268,10.0,500.0,0.03346426059673191
1772002137.7207735,15.105947405288306,2.007619283299017,-4.0,500.0,-0.007619283299017177
1772002137.7249289,15.114346573361562,2.015800337581508,-2.31564656968305,500.0,-0.015800337581508117
1772002137.7291262,15.122549727062065,1.9687568881209032,10.0,500.0,0.031243111879096785
1772002137.7333267,15.130918289537938,2.0084549942093592,1.9943732836777555,500.0,-0.008454994209359246
1772002137.7416253,15.147619162808967,2.0223346073378794,-4.0,500.0,-0.022334607337879397
1772002137.745777,15.156092294353778,2.0335515707546543,-3.384618617983225,500.0,-0.033551570754654314
1772002137.749956,15.164429714985406,2.0009809515907495,10.0,500.0,-0.0009809515907495125
1772002137.754189,15.172864544551578,2.024359095881151,-4.0,500.0,-0.02435909588115104
1772002137.7583954,15.181435530523219,2.0570366331937646,-4.0,500.0,-0.05703663319376462
1772002137.7624943,15.190036389281222,2.0642061019207247,1.9386216114922965,500.0,-0.06420610192072473
1772002137.7708313,15.207058088008793,2.026649739668054,10.0,500.0,-0.02664973966805384
1772002137.774963,15.21543861538043,2.0113265691929327,1.9915005335715898,500.0,-0.011326569192932734
1772002137.7791154,15.2240717556767,2.0719536711050344,1.9308733739436839,500.0,-0.07195367110503437
1772002137.7833242,15.232686615608198,2.0675663835596123,3.5637221031081903,500.0,-0.06756638355961231
1772002137.787482,15.241246145180515,2.0542870973561813,7.172207666856074,500.0,-0.05428709735618131
1772002137.7958276,15.258505281315356,2.1032568291014138,1.8995692358550753,500.0,-0.10325682910141376
1772002137.799958,15.2671636316161,2.0780040721784934,10.0,500.0,-0.07800407217849337
1772002137.8041227,15.275811404466813,2.0754654841712843,1.9273598344419396,500.0,-0.07546548417128429
1772002137.8083253,15.284436131265085,2.069934431585256,1.9328905710782107,500.0,-0.06993443158525592
1772002137.8124702,15.293151412602318,2.091667520935974,1.9111571874343045,500.0,-0.09166752093597408
1772002137.8166351,15.30174559796896,2.0626044879941103,10.0,500.0,-0.06260448799411034
1772002137.8208294,15.310464738164896,2.092593647024771,-4.0,500.0,-0.09259364702477102
1772002137.8291838,15.327796630936938,2.0952652446383873,-4.0,500.0,-0.09526524463838726
1772002137.8333242,15.33637365188073,2.0584850265104038,10.0,500.0,-0.05848502651040377
1772002137.837529,15.345104898117315,2.095499096780151,1.90732366811698,500.0,-0.09549909678015078
1772002137.841632,15.353697379662316,2.0621955708004838,10.0,500.0,-0.06219557080048377
1772002137.8457844,15.362442386556612,2.098801654630912,-4.0,500.0,-0.09880165463091206
1772002137.8499305,15.371014521179319,2.057312309449654,10.0,500.0,-0.05731230944965393
1772002137.8582747,15.388339472597373,2.0623546757892233,10.0,500.0,-0.06235467578922327
1772002137.8624475,15.397064436607474,2.0939913624240636,-4.0,500.0,-0.09399136242406358
1772002137.8665874,15.405664989330829,2.0641326536052764,10.0,500.0,-0.06413265360527642
1772002137.870765,15.414316844679222,2.0764452836145075,-4.0,500.0,-0.07644528361450753
1772002137.8749259,15.422998070375954,2.0834941672155334,-1.8529436399210804,500.0,-0.08349416721553338
1772002137.8790824,15.431660232864603,2.0789189972757027,1.9239004894149974,500.0,-0.07891899727570273
1772002137.8832538,15.440333680812326,2.0816275074533896,0.4039542444268709,500.0,-0.08162750745338965
1772002137.8917494,15.457671186089327,2.0836217947689892,0.1335393601895163,500.0,-0.08362179476898923
1772002137.8957486,15.466338655792683,2.080192728805428,3.9306596363324156,500.0,-0.08019272880542783
1772002137.8999019,15.475013415898314,2.081942425351573,0.7830832606830875,500.0,-0.08194242535157281
1772002137.904088,15.48365817133612,2.07474130507346,5.8506329956837835,500.0,-0.07474130507346022
1772002137.9082525,15.492351201664965,2.0863272789224676,1.9164898794999008,500.0,-0.08632727892246761
1772002137.9124084,15.501009945034339,2.0780984086496677,1.9247183921384114,500.0,-0.07809840864966766
1772002137.9207377,15.51833631936074,2.075684770529636,6.228214633626692,500.0,-0.07568477052963596
1772002137.9249084,15.52703111616459,2.0867512329238664,-4.0,500.0,-0.08675123292386644
1772002137.9290655,15.53569098232806,2.078367879232885,1.9244475757134976,500.0,-0.0783678792328848
1772002137.9332335,15.544374165001747,2.083963841684847,-1.6713846905186398,500.0,-0.08396384168484694
1772002137.9374335,15.553007813547676,2.072075651023281,7.902318244820729,500.0,-0.07207565102328095
1772002137.9416356,15.561724493669226,2.0920032291718096,-4.0,500.0,-0.09200322917180959
1772002137.9457521,15.570360388106302,2.0726146648979484,1.9301994299230936,500.0,-0.07261466489794843
1772002137.9541218,15.58768340811589,2.0777532732249493,2.8439398125734803,500.0,-0.07775327322494929
1772002137.958283,15.596370192279375,2.08482819923636,1.917984932072964,500.0,-0.0848281992363602
1772002137.9625373,15.605022535638405,2.0765624061669326,4.742026931346901,500.0,-0.07656240616693255
1772002137.9666202,15.613674443304772,2.0764578399281284,1.973074469873437,500.0,-0.07645783992812838
1772002137.9707992,15.622350015428932,2.082137309798551,1.9206748292693234,500.0,-0.08213730979855116
1772002137.9749572,15.631017826868273,2.0802747454420767,2.7427114494292404,500.0,-0.08027474544207669
1772002137.9832923,15.648321900125561,2.0719110973505326,5.91022402089418,500.0,-0.07191109735053258
1772002137.9874747,15.657016332123925,2.086663679607385,1.9161471435022013,500.0,-0.08666367960738519
1772002137.9916081,15.665661451395076,2.074828625076354,7.63370788330942,500.0,-0.0748286250763539
1772002137.9957464,15.67433215836966,2.080969673900083,1.921840482702264,500.0,-0.08096967390008292
1772002137.9999502,15.682965537361737,2.072010958098404,6.0486703688879,500.0,-0.07201095809840385
1772002138.004194,15.691659111082918,2.0864576930836924,-3.180935108696592,500.0,-0.08645769308369244
1772002138.0082767,15.700305305331735,2.0750866197158966,7.425559830155436,500.0,-0.07508661971589659
1772002138.016564,15.717664687592197,2.081317700469674,1.921490793138887,500.0,-0.08131770046967413
1772002138.020784,15.726314498649293,2.075954653702721,4.405558567061887,500.0,-0.07595465370272114
1772002138.0249438,15.73500659189362,2.086102378638463,-2.9545555795370078,500.0,-0.08610237863846315
1772002138.0291557,15.743656061759825,2.075872767889132,1.9269347051091281,500.0,-0.07587276788913222
1772002138.033257,15.752314865243509,2.078112836084167,0.6985244082626039,500.0,-0.07811283608416719
1772002138.0375147,15.760976442545351,2.078778552441875,1.6974792474620226,500.0,-0.07877855244187515
1772002138.045805,15.778316286439349,2.078696836978136,3.6510691937167183,500.0,-0.07869683697813601
1772002138.0499728,15.786984051687714,2.0802636596076187,1.922542170748434,500.0,-0.08026365960761872
1772002138.0541348,15.795635615351516,2.076375279312393,3.5717315066100674,500.0,-0.07637527931239285
1772002138.058361,15.804325746778243,2.085631542414296,-1.17326070609233,500.0,-0.08563154241429594
1772002138.0624924,15.812977895156195,2.076515610708276,1.9262892094514497,500.0,-0.07651561070827606
1772002138.0665731,15.821629299271644,2.076336987707575,2.0393412176992016,500.0,-0.0763369877075748
1772002138.0708299,15.830297406417268,2.0803457149497806,1.9224584671613147,500.0,-0.0803457149497806
1772002138.079158,15.847639239129336,2.080749789037918,2.1248338946532983,500.0,-0.08074978903791807
1772002138.0832732,15.85630396952328,2.0795352945464214,2.5147290263458677,500.0,-0.07953529454642139
1772002138.0874867,15.864955589267238,2.0763887385498343,1.9264141038647808,500.0,-0.0763887385498343
1772002138.0916002,15.873644126609022,2.085248962028248,-2.670405790350839,500.0,-0.08524896202824817
1772002138.0958238,15.88229564130135,2.0763635261586257,5.2318239382050855,500.0,-0.07636352615862574
1772002138.09995,15.890954186988402,2.078050964892581,1.1147215860987014,500.0,-0.07805096489258112
1772002138.1083167,15.90829435550068,2.082364394637103,1.920436800121867,500.0,-0.0823643946371031
1772002138.112497,15.916960205615645,2.0798040275916923,2.9139041124532956,500.0,-0.07980402759169225
1772002138.1166286,15.925628990820663,2.080508449204128,1.6192604419752796,500.0,-0.08050844920412814
1772002138.120836,15.934278416808782,2.0758622371485895,3.7189035387237492,500.0,-0.07586223714858953
1772002138.1249287,15.94296789759788,2.085475389383298,-3.1148730685902373,500.0,-0.0854753893832978
1772002138.129201,15.951618433219464,2.0761285491802064,1.92667095927101,500.0,-0.0761285491802064
1772002138.1332664,15.960302573975722,2.0841937815021625,-2.264150217810208,500.0,-0.0841937815021625
1772002138.1416268,15.977642799988379,2.090022342128983,-4.0,500.0,-0.09002234212898319
1772002138.1457741,15.986274451022346,2.0715962481520678,10.0,500.0,-0.07159624815206778
1772002138.150008,15.99498155542813,2.0897050573877993,-4.0,500.0,-0.08970505738779933
1772002138.1541488,16.003594608909065,2.0671328354245317,10.0,500.0,-0.06713283542453174
1772002138.158365,16.012318454312766,2.093722896888322,-4.0,500.0,-0.09372289688832192
1772002138.1627686,16.0209336405496,2.0676446968399755,6.415639520537077,500.0,-0.06764469683997554
1772002138.1708193,16.03825241379498,2.0733996945933493,1.929396506068367,500.0,-0.07339969459334927
1772002138.1749747,16.046949027977597,2.087187403828731,-3.6921339591808047,500.0,-0.08718740382873102
1772002138.179162,16.05559179452975,2.074263972516466,1.9285315579774942,500.0,-0.07426397251646621
1772002138.183338,16.06428799921287,2.087089123948511,-2.5857653668116463,500.0,-0.0870891239485112
1772002138.1874697,16.072908356882884,2.0688858408037563,9.45608668590588,500.0,-0.06888584080375626
1772002138.191675,16.08162010404012,2.090819317736941,1.9119752485071566,500.0,-0.09081931773694096
1772002138.1958067,16.090247989112253,2.070692417311689,10.0,500.0,-0.07069241731168896
1772002138.2041795,16.10757355613119,2.066774261054695,10.0,500.0,-0.06677426105469486
1772002138.2083328,16.11629164038557,2.092340221050703,-4.0,500.0,-0.09234022105070316
1772002138.2125118,16.12491292113533,2.0691073799423587,9.768507455808717,500.0,-0.06910737994235872
1772002138.2166538,16.133619082615017,2.089478755124837,-4.0,500.0,-0.08947875512483705
1772002138.22079,16.142227910633412,2.0661187244152175,10.0,500.0,-0.06611872441521749
1772002138.2250295,16.150947946274755,2.092808553922368,1.9099833574615332,500.0,-0.0928085539223682
1772002138.2332606,16.168243253017966,2.0824443171750096,-4.0,500.0,-0.08244431717500955
1772002138.237489,16.176879577629983,2.07271790688406,5.8199916234102,500.0,-0.07271790688406021
1772002138.2416358,16.185573689003498,2.086586729643979,-3.864671536794827,500.0,-0.08658672964397907
1772002138.2458787,16.194220542141288,2.0752447530697604,5.484307928972805,500.0,-0.07524475306976042
1772002138.2499676,16.202917806935154,2.087343550528046,-3.1089134845664628,500.0,-0.08734355052804599
1772002138.2542949,16.211529322276956,2.066763682032471,6.724831684154746,500.0,-0.06676368203247085
1772002138.258344,16.220244700093595,2.0916906759935943,-4.0,500.0,-0.09169067599359426
1772002138.266613,16.237549437645228,2.0835390237413227,1.919249589840771,500.0,-0.08353902374132272
1772002138.27081,16.2461771011641,2.070639244529384,1.9321490206790473,500.0,-0.0706392445293842
1772002138.274987,16.254875905797817,2.0877131120920396,1.9150748544951994,500.0,-0.08771311209203958
1772002138.2791796,16.2635172536254,2.073923478619632,1.9288641234142472,500.0,-0.07392347861963211
1772002138.2833157,16.272220431907485,2.08876278770111,-3.8960640297595033,500.0,-0.08876278770111012
1772002138.2876098,16.2808260702521,2.0653532027079486,1.9374337174332896,500.0,-0.06535320270794864
1772002138.2957993,16.298164555459604,2.0685184189479804,10.0,500.0,-0.06851841894798039
1772002138.2999408,16.306853034388283,2.085234942883032,-4.0,500.0,-0.0852349428830319
1772002138.3041303,16.315469686529088,2.0679965137928997,9.284543839026659,500.0,-0.06799651379289973
1772002138.3083246,16.324174009861235,2.0890375997148705,1.913747740565259,500.0,-0.08903759971487046
1772002138.3124864,16.33280616746946,2.0717178259741624,8.47560735249845,500.0,-0.07171782597416243
1772002138.3166564,16.341518491271597,2.090957712512945,-4.0,500.0,-0.09095771251294504
1772002138.320843,16.350127655264718,2.0661993583487908,10.0,500.0,-0.06619935834879076
1772002138.329262,16.367466223847163,2.0701940800990952,7.467956664644351,500.0,-0.07019408009909522
1772002138.3332705,16.376152530745916,2.0847136557005648,-4.0,500.0,-0.08471365570056477
1772002138.3374946,16.38480782301271,2.0772701440306416,4.722408775152305,500.0,-0.07727014403064159
1772002138.3416934,16.39347788265362,2.0808143138182666,1.9219683550610844,500.0,-0.08081431381826665
1772002138.3457866,16.402150072802133,2.081325635642706,1.9214567013583868,500.0,-0.08132563564270612
1772002138.3500464,16.410822052482153,2.0812751232050664,1.9368454752594366,500.0,-0.08127512320506636
1772002138.3583655,16.42814626627335,2.0800924766393583,1.1074764106982453,500.0,-0.08009247663935826
1772002138.3625088,16.436820906503698,2.0819136552833175,1.2403705174326398,500.0,-0.08191365528331751
1772002138.3666625,16.445486562348083,2.079757402652469,1.9230232552883588,500.0,-0.079757402652469
1772002138.3707507,16.454009626237607,2.045535333485869,10.0,500.0,-0.0455353334858688
1772002138.3749888,16.462800754126693,2.1098706933806173,-4.0,500.0,-0.10987069338061728
1772002138.3791132,16.47134201407354,2.0499023872426165,10.0,500.0,-0.04990238724261653
1772002138.3874123,16.48852827587459,2.0607688333510925,1.9420103790220575,500.0,-0.06076883335109251
1772002138.3916874,16.497260293862496,2.0956843170972284,1.9070946284423163,500.0,-0.09568431709722836
1772002138.395773,16.505863473313116,2.06476306814914,10.0,500.0,-0.06476306814913979
1772002138.399989,16.514590744792507,2.0945451550535266,1.9082331234830583,500.0,-0.09454515505352656
1772002138.4041653,16.52322032756192,2.0710998646589838,10.0,500.0,-0.07109986465898377
1772002138.4083478,16.531905703322536,2.084490182547881,-2.7864718714489065,500.0,-0.08449018254788099
1772002138.4125035,16.540556313427608,2.076146425217548,1.926630813923831,500.0,-0.07614642521754789
1772002138.4207673,16.557837290134728,2.067676906896429,8.003326249021065,500.0,-0.06767690689642913
1772002138.4250064,16.566532255323413,2.0867916452840807,-4.0,500.0,-0.08679164528408068
1772002138.42915,16.57517116428405,2.0733381505533566,1.9294377975587758,500.0,-0.07333815055335657
1772002138.433287,16.58384478995327,2.0816701606135077,1.9211054825705787,500.0,-0.08167016061350774
1772002138.4374244,16.592454348303537,2.066294004063418,10.0,500.0,-0.06629400406341812
1772002138.4416296,16.601158544924314,2.089007188986156,1.913767835454617,500.0,-0.08900718898615612
1772002138.4499722,16.61847573906323,2.08627447288003,1.9164998894540912,500.0,-0.0862744728800302
1772002138.4541485,16.627083456345304,2.065852147697865,10.0,500.0,-0.06585214769786507
1772002138.4583516,16.635778150531802,2.0867266047599573,-4.0,500.0,-0.0867266047599573
1772002138.4625,16.644411699417503,2.072051732568477,7.1635271725936995,500.0,-0.07205173256847708
1772002138.466629,16.65308539435449,2.0816867848773475,-2.1816891924731525,500.0,-0.08168678487734748
1772002138.4707575,16.661699312732576,2.067340410740603,9.588602997134334,500.0,-0.06734041074060304
1772002138.4749205,16.67029716379654,2.063484255351352,4.092218377884019,500.0,-0.06348425535135194
1772002138.4832704,16.68762639856292,2.074444629532289,6.932871836729309,500.0,-0.07444462953228914
1772002138.487426,16.69628176245871,2.0772873349893977,0.4327554416871897,500.0,-0.07728733498939766
1772002138.4916563,16.704911943683907,2.0712434940476325,4.265217577221816,500.0,-0.07124349404763253
1772002138.4958339,16.713613704978975,2.0884227108165527,1.9143481861232852,500.0,-0.08842271081655273
1772002138.4999917,16.722253700142115,2.073598839153821,7.335765102854775,500.0,-0.07359883915382115
1772002138.5041006,16.73092893410008,2.0820561499116153,-2.3402507669885155,500.0,-0.08205614991161525
1772002138.5124898,16.748261122628275,2.091167764335169,1.9116018302436615,500.0,-0.09116776433516893
1772002138.5166626,16.75689021757338,2.0709827868244237,1.9317864317927096,500.0,-0.07098278682442372
1772002138.520776,16.76557258801502,2.0837689059940083,-4.0,500.0,-0.08376890599400832
1772002138.525034,16.774185014484342,2.0669823526375244,1.9357862195828264,500.0,-0.06698235263752439
1772002138.5291758,16.78289896713805,2.091348636889466,-4.0,500.0,-0.09134863688946604
1772002138.5333092,16.791523034020766,2.069776051852533,10.0,500.0,-0.069776051852533
1772002138.537696,16.800242763459337,2.092735065257044,1.9100325342332225,500.0,-0.092735065257044
1772002138.5458355,16.81757290708844,2.09468097233693,-4.0,500.0,-0.09468097233692996
1772002138.5500073,16.82618665424705,2.0672993180658628,10.0,500.0,-0.06729931806586276
1772002138.5540679,16.83486215664825,2.0821205762881454,-4.0,500.0,-0.0821205762881454
1772002138.558349,16.843496992142057,2.0723605185135727,5.341792878180707,500.0,-0.07236051851357272
1772002138.5625315,16.85218837567746,2.0859320484968635,-2.4160396684098684,500.0,-0.08593204849686353
1772002138.566659,16.860837629542925,2.075820927711309,5.726193129316365,500.0,-0.07582092771130888
1772002138.5749884,16.87815551937077,2.0756528418460376,3.820384559744884,500.0,-0.0756528418460376
1772002138.5791693,16.88683243726403,2.0824602943820443,-0.4640404748162088,500.0,-0.08246029438204427
1772002138.583353,16.895497575578037,2.0796331953621023,2.8423333181145174,500.0,-0.07963319536210234
1772002138.5874524,16.904163672461387,2.0798632520039657,1.922900397932569,500.0,-0.07986325200396571
1772002138.5916722,16.91281205324329,2.0756113876563544,1.9271519262840258,500.0,-0.07561138765635445
1772002138.5958114,16.921487801838445,2.0821796628372584,-0.6451296191659379,500.0,-0.08217966283725842
1772002138.5999885,16.93015284339685,2.079609974017608,2.879077835402168,500.0,-0.07960997401760794
1772002138.6083066,16.947472201862876,2.0762724344742707,3.6233106620846702,500.0,-0.07627243447427068
1772002138.612499,16.956145195635234,2.081518505365714,0.05850317641917524,500.0,-0.08151850536571414
1772002138.6166556,16.96481469506278,2.080679862611591,2.2425846737729334,500.0,-0.08067986261159099
1772002138.6208177,16.97348680949509,2.0813074637537543,1.6818767427230374,500.0,-0.0813074637537543
1772002138.6250246,16.98212891902763,2.0741062878101615,4.35955344929153,500.0,-0.07410628781016149
1772002138.6291628,16.990808541820417,2.0831094702689823,1.9196508772802683,500.0,-0.0831094702689823
1772002138.6374295,17.00814050165839,2.0811981718020585,0.5208142784626928,500.0,-0.08119817180205846
1772002138.6417105,17.01678961981275,2.075788357047344,3.6077419159989246,500.0,-0.07578835704734388
1772002138.6458611,17.025463646983347,2.0817665209430283,0.02681030697894027,500.0,-0.08176652094302828
1772002138.6499717,17.034132041071313,2.0804145811118957,2.4742123872775066,500.0,-0.0804145811118957
1772002138.6541553,17.042807119913896,2.0820189222198433,1.3199274296459755,500.0,-0.0820189222198433
1772002138.6583695,17.051441714193267,2.072302627048937,1.930455376815056,500.0,-0.07230262704893686
1772002138.662518,17.060127916708964,2.0846886037672863,1.918069095548524,500.0,-0.08468860376728626
1772002138.6707706,17.077456361241786,2.0822014646591342,1.9205555697056873,500.0,-0.08220146465913425
1772002138.674979,17.08610149470932,2.074832032208315,4.776739404827136,500.0,-0.07483203220831491
1772002138.67917,17.09478017237435,2.0828826396067828,-0.8765399143517678,500.0,-0.08288263960678277
1772002138.683359,17.10344119926968,2.078646454879497,3.293500444408262,500.0,-0.07864645487949717
1772002138.6875365,17.112123073297486,2.083649766672923,0.318693298528135,500.0,-0.08364976667292279
1772002138.6916502,17.120764516554928,2.0739463817861195,5.662657235536693,500.0,-0.07394638178611945
1772002138.6999888,17.138103476808343,2.07913191221405,3.0795416639551663,500.0,-0.07913191221404992
1772002138.7041492,17.146783067079788,2.0831016651470584,0.3395482630700917,500.0,-0.08310166514705841
1772002138.7083192,17.15542603123227,2.0743113965954407,5.242515311246421,500.0,-0.07431139659544073
1772002138.7124944,17.16409870316228,2.081441263203006,1.9213124543661324,500.0,-0.08144126320300593
1772002138.7166762,17.17276370558702,2.0796005819374415,2.5438866081072455,500.0,-0.07960058193744146
1772002138.7208097,17.18144275351613,2.082971502986718,1.9197815448419449,500.0,-0.08297150298671818
1772002138.7250898,17.190083856110153,2.0738646225652215,4.24210684547457,500.0,-0.07386462256522153
1772002138.7333772,17.20742260512772,2.0788535397879575,1.9238985067244072,500.0,-0.0788535397879575
1772002138.7375286,17.216105602235835,2.0839193059476275,0.33468603575277633,500.0,-0.08391930594762753
1772002138.7415645,17.224741897877905,2.0727109540967255,9.232756543012204,500.0,-0.07271095409672546
1772002138.7458293,17.23342613198732,2.0842161862589426,-2.2015454839964477,500.0,-0.08421618625894256
1772002138.7499807,17.242080474531765,2.077042210666891,4.715032682271383,500.0,-0.0770422106668911
1772002138.7541263,17.25076168601033,2.083490754855399,1.9192596439761447,500.0,-0.08349075485539892
1772002138.7625062,17.268085762434257,2.0847383398331814,-2.1965701940318,500.0,-0.08473833983318135
1772002138.7666714,17.276736183023917,2.0761009415182268,1.926648451308597,500.0,-0.07610094151822677
1772002138.7707806,17.28542635305209,2.0856408067617616,-2.5164756574360334,500.0,-0.08564080676176156
1772002138.7749114,17.294061891206972,2.0725291571714766,9.662275009009866,500.0,-0.07252915717147657
1772002138.779138,17.302749412285582,2.085005058866123,-3.1749792101749557,500.0,-0.08500505886612286
1772002138.7833328,17.311398549097316,2.0757928348162027,5.187619208420539,500.0,-0.07579283481620269
1772002138.787507,17.320096071791383,2.087405446576044,-2.060724965618996,500.0,-0.0874054465760441
1772002138.7958293,17.337413763379075,2.0847058437358528,-2.852669355524185,500.0,-0.08470584373585277
1772002138.8000457,17.346060521950108,2.0752220570481,4.711628568140691,500.0,-0.07522205704810014
1772002138.8041854,17.35475756673388,2.0872907481057794,1.9154556648553818,500.0,-0.08729074810577941
1772002138.808354,17.363394661558914,2.072902758008375,1.9298432958644365,500.0,-0.0729027580083752
1772002138.8125262,17.372077242039158,2.083819315258665,-1.5596953921348415,500.0,-0.08381931525866504
1772002138.8166406,17.380730101325188,2.0766862286469348,4.799368533460212,500.0,-0.07668622864693475
1772002138.8249223,17.398059414100977,2.0743062562533483,7.596556286740743,500.0,-0.0743062562533483
1772002138.829141,17.40673326960211,2.081725320272028,-1.0567617518236379,500.0,-0.08172532027202806
1772002138.833291,17.415394343350382,2.0786576995851114,3.2574059372621074,500.0,-0.07865769958511137
1772002138.8375156,17.42407711232567,2.083864554068575,0.1251107676516967,500.0,-0.08386455406857518
1772002138.8415828,17.43272462679232,2.0754034719961587,6.73931964766523,500.0,-0.07540347199615871
1772002138.8457901,17.441390362000746,2.0797764500218867,0.024741622163819255,500.0,-0.07977645002188671
1772002138.8499768,17.4500577642912,2.0801765497086757,1.9225662052986163,500.0,-0.08017654970867572
1772002138.8583202,17.467388582013033,2.0774209076968093,3.7274623873086985,500.0,-0.07742090769680932
1772002138.862477,17.476052743421015,2.079398737915569,1.1295036700061858,500.0,-0.07939873791556895
1772002138.8666723,17.48472219495187,2.080668367405928,1.481972886695642,500.0,-0.08066836740592809
1772002138.870907,17.493395822774726,2.081670677484896,1.6528730724599974,500.0,-0.08167067748489609
1772002138.8750062,17.5020540929641,2.0779848454503194,3.414828198221772,500.0,-0.07798484545031936
1772002138.8791523,17.51070838398819,2.0770298457816097,2.2906817796711407,500.0,-0.07702984578160965
1772002138.8874686,17.528051557597532,2.0797434845127736,1.922996275644074,500.0,-0.07974348451277358
1772002138.8916314,17.5367205610575,2.080560830392592,1.5589259264762032,500.0,-0.08056083039259221
1772002138.895822,17.545362858048197,2.074151277767571,4.5011822851630106,500.0,-0.0741512777675708
1772002138.899969,17.55405100436017,2.0851551148734404,-2.68051725287543,500.0,-0.08515511487344041
1772002138.9041042,17.5627039451957,2.0767058005278844,6.1512478868103155,500.0,-0.07670580052788445
1772002138.9082568,17.571387288860834,2.0840024796320242,-2.0302308648328173,500.0,-0.08400247963202423
1772002138.912505,17.58002559719566,2.073194000358626,1.9295437574265983,500.0,-0.073194000358626
1772002138.9207807,17.597367617367052,2.0758497759398584,1.9268873213269264,500.0,-0.07584977593985842
1772002138.9249237,17.606057263902617,2.0855151685352236,1.917221612946424,500.0,-0.08551516853522356
1772002138.929108,17.614682939613207,2.07016217054194,9.47519690800386,500.0,-0.07016217054193996
1772002138.9333878,17.623385375230406,2.0885845481274083,-3.6298162826841334,500.0,-0.08858454812740835
1772002138.9374876,17.63202264168051,2.0729439480255603,7.962107359558221,500.0,-0.07294394802556026
1772002138.9416564,17.640725457901254,2.0886758929783795,-4.0,500.0,-0.08867589297837952
1772002138.9500055,17.65805374009624,2.092622850201187,1.910111955786686,500.0,-0.09262285020118721
1772002138.9542422,17.666673762461752,2.068805367722706,8.389357940146658,500.0,-0.06880536772270585
1772002138.9583802,17.67539734996173,2.0936609999951554,-4.0,500.0,-0.09366099999515543
1772002138.962463,17.684064922050673,2.0802173013460306,7.857985818538826,500.0,-0.08021730134603056
1772002138.9667099,17.6927214930555,2.0775770411583667,2.7577919979045373,500.0,-0.07757704115836672
1772002138.9708464,17.70140911930006,2.0850302986944524,-0.757054678247568,500.0,-0.08503029869445244
1772002138.975047,17.710061429487652,2.076554445022498,1.9261782871347621,500.0,-0.0765544450224982
1772002138.983296,17.72738567960419,2.07907891387152,1.7775877190537437,500.0,-0.07907891387152022
1772002138.9874597,17.736065391110415,2.083130761494212,0.17431928480837658,500.0,-0.08313076149421184
1772002138.9915807,17.744725560875537,2.078440743629552,4.685183403377217,500.0,-0.07844074362955178
1772002138.9957836,17.753380271362346,2.07713051683423,2.537059764468759,500.0,-0.07713051683423
1772002138.9999673,17.76205097242984,2.0809682561982443,0.3181116435714193,500.0,-0.08096825619824433
1772002139.0041556,17.770722959245262,2.0812768357009035,1.8045889187661468,500.0,-0.0812768357009035
1772002139.0124896,17.788036167371764,2.0743095026663316,4.4010101199095555,500.0,-0.07430950266633163
1772002139.0167031,17.796724233787337,2.085135939737759,1.9175934966122203,500.0,-0.0851359397377589
1772002139.0208511,17.805377827995702,2.0768626100076304,1.9258664751602568,500.0,-0.0768626100076304
1772002139.0249493,17.814066914245334,2.0853806999117888,-2.014146682986377,500.0,-0.08538069991178876
1772002139.0291598,17.822696652870036,2.071137269928784,7.189349149139956,500.0,-0.071137269928784
1772002139.0333593,17.8313902820188,2.086470995702671,-3.2913791070458887,500.0,-0.0864709957026708
1772002139.0374672,17.840036804800466,2.075165467600147,1.9275622891631692,500.0,-0.0751654676001472
1772002139.0457704,17.857351890392664,2.068928259824443,1.9337988258213432,500.0,-0.06892825982444295
1772002139.049949,17.8660589076667,2.08968414576882,-4.0,500.0,-0.08968414576881978
1772002139.054141,17.87469263407162,2.072094337180573,9.007562973642608,500.0,-0.07209433718057312
1772002139.0583088,17.883406346804907,2.091291055988661,-4.0,500.0,-0.09129105598866083
1772002139.0625045,17.89204506039708,2.0732912621219217,8.092422836486083,500.0,-0.07329126212192172
1772002139.066652,17.90073583886028,2.085786831168431,1.9169386004476339,500.0,-0.08578683116843111
1772002139.0749555,17.918080130233477,2.0865948834089183,-2.776973977401112,500.0,-0.0865948834089183
1772002139.079146,17.926691116671417,2.066636745105446,10.0,500.0,-0.06663674510544615
1772002139.0833337,17.935407923813692,2.092033714146085,-4.0,500.0,-0.09203371414608519
1772002139.0874722,17.944030521052824,2.069423337391459,10.0,500.0,-0.06942333739145878
1772002139.0916545,17.952754092672144,2.0936571886372417,-4.0,500.0,-0.0936571886372417
1772002139.0957952,17.961363903564962,2.0663546142758786,10.0,500.0,-0.06635461427587863
1772002139.099995,17.970080032122286,2.0918708537577464,-4.0,500.0,-0.0918708537577464
1772002139.1082582,17.987383974007308,2.083463590603796,1.91925852255874,500.0,-0.08346359060379616
1772002139.112471,17.9960061420726,2.0693203356700454,7.756332544007236,500.0,-0.06932033567004536
1772002139.1166518,18.004709617101373,2.088834006906004,-4.0,500.0,-0.08883400690600407
1772002139.1207898,18.013344575484954,2.0723900120591376,1.930331093498207,500.0,-0.07239001205913764
1772002139.1249824,18.022054197353057,2.090309248345129,-4.0,500.0,-0.09030924834512888
1772002139.1291325,18.030657603156243,2.064817392764931,10.0,500.0,-0.06481739276493093
1772002139.1374793,18.047995718984744,2.0686980015045773,10.0,500.0,-0.06869800150457728
1772002139.1416109,18.05668093844288,2.0844526699531754,-4.0,500.0,-0.08445266995317535
1772002139.1458108,18.065334163858147,2.076774099663744,4.960692554102499,500.0,-0.07677409966374382
1772002139.1499813,18.074006410042408,2.08133908422248,0.14646125635189722,500.0,-0.08133908422247993
1772002139.1541185,18.08267621466211,2.080753108729103,1.9219653652673978,500.0,-0.08075310872910313
1772002139.1583416,18.09135069554646,2.0818754122435643,1.9208427214927013,500.0,-0.08187541224356432
1772002139.162478,18.10000671084843,2.077443672472535,3.756610462966944,500.0,-0.07744367247253514
1772002139.1708531,18.11734825075507,2.0816762974165854,1.3826840190990786,500.0,-0.08167629741658544
1772002139.1749787,18.12601473982249,2.0799573761803156,1.9227594212537935,500.0,-0.07995737618031562
1772002139.1791735,18.134677644397545,2.0790970980126264,2.2277937083181456,500.0,-0.07909709801262643
1772002139.1833723,18.143339726023385,2.0788995902014693,1.923816541242956,500.0,-0.0788995902014693
1772002139.187476,18.152021206119954,2.0835552231765258,0.009415838067823978,500.0,-0.08355522317652575
1772002139.1916718,18.16067992354788,2.078092182702769,3.8956901560642665,500.0,-0.07809218270276919
1772002139.199997,18.178002941730213,2.0795064177187013,1.923208388293009,500.0,-0.07950641771870126
1772002139.2041693,18.186679822218434,2.0824513171732435,0.8186530289662826,500.0,-0.0824513171732435
1772002139.2083225,18.195341731709537,2.0788582778647116,3.3506297379319308,500.0,-0.07885827786471156
1772002139.2125127,18.204006424250377,2.0795262098013367,1.9231875922076667,500.0,-0.07952620980133673
1772002139.2166483,18.212664528227496,2.0779449545083044,2.5571656958555296,500.0,-0.07794495450830441
1772002139.2207718,18.2213489840541,2.08426939838509,1.9184437518794193,500.0,-0.08426939838509018
1772002139.2252145,18.230003892339546,2.0771779885070276,1.9255347908416265,500.0,-0.07717798850702762
1772002139.2333431,18.24732630917809,2.0803762219862367,0.6989947643420507,500.0,-0.08037622198623673
1772002139.2374835,18.255999184178023,2.081489999984547,1.482065671693508,500.0,-0.08148999998454709
1772002139.2416446,18.264666441809652,2.0801418315909403,1.9225696481805827,500.0,-0.08014183159094035
1772002139.245893,18.27333097722252,2.0794884990887907,1.9232226416671765,500.0,-0.07948849908879074
1772002139.249983,18.281985739774054,2.0771430123678702,2.8503794908946283,500.0,-0.07714301236787025
1772002139.254125,18.290671572511567,2.0845998570030297,1.9181106369899206,500.0,-0.08459985700302974
1772002139.2624228,18.307977369872255,2.076736082600333,1.8800220097416862,500.0,-0.07673608260033316
1772002139.2666857,18.316644211848278,2.0800420742453234,0.8077863003531527,500.0,-0.08004207424532339
1772002139.2708032,18.32531760263751,2.0816137894162505,1.9210953790297194,500.0,-0.08161378941625053
1772002139.2749903,18.333985069794707,2.080192117726613,2.468947248370257,500.0,-0.08019211772661317
1772002139.2792134,18.342650898473515,2.079798882914166,2.04351994209644,500.0,-0.07979888291416604
1772002139.283336,18.35130281082897,2.0764589653087255,1.9262491949739178,500.0,-0.07645896530872553
1772002139.291692,18.368643299092106,2.076304654565608,4.919640239444484,500.0,-0.07630465456560787
1772002139.2957628,18.37729894834236,2.0773558200606823,1.9253513533025985,500.0,-0.07735582006068231
1772002139.3000143,18.385959793809455,2.078602912102591,1.4826960727428349,500.0,-0.07860291210259085
1772002139.3041193,18.394638076261415,2.082787788470512,-0.011596391779699733,500.0,-0.08278778847051216
1772002139.308319,18.40330033011188,2.0789409241113757,3.5017523965566832,500.0,-0.07894092411137565
1772002139.3125138,18.411970408816423,2.080818889090282,1.2808488231146882,500.0,-0.08081888909028212
1772002139.3166635,18.420615749524668,2.0748817699791418,1.9278237382591503,500.0,-0.07488176997914175
1772002139.3250537,18.437957354656987,2.074943488058449,5.581677599264592,500.0,-0.07494348805844897
1772002139.3292384,18.446610428673658,2.0767377640008635,1.4263326426378007,500.0,-0.07673776400086352
1772002139.3333611,18.45527555109984,2.0796293822840926,0.9489120750775497,500.0,-0.07962938228409255
1772002139.3374918,18.463947841423288,2.0813496776270815,1.2676335444586744,500.0,-0.08134967762708145
1772002139.3417132,18.47261759353478,2.0807405067579796,2.108292850409077,500.0,-0.08074050675797961
1772002139.345838,18.48128386389219,2.079904885778736,2.2182544429988185,500.0,-0.07990488577873611
1772002139.3541682,18.49862211602647,2.085239295188628,1.9174632480470715,500.0,-0.08523929518862783
1772002139.358369,18.507274903302267,2.0766689461908334,1.9260332427810485,500.0,-0.07666894619083342
1772002139.3625417,18.51595651256077,2.083586222040607,-0.47372210860193276,500.0,-0.08358622204060717
1772002139.3666427,18.52459499248607,2.0732351820716817,6.3880448632393385,500.0,-0.07323518207168167
1772002139.3708675,18.533293440951674,2.087627631745589,1.9150735819592233,500.0,-0.08762763174558907
1772002139.3749444,18.541935389953743,2.0740677604967175,8.541914748728288,500.0,-0.07406776049671748
1772002139.3791556,18.550632166519037,2.0872263756706038,1.9154741655340057,500.0,-0.08722637567060376
1772002139.3875077,18.567967721734508,2.091583548308916,-4.0,500.0,-0.09158354830891602
1772002139.3916512,18.576590794641408,2.069537497656451,10.0,500.0,-0.06953749765645112
1772002139.3958206,18.585286778437347,2.087036111025505,-4.0,500.0,-0.08703611102550513
1772002139.3999624,18.59390558063046,2.068512526347316,10.0,500.0,-0.06851252634731608
1772002139.4042196,18.602623366862975,2.0922686958039685,-4.0,500.0,-0.09226869580396846
1772002139.4082956,18.611244314503192,2.069027433651991,1.933670758585537,500.0,-0.06902743365199093
1772002139.4166763,18.628556776912543,2.066560604482512,10.0,500.0,-0.066560604482512
1772002139.4208329,18.63727396650704,2.0921255026789782,-4.0,500.0,-0.09212550267897823
1772002139.4250352,18.645895412837444,2.0691471192970323,9.426519650442525,500.0,-0.06914711929703232
1772002139.4291825,18.654617830284618,2.0933801873220115,-4.0,500.0,-0.09338018732201148
1772002139.4333794,18.66324408094215,2.0703001578074045,1.9323960341849242,500.0,-0.0703001578074045
1772002139.4375033,18.671943154621466,2.087777683035773,-4.0,500.0,-0.08777768303577282
1772002139.4416683,18.68058334208451,2.0736449911305743,1.9290505441424224,500.0,-0.07364499113057432
1772002139.4499857,18.697899446060212,2.067180523851815,10.0,500.0,-0.06718052385181483
1772002139.4542005,18.706612667660004,2.091173183950259,1.911521388438793,500.0,-0.09117318395025897
1772002139.4583204,18.715239530528915,2.070447088538931,1.9322471127614147,500.0,-0.070447088538931
1772002139.462442,18.723922815000005,2.083988273061362,-4.0,500.0,-0.08398827306136214
1772002139.4666626,18.7325453476265,2.0694078303585117,7.689032471017853,500.0,-0.06940783035851172
1772002139.4708111,18.741248299967943,2.0887085619467154,-4.0,500.0,-0.08870856194671539
1772002139.4791543,18.758592542780836,2.0901322037100476,-4.0,500.0,-0.0901322037100476
1772002139.4833107,18.767204953447695,2.0669785600466657,10.0,500.0,-0.06697856004666569
1772002139.4875295,18.77591740113543,2.0909874450565686,-4.0,500.0,-0.09098744505656864
1772002139.4916432,18.7845444206449,2.070484682272433,1.932206881468518,500.0,-0.07048468227243321
1772002139.495859,18.79325974863422,2.0916787174373495,1.9110125443959127,500.0,-0.09167871743734946
1772002139.500004,18.801872917100166,2.067160431826688,10.0,500.0,-0.06716043182668807
1772002139.5041587,18.810586087445593,2.091160882902523,-4.0,500.0,-0.091160882902523
1772002139.5125077,18.827932040379473,2.0928428829993013,-4.0,500.0,-0.09284288299930132
1772002139.5165632,18.836638583643907,2.089570383464076,1.9131191692194338,500.0,-0.0895703834640762
1772002139.5208392,18.845253168593153,2.0675003878188263,10.0,500.0,-0.06750038781882628
1772002139.5249743,18.85398216167682,2.0949583400804612,-4.0,500.0,-0.09495834008046122
1772002139.5291612,18.86259146774482,2.0662334563202305,10.0,500.0,-0.06623345632023048
1772002139.5332181,18.871212997409717,2.0691671195749164,-0.37180451492509814,500.0,-0.06916711957491639
1772002139.541664,18.888552270381716,2.071698263287813,8.622940716089563,500.0,-0.07169826328781292
1772002139.5458226,18.897263650681374,2.0907312719183953,1.9119559851659051,500.0,-0.09073127191839525
1772002139.549912,18.905965946144487,2.0885509111473946,3.4102661859019565,500.0,-0.08855091114739455
1772002139.5541658,18.91458586459643,2.0687804284662903,1.9339060855178332,500.0,-0.06878042846629029
1772002139.558334,18.923312464011044,2.0943838595080244,-4.0,500.0,-0.09438385950802441
1772002139.5624816,18.931925134598327,2.06704094094812,10.0,500.0,-0.06704094094811985
1772002139.5666132,18.94054448073957,2.0686430738987696,1.0887805178439967,500.0,-0.06864307389876956
1772002139.5749993,18.957882812675454,2.071205941450061,1.9314789526040403,500.0,-0.07120594145006098
1772002139.5791693,18.96659407624849,2.090703257528822,-4.0,500.0,-0.0907032575288218
1772002139.5832798,18.975270843314966,2.082424095954309,1.920260124636727,500.0,-0.082424095954309
1772002139.5875037,18.983917793773717,2.0752681100998367,1.9274157640210121,500.0,-0.0752681100998367
1772002139.5916903,18.992615347702426,2.0874129428899657,-2.0917398685576227,500.0,-0.0874129428899657
1772002139.5958242,19.001259608257957,2.0746225333271733,1.9280606639891653,500.0,-0.07462253332717328
1772002139.604171,19.018583741411064,2.0831132948471436,-1.1073752969224953,500.0,-0.08311329484714358
1772002139.608324,19.02724416052723,2.0785005878791827,3.71765513185686,500.0,-0.07850058787918268
1772002139.6125824,19.035923575816945,2.083059669531861,0.6938418124356175,500.0,-0.08305966953186106
1772002139.6165848,19.04459786540834,2.0818295019342337,2.6300887421562793,500.0,-0.08182950193423366
1772002139.6208377,19.05324517290261,2.0753537986250707,4.253757247474853,500.0,-0.07535379862507074
1772002139.6249738,19.06194098781156,2.086995578147942,1.9156853224880963,500.0,-0.0869955781479419
1772002139.629187,19.0705845571459,2.0744566402416846,6.13139012306612,500.0,-0.07445664024168464
1772002139.6375194,19.08790707028516,2.082903273601318,1.9197766400388578,500.0,-0.082903273601318
1772002139.6416585,19.0965681789496,2.0786660794662053,3.5287160029293116,500.0,-0.0786660794662053
1772002139.6458247,19.105248274982465,2.0832230478873326,0.1352498125318593,500.0,-0.08322304788733259
1772002139.650017,19.113906440531267,2.0779597317121996,3.697887684316171,500.0,-0.07795973171219961
1772002139.6542034,19.12256700091084,2.0785344910980332,1.7352535325891687,500.0,-0.07853449109803323
1772002139.6583257,19.131246082972407,2.08297969477559,1.9196985489741694,500.0,-0.08297969477558986
1772002139.6666346,19.148569470453204,2.079211396588547,1.5746561040051879,500.0,-0.07921139658854681
1772002139.6708372,19.15722387047167,2.077056004432188,2.7134530409917375,500.0,-0.07705600443218819
1772002139.6749961,19.165910126019867,2.0847013315666625,-0.873478269244095,500.0,-0.08470133156666249
1772002139.679158,19.17456472548511,2.077103871658148,4.85915672353448,500.0,-0.07710387165814803
1772002139.6833882,19.18346767232167,2.1367072407747463,-4.0,500.0,-0.13670724077474627
1772002139.6875675,19.19205279329111,2.06042903266641,10.0,500.0,-0.06042903266641009
1772002139.6916904,19.200760550035653,2.0898616186901537,-4.0,500.0,-0.08986161869015374
1772002139.7000053,19.217933861999914,2.0521357770931883,8.154104306636418,500.0,-0.052135777093188285
1772002139.7041867,19.226524382456393,2.06172490955546,-1.305850495754893,500.0,-0.06172490955546017
1772002139.70835,19.235235912856364,2.090767295993089,1.911906990012162,500.0,-0.09076729599308919
1772002139.712492,19.24384921160962,2.0671917007816187,10.0,500.0,-0.06719170078161874
1772002139.7165937,19.252497127439774,2.075499799237062,-2.6730493438801854,500.0,-0.07549979923706207
1772002139.7207444,19.261139165788972,2.0740892038072434,1.928584118236724,500.0,-0.07408920380724338
1772002139.7291412,19.27846202767805,2.078237582155917,2.380094854406932,500.0,-0.07823758215591692
1772002139.7332866,19.287126802351562,2.0795459216428487,1.330675845589293,500.0,-0.07954592164284868
1772002139.7374985,19.295770158588198,2.0744054967924077,3.7829335761196354,500.0,-0.07440549679240771
1772002139.7416763,19.304423407756055,2.0767798002854767,1.1037205432090307,500.0,-0.07677980028547671
1772002139.7457926,19.313090900264374,2.0801982019967022,0.4386112506290718,500.0,-0.08019820199670225
1772002139.749938,19.321749985589875,2.0781804781206312,2.920131441418775,500.0,-0.07818047812063122
1772002139.754085,19.330405803422522,2.0773962798355323,2.370508430875821,500.0,-0.07739627983553232
1772002139.7624147,19.347731056395766,2.0846508044661816,1.9180193006506006,500.0,-0.08465080446618156
1772002139.766602,19.356380196818954,2.0757937015653907,6.585105784185383,500.0,-0.07579370156539067
1772002139.7708077,19.365058902966346,2.0828894753738965,-1.1844528945936292,500.0,-0.08288947537389646
1772002139.7749612,19.37369427009078,2.072488109864173,6.923198315250786,500.0,-0.0724881098641732
1772002139.7791421,19.382390309133832,2.08704937033262,1.9156194135800684,500.0,-0.08704937033262006
1772002139.783266,19.391036074033178,2.0749835758430364,1.9276848503633557,500.0,-0.07498357584303639
1772002139.791548,19.40839551759665,2.081096207094039,5.168653104117551,500.0,-0.08109620709403886
1772002139.795776,19.417058668742605,2.0791562750293386,2.8765611965697317,500.0,-0.07915627502933864
1772002139.799908,19.425744266072712,2.0845433592260574,1.9181237327177614,500.0,-0.08454335922605738
1772002139.804082,19.43439902284866,2.0771416262272253,6.192895329986676,500.0,-0.07714162622722531
1772002139.8082345,19.44305688963069,2.077888027687167,1.428836272616158,500.0,-0.07788802768716696
1772002139.8124626,19.451741806159212,2.0843799668455554,-1.053519211789708,500.0,-0.08437996684555538
1772002139.8166206,19.460415012456973,2.0815695114627264,3.2345117431505668,500.0,-0.0815695114627264
1772002139.8250175,19.477760574999056,2.0801058880839673,2.9051029017284216,500.0,-0.08010588808396735
1772002139.8291633,19.48644664633688,2.084657121077797,0.2001893947401809,500.0,-0.0846571210777971
1772002139.8333936,19.495125432606137,2.0829087046221564,2.4988980170411708,500.0,-0.08290870462215638
1772002139.8375173,19.503799868612568,2.0818646415429156,2.294284915372936,500.0,-0.08186464154291562
1772002139.8416917,19.51244065182037,2.073787969872975,4.688632635710169,500.0,-0.07378796987297509
1772002139.8458626,19.52114287254513,2.0885329739428578,-3.3158932469640803,500.0,-0.08853297394285775
1772002139.8541424,19.53845691989287,2.07881497234462,1.9238477119169917,500.0,-0.07881497234461987
1772002139.8583634,19.54711589478784,2.0781539747930844,2.151989376961769,500.0,-0.07815397479308439
1772002139.8625076,19.555800301118452,2.0842575193472723,1.9184045070455085,500.0,-0.08425751934727232
1772002139.8666801,19.56446607070516,2.079784700809554,3.566720190504536,500.0,-0.07978470080955402
1772002139.8707712,19.57313221902506,2.0798755967760783,1.9227857526846037,500.0,-0.07987559677607825
1772002139.875026,19.581786167167767,2.076947554249891,2.8777367489843377,500.0,-0.07694755424989097
1772002139.8791304,19.590474282075103,2.085147577760515,-1.688609182073979,500.0,-0.08514757776051507
1772002139.8874536,19.607779187398346,2.0764779384342904,1.9261820829585836,500.0,-0.0764779384342904
1772002139.8916905,19.616449226864727,2.0808094719313255,1.9218502239696957,500.0,-0.08080947193132548
1772002139.895838,19.625120323006968,2.0810630741379246,1.831548900244879,500.0,-0.08106307413792457
1772002139.89997,19.63379022427056,2.0807763032616813,1.921882722464569,500.0,-0.08077630326168128
1772002139.9041212,19.64245685924631,2.0799923941801994,1.9226662974045468,500.0,-0.07999239418019943
1772002139.9084435,19.651109606267678,2.076659285128139,1.9259990614222602,500.0,-0.07665928512813913
1772002139.9167302,19.668448825241722,2.0761017216458644,4.5653814983786845,500.0,-0.07610172164586437
1772002139.920759,19.67709849042173,2.0759196432024636,2.0272235596726076,500.0,-0.07591964320246358
1772002139.9250472,19.68576662866914,2.080353179377687,0.5612353528250162,500.0,-0.08035317937768705
1772002139.9292574,19.694434781682805,2.0803567232800124,1.9222999818948614,500.0,-0.08035672328001242
1772002139.9333699,19.70304259321318,2.0658747672900217,6.705513773855984,500.0,-0.06587476729002173
1772002139.937579,19.711631484436147,2.061333893512483,1.9413222073806349,500.0,-0.06133389351248297
1772002139.941723,19.720207370246346,2.0582125944479794,1.9444432528226256,500.0,-0.05821259444797944
1772002139.950086,19.737324460185746,2.0527351220913554,1.9499202543253127,500.0,-0.052735122091355446
1772002139.9541056,19.745869709474043,2.0508598291913747,2.9683444140751085,500.0,-0.05085982919137466
1772002139.9582675,19.754421684035876,2.0524738948398396,1.0414720620484614,500.0,-0.05247389483983955
1772002139.962403,19.76296964325014,2.051510211423343,2.5901929344050467,500.0,-0.05151021142334322
1772002139.9665666,19.771514315033226,2.0507212279400213,1.95193329111783,500.0,-0.05072122794002132
1772002139.9707723,19.780055664386055,2.049923844678793,2.419671865717138,500.0,-0.04992384467879285
1772002139.9790852,19.797199844359973,2.058361681570878,0.5994702544637756,500.0,-0.058361681570878066
1772002139.9832292,19.805772254068636,2.057378330079278,2.73464851628288,500.0,-0.05737833007927806
1772002139.9874394,19.814496642792754,2.0938532937882304,-4.0,500.0,-0.09385329378823037
1772002139.991664,19.823217824517467,2.0930836139307867,2.2037170916635302,500.0,-0.09308361393078668
1772002139.9957483,19.831940996896535,2.093561370976141,1.9090912267858569,500.0,-0.09356137097614114
1772002139.9998944,19.84066064019503,2.0927143916387845,1.909937818217816,500.0,-0.09271439163878448
1772002140.0082586,19.85813270637461,2.097111062088878,1.380548917149101,500.0,-0.09711106208887799
1772002140.0124707,19.866869600055203,2.0968544833422125,1.9057965276753879,500.0,-0.09685448334221247
1772002140.0166073,19.875603266443907,2.0960799332884914,1.9065706779373808,500.0,-0.0960799332884914
1772002140.0207481,19.884350013872346,2.0992193828251824,0.045539364877204225,500.0,-0.09921938282518239
1772002140.0249279,19.893099559671555,2.099890991809626,1.5284156493041556,500.0,-0.0998909918096258
1772002140.0291696,19.901684989011116,2.0605030414943273,10.0,500.0,-0.06050304149432728
1772002140.0333204,19.91030862089545,2.0696716522397116,-1.9222546751171414,500.0,-0.06967165223971161
1772002140.041698,19.927633166862865,2.088579641566025,-4.0,500.0,-0.08857964156602494
1772002140.0458407,19.936268764410958,2.072543411542205,7.810832525582885,500.0,-0.07254341154220478
1772002140.0500476,19.94495162587059,2.083886750312302,1.918761120014432,500.0,-0.0838867503123022
1772002140.054223,19.953594938760588,2.074395093599439,4.756735108916107,500.0,-0.07439509359943886
1772002140.0583694,19.96227262000228,2.0826434980065125,-0.9099607503701339,500.0,-0.0826434980065125
1772002140.0625255,19.970933206967107,2.078540871557954,1.9241059979664386,500.0,-0.07854087155795408
1772002140.0708373,19.98826035996455,2.075512903240634,4.7513279892650955,500.0,-0.07551290324063409
1772002140.0750508,19.996930959096336,2.080943791628671,1.9217020882232154,500.0,-0.08094379162867105
1772002140.0791276,20.005598923633762,2.080311488982172,0.0,50.0,-0.08031148898217211
