tiempo,y,vy,velocidad_ruedas,fuerza_ruedas,error
1771866709.45245,0.0100788507262969,0.4027649318802575,33.82085593173912,500.0,1.5972350681197425
1771866709.4774773,0.020237949275459924,0.4087617462923637,33.55970791606498,500.0,1.5912382537076364
1771866709.5024934,0.030528470889013084,0.4134765127453452,34.99199704701042,500.0,1.5865234872546548
1771866709.5274627,0.04091659676164911,0.41678373526812235,32.60677599145447,500.0,1.5832162647318777
1771866709.5524464,0.05136524177062061,0.4185530599037048,35.3621030814854,500.0,1.5814469400962952
1771866709.573277,0.060089628457530436,0.4187553110859701,36.094882466608865,500.0,1.58124468891403
1771866709.5982742,0.07054176215188858,0.41734748399473426,36.76620732274153,500.0,1.5826525160052658
1771866709.623258,0.08093065713815348,0.4139947180553903,38.24152451298817,500.0,1.5860052819446098
1771866709.648257,0.09120531005471047,0.40853201666290556,39.159189622941874,500.0,1.5914679833370944
1771866709.673284,0.10131039934541423,0.40078086840644805,40.32707577808147,500.0,1.599219131593552
1771866709.6982882,0.1111859099481079,0.3905466117588694,40.2972701692536,500.0,1.6094533882411306
1771866709.72328,0.1207666937640266,0.377616028404909,59.272727272727266,500.0,1.622383971595091
1771866709.75244,0.1314770107207025,0.3588087307415276,43.4302814789484,500.0,1.6411912692584725
1771866709.7774546,0.14016810996794674,0.33920047459348107,44.29048488403056,500.0,1.6607995254065189
1771866709.8108346,0.15089890238221593,0.3075179767559986,44.358008373100986,500.0,1.6924820232440014
1771866709.8441792,0.16188432675919223,0.6145264733691425,-25.575757575757574,500.0,1.3854735266308575
1771866709.8608787,0.17156468678052295,0.5805867841119792,32.095234919177365,500.0,1.4194132158880208
1771866709.877474,0.18149832576553948,0.605351725849055,26.736634656566114,500.0,1.3946482741509452
1771866709.8941627,0.19155723261166652,0.5984556166304734,37.50798611135427,500.0,1.4015443833695267
1771866709.910813,0.20137409047021598,0.5830230096204015,37.63699128987428,500.0,1.4169769903795983
1771866709.927455,0.21090023853165887,0.5641649102773475,41.326997253975996,500.0,1.4358350897226524
1771866709.9441757,0.220061652753791,0.5402707757977327,39.03170789554478,500.0,1.4597292242022673
1771866709.964987,0.23208143715330018,0.7263546409832526,-25.575757575757574,500.0,1.2736453590167474
1771866709.9775074,0.24381552827485176,1.0107616609604209,-25.575757575757574,500.0,0.9892383390395791
1771866709.9858034,0.2536694447286047,1.1953160509171115,0.05307103216102854,500.0,0.8046839490828885
1771866709.9941351,0.26478187928686275,1.342502475853016,4.073037446121078,500.0,0.657497524146984
1771866709.9983153,0.27087391345869144,1.4620882012388896,-25.575757575757574,500.0,0.5379117987611104
1771866710.0066679,0.28380580495633434,1.612336337341837,-25.575757575757574,500.0,0.3876636626581631
1771866710.0107903,0.29071159497451216,1.6573896043626721,-25.575757575757574,500.0,0.34261039563732787
1771866710.0191727,0.30504616513822747,1.7684522932346876,-25.575757575757574,500.0,0.23154770676531244
1771866710.0232909,0.3125909222287849,1.810741701733784,-25.575757575757574,500.0,0.1892582982662161
1771866710.0274765,0.32032744960069276,1.8567665692578919,-25.370858012246952,500.0,0.14323343074210815
1771866710.0358584,0.33620470792535334,1.8719358730573175,45.64585993397883,500.0,0.12806412694268254
1771866710.040006,0.3443459200978073,1.9538909213889435,-25.575757575757574,500.0,0.04610907861105651
1771866710.0441513,0.3522779372127404,1.9036841075839506,59.272727272727266,500.0,0.09631589241604943
1771866710.0483055,0.36023302856863043,1.9092219254135983,5.413106193637727,500.0,0.09077807458640175
1771866710.0566788,0.37618110382833914,1.8815705548327026,59.272727272727266,500.0,0.11842944516729736
1771866710.060802,0.3841481501536078,1.9120911180644873,-16.299405565054286,500.0,0.08790888193551272
1771866710.0649602,0.39210715658132367,1.9101615426518097,11.557394964187763,500.0,0.08983845734819029
1771866710.069205,0.40020087518675096,1.94249246530255,-25.575757575757574,500.0,0.05750753469745007
1771866710.0774686,0.41596717583472304,1.9159498209938297,-25.575757575757574,500.0,0.08405017900617029
1771866710.0816321,0.4239143722016198,1.9073271280552242,17.238171446957924,500.0,0.0926728719447758
1771866710.085852,0.43204476398358826,1.9512940276724318,-13.89815060319447,500.0,0.04870597232756824
1771866710.094144,0.4476159880950016,1.8917050110472933,-25.575757575757574,500.0,0.10829498895270673
1771866710.0983076,0.4554552120607754,1.8814137517857181,59.272727272727266,500.0,0.11858624821428188
1771866710.1025076,0.46355659216245254,1.944331224402512,-25.575757575757574,500.0,0.05566877559748806
1771866710.1066487,0.4713737502652041,1.8761179446603762,59.272727272727266,500.0,0.12388205533962382
1771866710.114979,0.4872381263537242,1.902201893705077,12.18532949070327,500.0,0.09779810629492292
1771866710.1192095,0.4953885282649623,1.9560964586971452,-15.06105903503877,500.0,0.04390354130285479
1771866710.1233678,0.5032225347807839,1.8801615637971894,45.394798912729776,500.0,0.11983843620281065
1771866710.1274753,0.5112065298056133,1.9161588059590586,-25.575757575757574,500.0,0.08384119404094137
1771866710.135864,0.5271895205443553,1.9243274787357783,3.20210101470616,500.0,0.07567252126422175
1771866710.14,0.5350749804664294,1.892510381297802,29.446714605483912,500.0,0.10748961870219809
1771866710.1441789,0.5430835275982063,1.9220513116264544,-6.677993417822082,500.0,0.07794868837354563
1771866710.148341,0.5509676394621743,1.8921868473523065,59.272727272727266,500.0,0.10781315264769353
1771866710.1566455,0.5669998398373449,1.8813797822865435,59.272727272727266,500.0,0.11862021771345654
1771866710.160818,0.5750015705055176,1.9204153603614271,-18.236926435327728,500.0,0.07958463963857287
1771866710.1650522,0.5828762402075053,1.8899207284770565,23.044866508182427,500.0,0.1100792715229435
1771866710.169197,0.591040726523884,1.9594767159308897,-24.84127842515996,500.0,0.04052328406911032
1771866710.1774805,0.6068246993015108,1.9124769930636063,-25.575757575757574,500.0,0.0875230069363937
1771866710.1816957,0.6146913959404524,1.8880071933459672,22.329550537961552,500.0,0.11199280665403277
1771866710.1858723,0.6228343839816864,1.9543171298961783,-21.57464882576962,500.0,0.04568287010382166
1771866710.189988,0.6306333584504414,1.8717538725012042,59.272727272727266,500.0,0.12824612749879583
1771866710.198338,0.646442361791701,1.8878735657918253,21.178427176238404,500.0,0.1121264342081747
1771866710.202534,0.6545088850075156,1.9359655717954862,-13.442617542408234,500.0,0.06403442820451377
1771866710.2066472,0.6622505659572081,1.8580034279262028,59.272727272727266,500.0,0.14199657207379723
1771866710.2108073,0.6701190546669539,1.8884372903389781,-14.336915021714125,500.0,0.11156270966102189
1771866710.2192159,0.6860161939902935,1.9347911253584062,-14.97730184211949,500.0,0.06520887464159375
1771866710.2233312,0.6937510626567385,1.8563684799467983,59.272727272727266,500.0,0.14363152005320168
1771866710.2275367,0.7016044471552592,1.8848122796449691,-3.165401113285807,500.0,0.11518772035503089
1771866710.2358906,0.7172489385129883,1.8557029147230075,29.117154846305013,500.0,0.14429708527699248
1771866710.2399852,0.725124654298903,1.8901717886195473,-13.52692931604467,500.0,0.10982821138045273
1771866710.2441561,0.732959130720745,1.8802743412420697,59.272727272727266,500.0,0.11972565875793029
1771866710.2484233,0.7408128853278416,1.8849011057031693,-25.575757575757574,500.0,0.11509889429683073
1771866710.256696,0.7563962622930949,1.8742056589673544,5.433853145569686,500.0,0.12579434103264564
1771866710.2608788,0.7641943982520485,1.871552630148866,40.31951289858415,500.0,0.12844736985113392
1771866710.2650883,0.7719761317200959,1.8676160323314006,11.86231403579,500.0,0.1323839676685994
1771866710.2733977,0.7874665598400806,1.8373812647820933,59.272727272727266,500.0,0.1626187352179067
1771866710.2776415,0.7956965089060015,1.9751877758210066,-25.575757575757574,500.0,0.024812224178993425
1771866710.2816994,0.8035288922657637,1.8797720063429229,59.272727272727266,500.0,0.12022799365707715
1771866710.2859116,0.8112641699382899,1.8564666414062785,59.272727272727266,500.0,0.14353335859372152
1771866710.2942011,0.8269559382134153,1.8494092572081031,43.85774808471928,500.0,0.15059074279189688
1771866710.298441,0.8350352002279596,1.9390228834906305,-19.08307803633097,500.0,0.060977116509369544
1771866710.3024883,0.8429168641285766,1.8915993361480652,41.921978665136166,500.0,0.10840066385193481
1771866710.3066514,0.8508098515716214,1.8943169863307425,8.082101309253542,500.0,0.10568301366925748
1771866710.3150203,0.8664675880027065,1.8648619894164373,59.272727272727266,500.0,0.13513801058356267
1771866710.3192072,0.8743369282695084,1.8886416640324555,-0.6508349550591493,500.0,0.11135833596754452
1771866710.3233047,0.8821499302496731,1.8751204752395576,21.100554321350476,500.0,0.1248795247604424
1771866710.3317094,0.8976621302874909,1.8457982741347765,25.32670482376107,500.0,0.15420172586522352
1771866710.3358343,0.9056071646312931,1.9068082425125241,-25.575757575757574,500.0,0.09319175748747588
1771866710.3399804,0.9134556945019898,1.8836471689672196,59.272727272727266,500.0,0.11635283103278038
1771866710.3441288,0.9213107603419378,1.8852158015875076,8.811138322546393,500.0,0.11478419841249243
1771866710.3525336,0.936888178872338,1.8543849466048505,25.090313655197313,500.0,0.14561505339514946
1771866710.356681,0.9448601066671426,1.9132626707530995,-22.01567422341492,500.0,0.08673732924690047
1771866710.3608198,0.9527332181198218,1.8895467486430186,26.79556092538105,500.0,0.11045325135698136
1771866710.3649757,0.9606064913798001,1.8895855823947945,9.696237134693833,500.0,0.11041441760520554
1771866710.3733604,0.9762105605309046,1.8561026741212325,27.860890844631058,500.0,0.14389732587876747
1771866710.3774893,0.9841619287729986,1.908328378102547,-24.91835170500352,500.0,0.09167162189745293
1771866710.3816638,0.9919645203791281,1.872621985471068,59.272727272727266,500.0,0.12737801452893205
1771866710.3900359,1.007469815234244,1.8491733956997352,21.486540765716313,500.0,0.15082660430026484
1771866710.3942032,1.0154623822723232,1.9182160891389892,-25.575757575757574,500.0,0.08178391086101078
1771866710.3983111,1.0233334431475656,1.8890546100581544,33.06030872154987,500.0,0.11094538994184555
1771866710.4024858,1.0311917153705499,1.8859853335162562,12.344004458584585,500.0,0.11401466648374381
1771866710.4108903,1.0467420664791633,1.8507826478367062,23.380578199422672,500.0,0.1492173521632938
1771866710.4150004,1.0547408949404167,1.9197188307008144,-25.575757575757574,500.0,0.0802811692991856
1771866710.419151,1.0623744071075203,1.8320429201048585,59.272727272727266,500.0,0.16795707989514153
1771866710.4234319,1.0705192321803236,1.9547580174727883,-25.575757575757574,500.0,0.04524198252721168
1771866710.4317737,1.0862575253746698,1.9719230949095539,-25.575757575757574,500.0,0.028076905090446136
1771866710.4358518,1.0938926726402138,1.8324353437305898,59.272727272727266,500.0,0.1675646562694102
1771866710.440138,1.101988432317118,1.9429823224570135,-25.575757575757574,500.0,0.05701767754298648
1771866710.4483683,1.1174991767712963,1.8815774455288807,-8.66707585162872,500.0,0.11842255447111927
1771866710.4526005,1.125090623377602,1.821947185513367,30.759506336905048,500.0,0.1780528144866329
1771866710.4567006,1.1329177335657055,1.8785064451448807,-25.575757575757574,500.0,0.12149355485511926
1771866710.4608972,1.1405733104690243,1.8373384567965212,27.18342548130218,500.0,0.1626615432034788
1771866710.469217,1.1561036796012774,1.8550936760232877,17.94863115220125,500.0,0.14490632397671233
1771866710.4734342,1.164060119407164,1.9095455534128014,-7.614899918475665,500.0,0.09045444658719859
1771866710.47751,1.171670146859589,1.826406588581971,57.523361255454205,500.0,0.1735934114180291
1771866710.4859085,1.1872406623188947,1.8700038722483387,9.302186689434295,500.0,0.12999612775166125
1771866710.4900959,1.1949849446461962,1.8586277585523512,14.434206618637903,500.0,0.14137224144764882
1771866710.4942696,1.2029008507936227,1.8998174753823625,-25.575757575757574,500.0,0.10018252461763755
1771866710.4984112,1.2104513020231993,1.8121082950983762,43.1590369504088,500.0,0.18789170490162377
1771866710.5068288,1.2262139418299636,1.939778214645795,-16.50819593696397,500.0,0.06022178535420508
1771866710.5108745,1.2339200473294312,1.8494653198722006,51.85550068422242,500.0,0.15053468012779936
1771866710.5151558,1.241909833668249,1.9175487213162956,-25.575757575757574,500.0,0.08245127868370439
1771866710.5233512,1.2576015227940103,1.8864292305677048,-25.575757575757574,500.0,0.11357076943229516
1771866710.5276337,1.2651192994743437,1.8042664032800129,34.22112267978966,500.0,0.19573359671998714
1771866710.531676,1.2729912778375332,1.8892748071654624,-25.575757575757574,500.0,0.11072519283453763
1771866710.5358524,1.2806635273676956,1.8413398872389712,59.272727272727266,500.0,0.15866011276102876
1771866710.5442502,1.2963183344189377,1.9019285777661579,-25.575757575757574,500.0,0.09807142223384213
1771866710.5484526,1.303915735837515,1.8233763404585863,34.53257372863708,500.0,0.17662365954141368
1771866710.5525596,1.3118279320824717,1.8989270987895999,-20.29054158123559,500.0,0.10107290121040013
1771866710.5608747,1.327435083719542,1.8753621518303767,-25.575757575757574,500.0,0.12463784816962331
1771866710.56511,1.3351016741408108,1.8399817011044877,22.087160997770756,500.0,0.16001829889551233
1771866710.5692205,1.3430779182268964,1.914298580660511,-25.575757575757574,500.0,0.08570141933948894
1771866710.5733657,1.3507672728086524,1.845445099621458,43.192761967398084,500.0,0.15455490037854203
1771866710.5818813,1.3663482734343995,1.876569117899656,-25.575757575757574,500.0,0.12343088210034403
1771866710.5859041,1.3740071920995702,1.8381404796410015,59.272727272727266,500.0,0.16185952035899853
1771866710.5900903,1.3819304998346638,1.9015938564224513,-12.638544903886098,500.0,0.09840614357754873
1771866710.598369,1.3975521103270778,1.8772040555513356,7.683506243985416,500.0,0.12279594444866437
1771866710.6026776,1.4051883637312208,1.8327008169943104,22.007704160746435,500.0,0.16729918300568958
1771866710.6067102,1.413138839550152,1.908114196543489,-24.28788665582379,500.0,0.0918858034565111
1771866710.6108727,1.420875338519936,1.8567597527481254,35.583010374570726,500.0,0.14324024725187456
1771866710.6192691,1.4363123541709661,1.82707636410153,28.093946286437156,500.0,0.17292363589847004
1771866710.623407,1.4442943016358052,1.9156673915613773,-23.874255160784763,500.0,0.08433260843862267
1771866710.6275036,1.4520180337582709,1.8536957093917883,48.016074860268965,500.0,0.1463042906082117
1771866710.6358526,1.4676845991647487,1.874994342254092,59.272727272727266,500.0,0.125005657745908
1771866710.640087,1.4753444992410116,1.8383760183031257,23.794750049678708,500.0,0.1616239816968743
1771866710.6442728,1.4833204650925162,1.914231804361103,-25.575757575757574,500.0,0.08576819563889693
1771866710.6483538,1.4910619515716093,1.8579567549823404,59.272727272727266,500.0,0.14204324501765964
1771866710.6567478,1.5067348451132456,1.8771174025032313,13.028724043531694,500.0,0.12288259749676866
1771866710.6609225,1.5143740244536672,1.8334030417011824,26.008943924563432,500.0,0.1665969582988176
1771866710.6651037,1.5223403056926303,1.9119074973511772,-25.575757575757574,500.0,0.08809250264882285
1771866710.6691706,1.530062612568067,1.8533536501047791,43.95274283105316,500.0,0.14664634989522085
1771866710.6776123,1.5454867721281886,1.8223549942520931,28.525910939712208,500.0,0.17764500574790687
1771866710.6817083,1.5534622341567959,1.9141108868657062,-25.575757575757574,500.0,0.08588911313429382
1771866710.6858532,1.5611639638918826,1.8484151364207975,59.272727272727266,500.0,0.15158486357920253
1771866710.694208,1.5767907625155024,1.8703639077659004,59.272727272727266,500.0,0.12963609223409955
1771866710.6983957,1.58451426339537,1.85364021116819,17.221560918585062,500.0,0.14635978883181
1771866710.7025795,1.5924755073692853,1.910698553739672,-10.506000658190565,500.0,0.0893014462603281
1771866710.7066863,1.6002112820011998,1.8565859116594419,38.76369829358444,500.0,0.14341408834055813
1771866710.71514,1.6156078334609678,1.8135149932518022,30.053646027065525,500.0,0.1864850067481978
1771866710.719165,1.6235529020314101,1.906816456906176,-25.575757575757574,500.0,0.09318354309382393
1771866710.7233686,1.631130081457668,1.8185230623018864,53.83097435214697,500.0,0.18147693769811357
1771866710.7316713,1.646483332123928,1.8393866570053068,14.798148471848195,500.0,0.1606133429946932
1771866710.7359731,1.6545785922761596,1.9428624365355736,-25.575757575757574,500.0,0.057137563464426444
1771866710.7400072,1.662322478313394,1.858532648936267,59.272727272727266,500.0,0.14146735106373298
1771866710.7442443,1.6702135255552446,1.8938513380441042,-2.6028137335593335,500.0,0.10614866195589578
1771866710.752599,1.6857891897903148,1.8762894114469941,5.6222360870198065,500.0,0.12371058855300587
1771866710.7567458,1.6934337871967964,1.8347033775555637,25.839646964591,500.0,0.16529662244443633
1771866710.7608585,1.7012708901909086,1.8809047185869456,-12.781423622779084,500.0,0.11909528141305437
1771866710.7692063,1.7166593619660822,1.850057519725388,-25.575757575757574,500.0,0.1499424802746121
1771866710.7734282,1.7246500951901584,1.9177759737783115,-12.775971487082467,500.0,0.08222402622168845
1771866710.7775247,1.732295768660205,1.8349616328111666,52.27152522416838,500.0,0.16503836718883336
1771866710.781679,1.7401404983008104,1.8827351137453108,-15.700233079011587,500.0,0.11726488625468923
1771866710.790134,1.7558329583457297,1.917249202536744,-25.575757575757574,500.0,0.08275079746325598
1771866710.7941844,1.7634481861815472,1.8276546805961906,57.299045224606786,500.0,0.17234531940380937
1771866710.7984107,1.7713861629076393,1.9051144142621084,-25.575757575757574,500.0,0.09488558573789163
1771866710.8066928,1.7869729862966464,1.8738848697005421,6.917018916669543,500.0,0.12611513029945787
1771866710.8109086,1.7946343011502899,1.838715564874465,23.766010581645993,500.0,0.16128443512553492
1771866710.8150237,1.802595892754993,1.9107819851287506,-25.575757575757574,500.0,0.08921801487124936
1771866710.8192143,1.8102560096986426,1.8384280664759092,42.149749051249174,500.0,0.16157193352409083
1771866710.8276267,1.8258602423665498,1.8872480527548665,-25.575757575757574,500.0,0.11275194724513349
1771866710.8318522,1.8334051972698837,1.810789176800164,59.272727272727266,500.0,0.18921082319983595
1771866710.8359206,1.8412319745130092,1.8784265383501138,-15.318466251908484,500.0,0.12157346164988625
1771866710.8442037,1.8566820611785328,1.8563513066112343,8.150755684149052,500.0,0.14364869338876574
1771866710.8484545,1.8645762479109524,1.894604815780695,-25.575757575757574,500.0,0.10539518421930505
1771866710.8525443,1.8721760806644487,1.8239598608390957,43.07021189788806,500.0,0.17604013916090433
1771866710.860966,1.8877128222277866,1.8639823219000933,18.981537053150102,500.0,0.13601767809990672
1771866710.8651114,1.8954914000158538,1.8668586691361304,9.566161350920055,500.0,0.1331413308638696
1771866710.8692513,1.9032517307909445,1.862479386021754,12.05854466422098,500.0,0.1375206139782461
1771866710.8734531,1.91107716706432,1.8781047056101265,5.362557720441667,500.0,0.12189529438987345
1771866710.8817112,1.9265429006107138,1.8579829621781754,8.65966640593614,500.0,0.14201703782182462
1771866710.8859427,1.9344126271180322,1.8887343617564483,0.6716073862020416,500.0,0.11126563824355173
1771866710.8900936,1.9419797188172283,1.8161020078070738,59.272727272727266,500.0,0.18389799219292624
1771866710.898374,1.9575046712220612,1.8522868740670757,20.678733461036902,500.0,0.1477131259329243
1771866710.9026341,1.9654373202980675,1.9038357782414999,-25.575757575757574,500.0,0.09616422175850015
1771866710.9066854,1.9730257762703818,1.8212294333554044,54.33967125015108,500.0,0.17877056664459556
1771866710.9108853,1.9809120172305066,1.8926978304299469,-25.575757575757574,500.0,0.10730216957005312
1771866710.9192042,1.9964398038418227,1.866215811627841,7.563100783302013,500.0,0.1337841883721591
1771866710.9234376,2.0041953785140194,1.8613379213272243,12.17427149092847,500.0,0.1386620786727757
1771866710.9275877,2.0120298341963623,1.8802693637623207,-25.575757575757574,500.0,0.11973063623767932
1771866710.9359186,2.0274270213184247,1.8560087616431664,-25.575757575757574,500.0,0.14399123835683358
1771866710.9401011,2.035305295957757,1.8907859134397982,-1.4387672371633307,500.0,0.10921408656020182
1771866710.9442346,2.042841439111293,1.808674356848604,44.94649921582287,500.0,0.1913256431513961
1771866710.9483387,2.0506081293230305,1.8640056508170253,-23.19124656209827,500.0,0.1359943491829747
1771866710.956788,2.0661581382986913,1.8651606188050753,25.990692275933785,500.0,0.13483938119492467
1771866710.9609213,2.0739246376993523,1.863959856158665,10.915276758653658,500.0,0.136040143841335
1771866710.965133,2.081719278843782,1.8707138746631413,8.271505485760937,500.0,0.12928612533685868
1771866710.9733684,2.0971658479348494,1.8590150473709792,4.895427221950519,500.0,0.14098495262902078
1771866710.9776738,2.105001710658533,1.8806070536840551,4.53101644976027,500.0,0.11939294631594488
1771866710.9817219,2.1125650297237137,1.8151965756433301,38.13040501837363,500.0,0.18480342435666985
1771866710.9858909,2.1204247358974024,1.8863294816853342,-21.71880637939621,500.0,0.11367051831466579
1771866710.9941804,2.1358735318651325,1.857089934878864,6.856944956120964,500.0,0.1429100651211359
1771866710.9984417,2.1437447232498705,1.8890859323371236,-0.15441987259284704,500.0,0.11091406766287637
1771866711.0025718,2.151310852991785,1.8158711380594255,39.74667502244386,500.0,0.18412886194057454
1771866711.0108833,2.1668172543591697,1.8507620880342281,19.175407300195467,500.0,0.14923791196577185
1771866711.0151324,2.174762623685849,1.9068886384030603,-6.437389318384351,500.0,0.09311136159693967
1771866711.0192277,2.1823568586605036,1.8226163939171078,59.272727272727266,500.0,0.17738360608289216
1771866711.0233867,2.1902448584566505,1.8931199510753107,-19.486716893232124,500.0,0.10688004892468927
1771866711.0316887,2.2057774867560638,1.86677779414874,7.371254583928413,500.0,0.13322220585126
1771866711.0359037,2.213515092855161,1.857025463783318,14.31629502580501,500.0,0.1429745362166821
1771866711.040128,2.2213956020064454,1.8913221963082627,-1.647492685486816,500.0,0.1086778036917373
1771866711.0483913,2.236863191834915,1.8648822248600587,2.552280287852489,500.0,0.13511777513994128
1771866711.0526462,2.244611981662457,1.85970955861008,11.926713705910611,500.0,0.14029044138991997
1771866711.0567672,2.252449316087578,1.8809602620289638,3.0310635581147043,500.0,0.11903973797103617
1771866711.0609248,2.26008013936074,1.8313975855589446,59.272727272727266,500.0,0.1686024144410554
1771866711.069306,2.2756446606848075,1.87972815101337,-25.575757575757574,500.0,0.1202718489866299
1771866711.073426,2.283203983104565,1.8142373807417982,59.272727272727266,500.0,0.1857626192582018
1771866711.0775208,2.2910594300235085,1.8853072605463552,-25.575757575757574,500.0,0.11469273945364478
1771866711.0858347,2.3064233810028347,1.8508741384243874,1.061772558789452,500.0,0.14912586157561258
1771866711.0901034,2.3143595406130255,1.9046783064458181,-8.43311808917608,500.0,0.09532169355418185
1771866711.0941713,2.321930990763493,1.8171480361122478,59.272727272727266,500.0,0.18285196388775216
1771866711.102539,2.337496831982167,1.8498712655812632,29.143995934463558,500.0,0.15012873441873675
1771866711.1067948,2.345430002123783,1.903960833987758,-5.829104191357971,500.0,0.09603916601224194
1771866711.1109657,2.35301902228116,1.821364837770622,59.272727272727266,500.0,0.17863516222937803
1771866711.1150339,2.3608264279716575,1.8737773657193593,-25.575757575757574,500.0,0.12622263428064073
1771866711.1233704,2.3761641401311433,1.8438547006123116,7.220204765531936,500.0,0.1561452993876884
1771866711.1275995,2.3841910787787683,1.9264652754300435,-17.761533372938946,500.0,0.07353472456995647
1771866711.1316886,2.391878231949863,1.8449167610626767,54.1089387936929,500.0,0.15508323893732334
1771866711.1400394,2.4074854813396347,1.855350843013998,59.272727272727266,500.0,0.144649156986002
1771866711.1441886,2.415242459820854,1.8616748354926267,6.9611963747844765,500.0,0.1383251645073733
1771866711.1484358,2.423035524474895,1.8703355169699274,-25.575757575757574,500.0,0.1296644830300726
1771866711.1526186,2.4307224530328897,1.8448628539186902,18.76647252025199,500.0,0.1551371460813098
1771866711.1608944,2.4462663782394336,1.8495976549601578,23.570077657166177,500.0,0.15040234503984218
1771866711.1651287,2.4542099936870754,1.9064677074340202,-6.496811987020921,500.0,0.09353229256597984
1771866711.1692035,2.461778269747753,1.8163862545625764,52.64475125404815,500.0,0.1836137454374236
1771866711.177537,2.477423526782943,1.8584309582031302,28.348393230283822,500.0,0.1415690417968698
1771866711.1816986,2.4851957838854832,1.8653417046096143,7.100448391901825,500.0,0.13465829539038565
1771866711.1859066,2.4929356299184353,1.8575630479084504,13.453511006386954,500.0,0.1424369520915496
1771866711.190065,2.5007920274912125,1.885535417466512,-25.575757575757574,500.0,0.11446458253348801
1771866711.1983626,2.5162143352468744,1.8593103741338481,1.6081532277346338,500.0,0.14068962586615186
1771866711.2026281,2.524021493925358,1.873718082836059,6.134701028024142,500.0,0.1262819171639411
1771866711.2067738,2.5316527788285126,1.831508376757128,24.47185617386014,500.0,0.16849162324287192
1771866711.215107,2.547149789894248,1.841542442058462,22.293597830156344,500.0,0.15845755794153793
1771866711.2191823,2.55485029898991,1.8481221829588996,7.209751865938947,500.0,0.15187781704110037
1771866711.2234383,2.562820252059166,1.9127887366214995,-10.761234032858319,500.0,0.08721126337850049
1771866711.2275171,2.570443671177255,1.8296205883414238,55.81039011481506,500.0,0.17037941165857617
1771866711.2359135,2.585951956402843,1.844601462628868,22.498671672473833,500.0,0.15539853737113196
1771866711.2401216,2.59395368148616,1.920414019996077,-25.575757575757574,500.0,0.07958598000392292
1771866711.2441876,2.601571258725938,1.828218537546734,59.272727272727266,500.0,0.1717814624532661
1771866711.2525313,2.6172891904494473,1.866380260333841,30.07615499523093,500.0,0.13361973966615892
1771866711.256719,2.6250958066357546,1.8735878847137615,-25.575757575757574,500.0,0.12641211528623852
1771866711.2609315,2.6327137254304787,1.8283005107338044,25.91090697266097,500.0,0.1716994892661956
1771866711.2650652,2.640644329603428,1.90334500150788,-20.06816217490869,500.0,0.09665499849211989
1771866711.273394,2.6561552866125084,1.8714203134680365,1.8282060906026547,500.0,0.1285796865319635
1771866711.2775826,2.6637879163974634,1.831831148389144,24.92514756287285,500.0,0.16816885161085593
1771866711.2816854,2.671768439284484,1.9153254928849328,-25.575757575757574,500.0,0.08467450711506719
1771866711.2901611,2.6873430152375537,1.8835270814151515,2.4208448181218425,500.0,0.11647291858484854
1771866711.2941737,2.695155309677335,1.8749506655475399,15.145715703322722,500.0,0.12504933445246014
1771866711.2984524,2.702746719343755,1.8219383199408454,26.762356095932038,500.0,0.17806168005915457
1771866711.3025498,2.710667123842226,1.9008970796330806,-22.91020704140652,500.0,0.09910292036691937
1771866711.3109493,2.7261452410887848,1.868578330400003,3.2799776110015797,500.0,0.13142166959999702
1771866711.3150887,2.7338089550023614,1.8392913392584465,20.83500450383536,500.0,0.16070866074155354
1771866711.3192468,2.7418084187778278,1.9198713061119437,-18.86496618904429,500.0,0.08012869388805632
1771866711.327526,2.757202332749499,1.861918289661036,-4.117192523974381,500.0,0.138081710338964
1771866711.3316946,2.764933153512728,1.8553969831749455,13.833013884097653,500.0,0.1446030168250545
1771866711.3359334,2.7727847833617685,1.8843911637697377,0.8010366962181065,500.0,0.1156088362302623
1771866711.340076,2.780345007222758,1.814453726637448,36.698736563408914,500.0,0.18554627336255192
1771866711.3483958,2.795799599151348,1.8543264974262588,15.057555767995739,500.0,0.14567350257374123
1771866711.3526585,2.803651690720704,1.884501976645557,2.3923620360631763,500.0,0.11549802335444292
1771866711.3567572,2.8111734068395577,1.8052118685248935,37.83026745019225,500.0,0.19478813147510654
1771866711.3650732,2.8266664120623295,1.8606501967456592,-19.202232896258742,500.0,0.13934980325434076
1771866711.369199,2.8344139390330083,1.8594064729629385,11.092751002436769,500.0,0.14059352703706152
1771866711.373474,2.8422112180542225,1.8713469650913683,7.059148083721331,500.0,0.12865303490863167
1771866711.3817098,2.8576604904989655,1.8720591520110932,-6.670266408782083,500.0,0.12794084798890681
1771866711.3858573,2.8653687607543956,1.8499848613031793,21.84782185156915,500.0,0.1500151386968207
1771866711.3900754,2.873277678025786,1.8981401451337414,-7.540974195443548,500.0,0.10185985486625859
1771866711.3941903,2.880818381780595,1.8097689011541394,55.02595481357333,500.0,0.19023109884586065
1771866711.4025247,2.896389499413967,1.849569824294329,59.272727272727266,500.0,0.15043017570567097
1771866711.406664,2.9041248291953705,1.8564791475367783,6.253755198081069,500.0,0.14352085246322166
1771866711.4109392,2.911957342934832,1.879803297470773,2.89664432375815,500.0,0.12019670252922698
1771866711.4191742,2.9272088022827645,1.8513899710340953,-13.2747775942811,500.0,0.1486100289659047
1771866711.4233809,2.934918019828152,1.8502122108929921,11.151411470101241,500.0,0.14978778910700785
1771866711.4275923,2.9428232299163213,1.8972504211605516,-5.493138637939063,500.0,0.10274957883944835
1771866711.431701,2.950375499196729,1.812544627297903,50.587138517565144,500.0,0.1874553727020969
1771866711.4400976,2.965841759391279,1.8443907036078229,18.171896351056517,500.0,0.15560929639217713
1771866711.444186,2.9735432320972803,1.8483534494403309,8.63965865003074,500.0,0.15164655055966914
1771866711.448424,2.981483085955483,1.905564925968704,-9.489427400473119,500.0,0.09443507403129603
1771866711.4566994,2.99687714939849,1.8709436393553878,-13.17500786921775,500.0,0.12905636064461223
1771866711.460933,3.0045390676732895,1.8388603859518444,59.272727272727266,500.0,0.16113961404815558
1771866711.465132,3.0125942397487298,1.933241298105678,-17.412892706108554,500.0,0.06675870189432209
1771866711.4691699,3.020247530256056,1.8367897217582563,59.272727272727266,500.0,0.16321027824174372
1771866711.4775362,3.036035666362213,1.872615618042944,32.37943685240015,500.0,0.12738438195705593
1771866711.4816794,3.0438718538619303,1.8806849999321704,-25.575757575757574,500.0,0.11931500006782958
1771866711.4859476,3.0513676743053213,1.798996906413806,59.272727272727266,500.0,0.20100309358619395
1771866711.494188,3.0668572257097044,1.8324888476624017,38.20402188748723,500.0,0.16751115233759828
1771866711.4983716,3.0745666767449586,1.850268248461025,2.464567254257297,500.0,0.1497317515389751
1771866711.5026314,3.082460364119295,1.8944849698406772,-25.575757575757574,500.0,0.10551503015932284
1771866711.506736,3.0900100673288295,1.8119287702883402,42.635556131788874,500.0,0.1880712297116598
1771866711.5151172,3.1054827338293625,1.8474445790165703,59.272727272727266,500.0,0.15255542098342967
1771866711.519233,3.1131931130479944,1.8504910124717096,9.3309421899445,500.0,0.14950898752829045
1771866711.5234363,3.1210963968308114,1.8967881078760471,-4.930560754634456,500.0,0.10321189212395288
1771866711.5316849,3.1364413525172607,1.8642916465575508,-16.250829801724045,500.0,0.13570835344244925
1771866711.535941,3.1441504581260076,1.8501853460992193,59.272727272727266,500.0,0.14981465390078075
1771866711.5401247,3.1520430635856838,1.8942253103223128,-3.0976932292582675,500.0,0.10577468967768722
1771866711.548401,3.1674281541036797,1.8835254101057683,-19.75111622699293,500.0,0.11647458989423165
1771866711.5525239,3.1751345093086716,1.849525249198079,27.51973998905546,500.0,0.15047475080192108
1771866711.5566885,3.182866390015872,1.8556513697280093,-25.575757575757574,500.0,0.14434863027199074
1771866711.5609524,3.190695944676374,1.8790931185204705,2.88415155823621,500.0,0.12090688147952955
1771866711.569189,3.205942966964231,1.8503436520041616,-11.864139671961192,500.0,0.14965634799583838
1771866711.5733626,3.213645248096186,1.8485474716691028,11.520361317224255,500.0,0.15145252833089717
1771866711.5776684,3.221559221970623,1.8993537298648342,-4.114957451532972,500.0,0.1006462701351658
1771866711.5858977,3.2369022301079813,1.8685860721052678,-15.333595196879578,500.0,0.13141392789473216
1771866711.5902982,3.244556758953586,1.83708692294511,59.272727272727266,500.0,0.1629130770548901
1771866711.5942354,3.2522348011834423,1.8427301351654723,-25.575757575757574,500.0,0.15726986483452765
1771866711.5984964,3.2602361817850016,1.9203313443742818,-11.61481295242166,500.0,0.07966865562571823
1771866711.6067674,3.2757200399723025,1.8822953061969614,-8.067387702487423,500.0,0.11770469380303861
1771866711.61091,3.2834102444235715,1.845649068304559,24.752036809824382,500.0,0.154350931695441
1771866711.6151552,3.2913580587493456,1.9074754381857422,-6.670870848364867,500.0,0.09252456181425783
1771866711.6234765,3.306822326296842,1.8949936246328594,-15.5769879845714,500.0,0.10500637536714064
1771866711.6275835,3.314557982606697,1.85655751436525,25.669759988838393,500.0,0.14344248563475004
1771866711.631756,3.322322801596877,1.8635565576432211,7.59233762065555,500.0,0.13644344235677885
1771866711.63596,3.3300372358733625,1.8514642263565466,14.471840557784695,500.0,0.14853577364345338
1771866711.6442826,3.345624269653029,1.8473225842650456,29.52002049687861,500.0,0.1526774157349544
1771866711.648421,3.35340035494873,1.8662604709682236,3.459685440667819,500.0,0.13373952903177644
1771866711.65276,3.361063043123388,1.8390451619179329,15.871433836536937,500.0,0.16095483808206712
1771866711.6609063,3.3768015193389456,1.8579715023692818,37.10241027882202,500.0,0.14202849763071823
1771866711.6651778,3.3845927229499773,1.8698888666476396,7.235128113769847,500.0,0.13011113335236035
1771866711.6692076,3.3923653113575756,1.8654212178236351,12.35838990761486,500.0,0.13457878217636488
1771866711.6734514,3.40004777782414,1.8437919519754964,17.29702434690399,500.0,0.1562080480245036
1771866711.6817634,3.415764895778577,1.8582931495697308,29.029150324434408,500.0,0.1417068504302692
1771866711.6860375,3.423543809059143,1.8669391873358636,8.384845705844379,500.0,0.13306081266413639
1771866711.6901057,3.431187192694863,1.8344120725729225,20.984136558423117,500.0,0.1655879274270775
1771866711.6983929,3.4468007869951207,1.829936672205857,48.20478851639177,500.0,0.17006332779414302
1771866711.7025533,3.4545469885967237,1.8590883843847066,-2.394483721873957,500.0,0.14091161561529342
1771866711.7067273,3.4622661467131817,1.8525979479498766,59.272727272727266,500.0,0.14740205205012336
1771866711.7109406,3.4701140811606717,1.8835042673976456,-25.575757575757574,500.0,0.11649573260235435
1771866711.7191763,3.4853987507562727,1.8544472893271482,-12.59920854165577,500.0,0.1455527106728518
1771866711.7233777,3.493123016593655,1.853823800971775,10.81391649507064,500.0,0.1461761990282251
1771866711.727618,3.50094025746864,1.8761378099963726,3.5331005210641515,500.0,0.12386219000362741
1771866711.7358584,3.5162247859624607,1.8590729160725945,-15.704877018518179,500.0,0.1409270839274055
1771866711.740154,3.523986436174436,1.8627960508740484,9.415649386104919,500.0,0.13720394912595157
1771866711.7441876,3.5317399360855273,1.8608399786619294,29.168515154814344,500.0,0.1391600213380706
1771866711.752553,3.5472860272076536,1.874966737629498,2.3583085297588364,500.0,0.12503326237050194
1771866711.7567065,3.554916076713856,1.8312118814886087,30.5545725871186,500.0,0.1687881185113913
1771866711.7608302,3.5626082042753797,1.8461106147656126,1.3778743681970422,500.0,0.15388938523438744
1771866711.7650638,3.5705271229937474,1.9005404924082068,-11.406664314763104,500.0,0.09945950759179323
1771866711.7733788,3.5859500880214874,1.8896910381101981,-25.575757575757574,500.0,0.11030896188980188
1771866711.777525,3.593660113725873,1.8504061690525109,30.29857838946176,500.0,0.14959383094748913
1771866711.7816925,3.601400043612166,1.8575831727102763,6.686046534883556,500.0,0.1424168272897237
1771866711.7900832,3.6168515306732365,1.8424399688557425,19.119078212926294,500.0,0.15756003114425754
1771866711.7942812,3.624723468117509,1.8892649866254294,-25.575757575757574,500.0,0.11073501337457059
1771866711.7983701,3.6324900083953766,1.8639696666882277,59.272727272727266,500.0,0.13603033331177228
1771866711.8025563,3.640161552270612,1.8411705300564152,19.855864231658817,500.0,0.15882946994358482
1771866711.810883,3.6557975372703226,1.8349329278640938,47.44528512312749,500.0,0.1650670721359062
1771866711.8150282,3.663557867458219,1.8624792450951277,-2.9571178493564862,500.0,0.13752075490487226
1771866711.8191962,3.6712924610383073,1.8563024592211514,13.52610483180042,500.0,0.14369754077884855
1771866711.8275871,3.6867139207984865,1.8324964172186329,23.62662650918123,500.0,0.16750358278136712
1771866711.831738,3.6944955872193344,1.8675999410034845,-25.575757575757574,500.0,0.13240005899651552
1771866711.8359203,3.702170353690023,1.841943952965269,19.454247563194638,500.0,0.15805604703473097
1771866711.840114,3.71013320924522,1.9110853332473876,-11.60333267127981,500.0,0.08891466675261239
1771866711.8484118,3.725653891758569,1.9007121237545201,-17.766426817863856,500.0,0.09928787624547986
1771866711.8525748,3.7334135976577576,1.8623294158052393,24.263935450384444,500.0,0.13767058419476075
1771866711.8566902,3.741202382287691,1.8693083111841038,6.775146225806247,500.0,0.1306916888158962
1771866711.865053,3.756724203305803,1.9004254385510384,-22.830959100779115,500.0,0.0995745614489616
1771866711.8692257,3.76433603880192,1.826840519068065,41.00443789976532,500.0,0.173159480931935
1771866711.8734086,3.7720337260934698,1.8474449499719288,3.0766649712713283,500.0,0.15255505002807124
1771866711.881728,3.7874699357828123,1.8129600480909918,42.82317709635837,500.0,0.18703995190900824
1771866711.8858893,3.7953165372604287,1.8831843546279505,-18.316150406865173,500.0,0.11681564537204947
1771866711.8900442,3.803031720969754,1.8516440902380191,59.272727272727266,500.0,0.14835590976198088
1771866711.8941898,3.810770365086709,1.8572745880691952,7.628711831082385,500.0,0.1427254119308048
1771866711.9025636,3.826237924241016,1.849654731411744,59.272727272727266,500.0,0.15034526858825603
1771866711.9067073,3.8340724333571505,1.8802821878723066,-3.4173786969906286,500.0,0.11971781212769339
1771866711.9108768,3.8417849265182964,1.8509983586750394,59.272727272727266,500.0,0.14900164132496063
1771866711.9192266,3.8573033544830606,1.8682429613254943,5.4160054648408575,500.0,0.13175703867450572
1771866711.9234405,3.864935485360606,1.831711410610887,59.272727272727266,500.0,0.16828858938911306
1771866711.9275136,3.8727340101412766,1.8716459473609268,-10.987892540096592,500.0,0.12835405263907318
1771866711.931736,3.88039623356114,1.838933620767191,59.272727272727266,500.0,0.1610663792328091
1771866711.9400272,3.8960043677280707,1.8249145242753055,59.272727272727266,500.0,0.17508547572469446
1771866711.9442644,3.903955281444803,1.9082192920157581,-17.49096971407325,500.0,0.09178070798424187
1771866711.948392,3.9117174233066883,1.862914046852523,28.470109763235318,500.0,0.13708595314747707
1771866711.9568062,3.927087324151688,1.817502568324035,26.886672845432884,500.0,0.1824974316759651
1771866711.9608521,3.934993129517762,1.8973932878577664,-25.575757575757574,500.0,0.1026067121422336
1771866711.965066,3.942579693839822,1.8207754372944134,40.7141330624401,500.0,0.17922456270558662
1771866711.969205,3.950249585497652,1.840773997879239,1.7087756439361363,500.0,0.159226002120761
1771866711.97758,3.9658355003162056,1.8270621906159943,48.510774057426275,500.0,0.17293780938400571
1771866711.9817715,3.9737438810528536,1.8980113767955613,-25.575757575757574,500.0,0.10198862320443869
1771866711.9858856,3.9815041462238354,1.8624636410355953,25.835993016947707,500.0,0.13753635896440475
1771866711.994278,3.9968906201784726,1.8238775124391458,59.272727272727266,500.0,0.17612248756085425
1771866711.9983683,4.004797984206058,1.8977673666205397,-25.575757575757574,500.0,0.10223263337946031
1771866712.0025086,4.0124909962573625,1.8463228923130588,39.393585408171234,500.0,0.1536771076869412
1771866712.0067275,4.020269680695423,1.8668842651344806,1.9754247619806762,500.0,0.13311573486551942
1771866712.0150216,4.035843685541972,1.910888816945363,-25.575757575757574,500.0,0.08911118305463694
1771866712.0191636,4.043549429089363,1.8493784513736307,59.272727272727266,500.0,0.15062154862636934
1771866712.0234268,4.05138129630886,1.8796481326794554,-0.3684191130314175,500.0,0.12035186732054459
1771866712.0317655,4.066750027945886,1.8184250604247234,29.207251198593692,500.0,0.1815749395752766
1771866712.035865,4.074657742039111,1.8978513823740335,-25.575757575757574,500.0,0.1021486176259665
1771866712.0400121,4.082333523790563,1.842187620348353,42.064447729707084,500.0,0.15781237965164707
1771866712.0442069,4.090108855498612,1.8660796099317478,-25.575757575757574,500.0,0.13392039006825218
1771866712.0525277,4.1056841612705215,1.9107747720508597,-25.575757575757574,500.0,0.08922522794914034
1771866712.0567024,4.113283146639181,1.8237564884781368,52.36836283633467,500.0,0.17624351152186324
1771866712.0608885,4.1210043314727365,1.8530843600534375,-1.5023759910123247,500.0,0.14691563994656254
1771866712.0692863,4.1365877281293955,1.8934484350730851,-4.310322738471219,500.0,0.10655156492691487
1771866712.0734468,4.144171039437197,1.8199947138722756,33.654115377513,500.0,0.18000528612772437
1771866712.0775638,4.151985753221089,1.8755313081340477,-11.665842478009953,500.0,0.12446869186595233
1771866712.0859725,4.167506227998411,1.8733768109733853,4.178488347129467,500.0,0.12662318902661474
1771866712.0901003,4.1750414032304635,1.8084420556927134,32.34124384100873,500.0,0.19155794430728657
1771866712.0942144,4.182855512276934,1.8753861711529323,-19.57881960863489,500.0,0.12461382884706773
1771866712.098377,4.190549089472806,1.8464585270094114,23.58300086757031,500.0,0.15354147299058862
1771866712.1067774,4.206081719401057,1.876257418519772,2.4224384791154603,500.0,0.12374258148022799
1771866712.1109612,4.213616724721623,1.8084012769359084,30.754980995056634,500.0,0.19159872306409165
1771866712.1150026,4.221326237686188,1.8502831114957603,-14.053006159453853,500.0,0.1497168885042397
1771866712.123447,4.2368680472504705,1.880758717355976,0.1971771117555902,500.0,0.1192412826440239
1771866712.1275797,4.2443706801047085,1.800631885017181,39.6942611935357,500.0,0.19936811498281903
1771866712.1317947,4.252183616566572,1.8751047508470993,-11.02609234276762,500.0,0.12489524915290073
1771866712.140028,4.267559388784652,1.8480582658355253,7.641340542885035,500.0,0.15194173416447465
1771866712.1442711,4.2754235652243775,1.8874023455340505,-2.4691238264129045,500.0,0.11259765446594949
1771866712.1483724,4.282981941970211,1.8140104189998982,44.144165023213745,500.0,0.18598958100010177
1771866712.1526592,4.290784844763592,1.8726966704114327,-4.969488029822867,500.0,0.12730332958856727
1771866712.160947,4.306330477640596,1.8824275065013734,-25.575757575757574,500.0,0.11757249349862664
1771866712.165144,4.3138430468520435,1.8030166107471954,59.272727272727266,500.0,0.19698338925280456
1771866712.1692207,4.321659991386579,1.8760666882885848,-20.09536064811744,500.0,0.1239333117114152
1771866712.1775146,4.337056679664304,1.8503941639382429,-25.575757575757574,500.0,0.14960583606175715
1771866712.1817865,4.344886657315265,1.8791946362306402,-25.575757575757574,500.0,0.1208053637693598
1771866712.1859624,4.352421862588539,1.8084492655857436,30.996067973751494,500.0,0.1915507344142564
1771866712.19002,4.360138389716083,1.8519665106105534,-25.575757575757574,500.0,0.1480334893894466
1771866712.1984584,4.3756538543220715,1.8722355443842669,3.950775194917716,500.0,0.12776445561573313
1771866712.2025728,4.3831956459848005,1.8100299990550384,59.272727272727266,500.0,0.18997000094496164
1771866712.206695,4.390951431493353,1.8613885220525983,-25.575757575757574,500.0,0.1386114779474017
1771866712.2150521,4.40633615761881,1.8475805108605623,9.303575212711756,500.0,0.1524194891394377
1771866712.2192917,4.4142025063847115,1.887923703816333,-1.8818478075014755,500.0,0.11207629618366699
1771866712.223398,4.4217402198445654,1.8090512303650237,41.5559043132872,500.0,0.1909487696349763
1771866712.2318096,4.437212843972339,1.8566106509485067,10.474088155532653,500.0,0.14338934905149325
1771866712.236011,4.444944012106526,1.8554803522049998,10.704600718216547,500.0,0.14451964779500015
1771866712.2400675,4.452710682999633,1.8640010143455568,6.86836472949269,500.0,0.13599898565444324
1771866712.2442675,4.460367981473692,1.8377516337742825,59.272727272727266,500.0,0.16224836622571748
1771866712.2525833,4.475806648022945,1.8506182154694242,11.975198409566417,500.0,0.14938178453057582
1771866712.256897,4.4836280664295,1.8771404175731383,-25.575757575757574,500.0,0.12285958242686168
1771866712.2609313,4.491152580520728,1.805883381894828,34.440311514919,500.0,0.1941166181051719
1771866712.2694356,4.506544203536917,1.8469970830947224,10.550549025312172,500.0,0.15300291690527756
1771866712.2734597,4.51440370815029,1.8862811072094807,-1.431267831546404,500.0,0.11371889279051928
1771866712.2775867,4.521915706946145,1.8028797110052077,59.272727272727266,500.0,0.19712028899479228
1771866712.285984,4.5373907910622515,1.8568874813488572,13.05229324592721,500.0,0.14311251865114283
1771866712.2901306,4.545122365652549,1.8555779016714224,10.797430019633891,500.0,0.14442209832857755
1771866712.2942502,4.552875053800851,1.8606451555924353,-25.575757575757574,500.0,0.13935484440756474
1771866712.298391,4.560571109952274,1.8470534763416404,16.091850559047398,500.0,0.1529465236583596
1771866712.306775,4.576091315518347,1.8454385035214043,21.146026823103647,500.0,0.15456149647859574
1771866712.310968,4.583966665328199,1.8900839543644665,-2.5555964061709573,500.0,0.10991604563553348
1771866712.3150692,4.591479227104653,1.8030148263490515,43.783665710734404,500.0,0.19698517365094848
1771866712.3234513,4.606999597848278,1.8444913877336244,21.51638512250597,500.0,0.15550861226637558
1771866712.3275921,4.614712096143427,1.850999590835887,8.320915621839235,500.0,0.14900040916411306
1771866712.3317852,4.62252247633754,1.8744912465871229,3.0705683345662815,500.0,0.12550875341287715
1771866712.3359098,4.630041788914454,1.8046350184593016,36.479944151431525,500.0,0.19536498154069837
1771866712.3442664,4.645421341224507,1.8445635789106978,11.295052279639542,500.0,0.15543642108930222
1771866712.3484647,4.653305768248752,1.8922624858187553,-25.575757575757574,500.0,0.10773751418124466
1771866712.3525732,4.660838893443272,1.8079500466847942,42.62187844752549,500.0,0.1920499533152058
1771866712.3610907,4.676250502066225,1.8358515082187579,15.759850414798581,500.0,0.16414849178124213
1771866712.3650863,4.683919723573889,1.8406131618394068,8.996209797584404,500.0,0.15938683816059318
1771866712.3692875,4.69186891465572,1.9078058596394665,-10.132887469525048,500.0,0.09219414036053353
1771866712.377663,4.707586945401323,1.94848841039934,-25.575757575757574,500.0,0.051511589600659935
1771866712.3818977,4.7151363218925555,1.8118503578959626,37.82511998312768,500.0,0.1881496421040374
1771866712.3860729,4.723096701782419,1.9104911735671075,-9.184285160732392,500.0,0.08950882643289249
1771866712.3901346,4.730613653817372,1.804068488388645,59.272727272727266,500.0,0.1959315116113549
1771866712.3984241,4.745993576087588,1.8186119580881634,29.23685885042275,500.0,0.18138804191183655
1771866712.402606,4.753513827314611,1.8048602944856282,59.272727272727266,500.0,0.19513970551437176
1771866712.4067712,4.761171589938035,1.8378630296217904,-0.10346901190485198,500.0,0.16213697037820962
1771866712.4150696,4.7765215623197985,1.845189325423136,8.161303753320457,500.0,0.15481067457686404
1771866712.4192514,4.784102566189029,1.8194409286152633,19.9121640558601,500.0,0.1805590713847367
1771866712.4234731,4.7916185568387615,1.803837755935775,15.560213637735623,500.0,0.196162244064225
1771866712.4317276,4.807037945773405,1.859588801659951,-25.575757575757574,500.0,0.1404111983400489
1771866712.4358902,4.814597794967059,1.814363806477192,29.75590804270256,500.0,0.1856361935228079
1771866712.440037,4.822255444304263,1.8378358409287945,0.02989964915695065,500.0,0.16216415907120552
1771866712.448451,4.837612254597405,1.8662728559476338,-25.575757575757574,500.0,0.1337271440523662
1771866712.452593,4.845039464932301,1.7825304803750608,59.272727272727266,500.0,0.2174695196249392
1771866712.4567232,4.852664983323493,1.8301244138858341,-8.584212383346225,500.0,0.16987558611416587
1771866712.4608884,4.8604055876078105,1.8577450282363497,-1.036860517042812,500.0,0.14225497176365032
1771866712.4692283,4.87558714397099,1.8354057712950338,-0.4571260221970115,500.0,0.1645942287049662
1771866712.4734359,4.883330951459701,1.8585137972906873,2.991054729278855,500.0,0.14148620270931267
1771866712.4775908,4.890792358795904,1.7907377606887573,34.52300419627166,500.0,0.20926223931124266
1771866712.4859433,4.90598599406016,1.7908949469317892,31.52868064182189,500.0,0.2091050530682108
1771866712.4900777,4.913584783674919,1.8237095075422378,-1.3399308032637833,500.0,0.17629049245776218
1771866712.4942462,4.921376259979384,1.8699543130717038,-25.575757575757574,500.0,0.1300456869282962
1771866712.5025377,4.936487831759004,1.8358921948015938,-25.575757575757574,500.0,0.16410780519840618
1771866712.5067573,4.944109731375535,1.8292559079674617,13.137667055945386,500.0,0.17074409203253826
1771866712.5109057,4.951759659087805,1.835982650944587,8.110626994919329,500.0,0.1640173490554131
1771866712.5192692,4.967095451460429,1.8515648472518655,2.659527425072978,500.0,0.14843515274813446
1771866712.523386,4.974550947297252,1.7893190008376259,59.272727272727266,500.0,0.21068099916237415
1771866712.527595,4.982322405512525,1.8651499716655504,-15.973416644932133,500.0,0.1348500283344496
1771866712.5359323,4.99769739873059,1.8733033511763624,-8.447143100620263,500.0,0.12669664882363763
1771866712.5400681,5.005161571317344,1.7914014208209148,43.262340506919884,500.0,0.2085985791790852
1771866712.5442271,5.0129338179411285,1.8653391897082912,-18.90708852426024,500.0,0.13466081029170884
1771866712.5484529,5.020419623791654,1.796593404126282,59.272727272727266,500.0,0.2034065958737179
1771866712.5568285,5.035668383847509,1.832607262603196,9.401972863443198,500.0,0.16739273739680405
1771866712.5609128,5.043252405930333,1.8201652998777462,15.69253717762834,500.0,0.17983470012225378
1771866712.5650272,5.050964522755999,1.850908038159811,-4.388508079120463,500.0,0.1490919618401889
1771866712.5733807,5.066109583286049,1.8319702678373584,-2.73521853860073,500.0,0.1680297321626416
1771866712.5775847,5.073630327044085,1.80497850192866,20.773841812904497,500.0,0.19502149807134006
1771866712.5817266,5.081360175693915,1.8551636759590986,-10.908655695235902,500.0,0.1448363240409014
1771866712.5900748,5.0966024114158905,1.8624537286722052,-25.575757575757574,500.0,0.13754627132779484
1771866712.594278,5.104204371562578,1.8244704352050902,59.272727272727266,500.0,0.17552956479490978
1771866712.5984333,5.111763554920954,1.8142040060101727,14.5209922908695,500.0,0.18579599398982727
1771866712.6067765,5.126805606598938,1.7647759000093646,37.682032470311974,500.0,0.23522409999063543
1771866712.6109262,5.134404491504296,1.823732377285876,-9.147764383382308,500.0,0.176267622714124
1771866712.6151025,5.141997246230694,1.822261134335708,11.484205958756773,500.0,0.17773886566429198
1771866712.6234071,5.157232438729704,1.8476278462745734,-25.575757575757574,500.0,0.15237215372542656
1771866712.6275084,5.164719122428283,1.796804087659166,40.26434863070765,500.0,0.203195912340834
1771866712.6317647,5.172397842754784,1.8428928783601455,-5.221875132894524,500.0,0.15710712163985452
1771866712.6358817,5.1800586395292365,1.8385912258684527,39.99782491405503,500.0,0.1614087741315473
1771866712.6442146,5.194968514386487,1.8187193560702455,-16.045423225855373,500.0,0.18128064392975451
1771866712.6483643,5.202497381489672,1.8069281047643748,16.841580041610648,500.0,0.19307189523562518
1771866712.652628,5.2101073175706905,1.8263846594444892,5.277909765339575,500.0,0.17361534055551076
1771866712.6609175,5.2253004246885375,1.8759889526104974,-25.575757575757574,500.0,0.12401104738950264
1771866712.6650696,5.232761354646735,1.79062318996752,59.272727272727266,500.0,0.20937681003248
1771866712.6692057,5.240384274453549,1.8295007536353893,-25.575757575757574,500.0,0.17049924636461067
1771866712.6776094,5.255425511812944,1.7731918349489169,32.38689536254033,500.0,0.22680816505108314
1771866712.6817713,5.262982848024506,1.813760690774901,-1.7904279617234828,500.0,0.1862393092250989
1771866712.6859207,5.270409629076278,1.7824274524252781,22.752574671881195,500.0,0.2175725475747219
1771866712.694314,5.284856208867647,1.7163738594409328,59.272727272727266,500.0,0.2836261405590672
1771866712.6984825,5.29191927671215,1.6951362826807557,19.02970081454124,500.0,0.30486371731924433
1771866712.706739,5.305912097021559,1.6764960959532398,15.702835357400916,500.0,0.3235039040467602
1771866712.7108448,5.312837103912793,1.6620016538962439,22.111351714229173,500.0,0.3379983461037561
1771866712.7191644,5.326592819575828,1.6482068508281262,42.66888909994386,500.0,0.35179314917187376
1771866712.7234464,5.333401917522708,1.6341835072510096,18.780663559837222,500.0,0.3658164927489904
1771866712.7275193,5.3401757893188915,1.62572923108412,19.266822715959787,500.0,0.37427076891587996
1771866712.735835,5.353654758106928,1.617648075572042,14.492424992681748,500.0,0.38235192442795807
1771866712.7400103,5.360345265978773,1.6057218892427894,22.036134818901434,500.0,0.39427811075721064
1771866712.7483506,5.373675303660517,1.5990116675585084,21.45852566526103,500.0,0.40098833244149157
1771866712.75249,5.380286541542565,1.5866970916917458,23.470390852873393,500.0,0.4133029083082542
1771866712.7608762,5.393454163978898,1.579373749904163,16.28034831016796,500.0,0.4206262500958371
1771866712.769213,5.40649841363591,1.5625239965607718,19.33288578340482,500.0,0.4374760034392282
1771866712.773309,5.413003829851797,1.5612998918127565,16.74881946658229,500.0,0.4387001081872435
1771866712.7817092,5.425885932539545,1.5411963620146842,20.86122458978848,500.0,0.45880363798531576
1771866712.7858195,5.4323112106651275,1.5420667501396996,15.475133040686345,500.0,0.4579332498603004
1771866712.7941697,5.445049534065489,1.5250388605579315,59.272727272727266,500.0,0.4749611394420685
1771866712.7983117,5.451406760487402,1.5257343412593107,8.91693162668228,500.0,0.47426565874068927
1771866712.8066494,5.464036621331559,1.5142199544624242,18.764235769605403,500.0,0.4857800455375758
1771866712.810834,5.470346204573315,1.5142999780215165,16.581399878242568,500.0,0.4857000219784835
1771866712.8191519,5.482884304656271,1.5033484795652725,18.70973388464996,500.0,0.4966515204347275
1771866712.8274863,5.495377748863073,1.4950066040047,59.272727272727266,500.0,0.5049933959952999
1771866712.831652,5.50159776055584,1.49280280626393,18.683115314688713,500.0,0.50719719373607
1771866712.8399842,5.514002613607744,1.484295321529833,23.718150648452763,500.0,0.5157046784701671
1771866712.8441517,5.52017876640305,1.4822766708735606,18.79446978580507,500.0,0.5177233291264394
1771866712.8524864,5.53249510971737,1.4735774676004338,24.299681184473897,500.0,0.5264225323995662
1771866712.8608212,5.544713063297307,1.4604917766426477,25.973810714224246,500.0,0.5395082233573523
1771866712.8649895,5.550778054773648,1.4555979543219264,47.17599296294257,500.0,0.5444020456780736
1771866712.8733313,5.562868469815836,1.445596792893185,25.243332774678528,500.0,0.554403207106815
1771866712.8816457,5.574889324050003,1.4426660757297594,14.587764394585651,500.0,0.5573339242702406
1771866712.885806,5.580860880329702,1.4331735071278218,25.747040447620414,500.0,0.5668264928721782
1771866712.8941474,5.592742200543772,1.4199786282750069,27.49730218064928,500.0,0.5800213717249931
1771866712.9024725,5.604541170445143,1.4161381276759026,18.028948162879708,500.0,0.5838618723240974
1771866712.9066374,5.610400029784953,1.406126241554389,26.64608091124219,500.0,0.5938737584456111
1771866712.9149833,5.6220546129199125,1.392767143484609,59.272727272727266,500.0,0.607232856515391
1771866712.9233086,5.6336303752210295,1.3893318323204715,18.58795906220429,500.0,0.6106681676795285
1771866712.931642,5.645128366102004,1.3794890741131436,19.588084603506516,500.0,0.6205109258868564
1771866712.9358099,5.6508288439917465,1.3681146935380215,28.347399185314114,500.0,0.6318853064619785
1771866712.94414,5.6622076619606485,1.3656266782587128,19.142703478456646,500.0,0.6343733217412872
1771866712.9524715,5.673521939935758,1.3582276470417585,18.731000433257872,500.0,0.6417723529582415
1771866712.9608102,5.6847398123480986,1.3453165107487035,21.19569539536805,500.0,0.6546834892512965
1771866712.9649901,5.690294337886836,1.3330861292969072,28.616952483406557,500.0,0.6669138707030928
1771866712.9733021,5.701377847060233,1.330226590615157,19.723025267674238,500.0,0.6697734093848431
1771866712.98165,5.71239866016598,1.3230813617464523,19.337374097740422,500.0,0.6769186382535477
1771866712.989971,5.723331797933328,1.311849163521626,20.6564530513869,500.0,0.6881508364783739
1771866712.9983218,5.734153611194348,1.2976579273428945,40.58056795683082,500.0,0.7023420726571055
1771866713.006646,5.744939214364721,1.2906746799467272,26.670992724257495,500.0,0.7093253200532728
1771866713.0108109,5.750321251727811,1.2916889671415082,14.855561614807266,500.0,0.7083110328584918
1771866713.01914,5.761007045503317,1.2830256491845051,19.718949329644683,500.0,0.7169743508154949
1771866713.027489,5.771595539511124,1.2706177919703219,21.219863543203612,500.0,0.7293822080296781
1771866713.0358236,5.782068240718839,1.2562564291938243,31.175820741634897,500.0,0.7437435708061757
1771866713.0441396,5.792415321900785,1.2409469525175933,22.938765053072878,500.0,0.7590530474824067
1771866713.052487,5.80263775689352,1.2262249651797088,22.70187332320569,500.0,0.7737750348202912
1771866713.0608559,5.813093039012282,1.2664589316014374,8.42953162861111,500.0,0.7335410683985626
1771866713.0692384,5.823744528790958,1.2935769154146097,9.241579524360443,500.0,0.7064230845853903
1771866713.0775154,5.8346206348208955,1.3214463994004482,3.1986562082111165,500.0,0.6785536005995518
1771866713.081661,5.8401116196528715,1.3178363596742193,22.717379116594117,500.0,0.6821636403257807
1771866713.0899956,5.851348603644577,1.347099587629208,47.613583758248005,500.0,0.652900412370792
1771866713.0983312,5.862785568645765,1.3697238570048096,59.272727272727266,500.0,0.6302761429951904
1771866713.1066685,5.874237676906881,1.3779133548617715,-25.575757575757574,500.0,0.6220866451382285
1771866713.1149933,5.885758170546236,1.3881638969536039,12.082499401749969,500.0,0.6118361030463961
1771866713.1191676,5.8915179648530716,1.3823506336405689,59.272727272727266,500.0,0.6176493663594311
1771866713.127494,5.903029833618309,1.3796183032830414,21.775076241607117,500.0,0.6203816967169586
1771866713.135838,5.914538813439457,1.3825940600567506,-3.1555870625775793,500.0,0.6174059399432494
1771866713.13999,5.92027694371701,1.3771512666125258,23.225266278331276,500.0,0.6228487333874742
1771866713.148333,5.93171690298974,1.367618175821195,59.272727272727266,500.0,0.6323818241788051
1771866713.1566677,5.943059410491955,1.3542050638216545,29.174674713848994,500.0,0.6457949361783455
1771866713.1649942,5.954257945347543,1.3365585722751823,30.12076430071531,500.0,0.6634414277248177
1771866713.1733263,5.965361187352722,1.3327855260517627,19.655721555123044,500.0,0.6672144739482373
1771866713.1774883,5.970870247708348,1.3221744853500899,27.64648835716158,500.0,0.6778255146499101
1771866713.185857,5.981841107996942,1.3099707409775945,28.322319155872368,500.0,0.6900292590224055
1771866713.1941624,5.992688104688828,1.2948050316015232,30.333714672264733,500.0,0.7051949683984768
1771866713.202489,6.0034579645264445,1.292671920125924,14.458993181935849,500.0,0.707328079874076
1771866713.210817,6.014167293629906,1.285848752821107,20.00044508578073,500.0,0.7141512471788929
1771866713.2191544,6.024796827288209,1.276252636968196,20.25772528002672,500.0,0.7237473630318041
1771866713.2233424,6.030092352468291,1.2709260432196487,24.47930790059238,500.0,0.7290739567803513
1771866713.2316756,6.0407055169796715,1.277457649323519,16.671698641223824,500.0,0.722542350676481
1771866713.23998,6.051317961216841,1.273934753336416,20.693112017279503,500.0,0.726065246663584
1771866713.2483294,6.061963438944847,1.2772654561323717,21.549720805842018,500.0,0.7227345438676283
1771866713.2566822,6.072676625360577,1.2849779680653284,21.919967058008936,500.0,0.7150220319346716
1771866713.264998,6.083468943935115,1.293441349759327,23.163045011986295,500.0,0.7065586502406731
1771866713.2733288,6.094320044832472,1.2993799121867562,24.60873257123433,500.0,0.7006200878132438
1771866713.281679,6.105108069336049,1.2924153853273106,23.857009737947134,500.0,0.7075846146726894
1771866713.2858312,6.110496566678876,1.2932393622782514,20.471598637361087,500.0,0.7067606377217486
1771866713.2941551,6.121209729090648,1.2863213937812585,20.089093567307305,500.0,0.7136786062187415
1771866713.302487,6.131842611486977,1.2766188167942414,20.411695243051838,500.0,0.7233811832057586
1771866713.310832,6.142372045098079,1.2632855610955194,26.502981455649877,500.0,0.7367144389044806
1771866713.319166,6.152783391615666,1.248684860071758,22.69731234238488,500.0,0.7513151399282421
1771866713.3274894,6.16316551162354,1.2425643626603438,26.305731271332306,500.0,0.7574356373396562
1771866713.335822,6.173491991941022,1.2345038113259885,59.272727272727266,500.0,0.7654961886740115
1771866713.3441586,6.183783497435592,1.2337247192707104,23.793926288620792,500.0,0.7662752807292896
1771866713.3525138,6.194131529586395,1.2491288037285673,12.986715368946827,500.0,0.7508711962714327
1771866713.3608418,6.204568375125588,1.2589589317024878,13.978041789682806,500.0,0.7410410682975122
1771866713.3691633,6.215044725779318,1.2596175047242506,18.578187721739383,500.0,0.7403824952757494
1771866713.3733542,6.220276823284745,1.255703401302531,42.45215355652735,500.0,0.744296598697469
1771866713.3816712,6.23062489345378,1.2409872480740152,23.066173271046548,500.0,0.7590127519259848
1771866713.389993,6.240943001716334,1.2348519944627252,59.272727272727266,500.0,0.7651480055372748
1771866713.3983157,6.251206511192038,1.227076567092344,28.99194921620353,500.0,0.772923432907656
1771866713.4066563,6.261400472129016,1.2177625080003167,30.202331924589025,500.0,0.7822374919996833
1771866713.4149868,6.271513476044868,1.2073268097298477,31.61839024052845,500.0,0.7926731902701523
1771866713.423334,6.28159443918056,1.21020964043346,22.081595081079644,500.0,0.7897903595665401
1771866713.431658,6.291706207996247,1.2175830483381345,16.9546250717077,500.0,0.7824169516618655
1771866713.4399884,6.301837169599367,1.2164251936948025,21.64769998491819,500.0,0.7835748063051975
1771866713.4483182,6.311920548285518,1.2053882797780457,28.969811637006153,500.0,0.7946117202219543
1771866713.4566507,6.3219102832684015,1.1923733642791468,32.11918435817725,500.0,0.8076266357208532
1771866713.4649975,6.331799540538264,1.1804499870848155,59.272727272727266,500.0,0.8195500129151845
1771866713.4733202,6.3415968187956855,1.169618238682905,59.272727272727266,500.0,0.830381761317095
1771866713.4816632,6.351310057675768,1.1597563091307448,31.685421971438544,500.0,0.8402436908692552
1771866713.4899814,6.360946567968972,1.1508196835694922,31.78476281270198,500.0,0.8491803164305078
1771866713.4983194,6.370510673954203,1.1424091627373545,59.272727272727266,500.0,0.8575908372626455
1771866713.506661,6.38001953755243,1.1376345023963736,59.272727272727266,500.0,0.8623654976036264
1771866713.5191429,6.394325423114501,1.1466929562284853,32.65808299126361,500.0,0.8533070437715147
1771866713.52748,6.404000300953278,1.1600027646957551,25.1350428533115,500.0,0.8399972353042449
1771866713.535813,6.413766697505729,1.1711743089611024,24.718756887167572,500.0,0.8288256910388976
1771866713.544146,6.423587236849186,1.1780636840806658,31.374381729921367,500.0,0.8219363159193342
1771866713.5524728,6.433419033935375,1.1798857002412226,23.255928756861863,500.0,0.8201142997587774
1771866713.560812,6.443227006243126,1.1774297573201964,22.707277733897673,500.0,0.8225702426798036
1771866713.5691557,6.453010204238239,1.1745041829866991,22.78733003670539,500.0,0.8254958170133009
1771866713.5774794,6.462761703135657,1.1707795061850237,22.71507807992748,500.0,0.8292204938149763
1771866713.5858092,6.472490714035455,1.1679960759352053,22.836004294314744,500.0,0.8320039240647947
1771866713.5941448,6.482195148618308,1.1650380160544829,13.198487244287616,500.0,0.8349619839455171
1771866713.6024978,6.491865687809522,1.1610952638632588,22.83358910698633,500.0,0.8389047361367412
1771866713.6108313,6.501504419790948,1.1572486598189429,10.872462761853326,500.0,0.8427513401810571
1771866713.619163,6.51110698356619,1.1529781391437723,23.03139838044121,500.0,0.8470218608562277
1771866713.6274912,6.520668394635802,1.1481022674704662,23.001877199974103,500.0,0.8518977325295338
1771866713.635837,6.530200349467972,1.1444574411444572,15.834268956932469,500.0,0.8555425588555428
1771866713.6483421,6.5444393834859795,1.137327530032845,26.333881533497728,500.0,0.8626724699671551
1771866713.6566834,6.553915594802032,1.1359482446701965,25.732302354630892,500.0,0.8640517553298035
1771866713.6650128,6.563380210693823,1.1346886023644704,47.301549192983884,500.0,0.8653113976355296
1771866713.6733556,6.572840250946336,1.1348890036557104,24.65503072326898,500.0,0.8651109963442896
1771866713.6816802,6.582301199558162,1.1351419572178807,27.88344536338134,500.0,0.8648580427821193
1771866713.690007,6.591760880732944,1.1346319262966884,35.775610596257394,500.0,0.8653680737033116
1771866713.698342,6.601220469721131,1.1350083603620917,24.526261328531163,500.0,0.8649916396379083
1771866713.706693,6.610676742220638,1.133960287144875,25.33769520441798,500.0,0.8660397128551249
1771866713.715038,6.6201209130814815,1.1319008384128628,41.26362326222966,500.0,0.8680991615871372
1771866713.7275047,6.634248092892666,1.1294548078075004,23.629959090936534,500.0,0.8705451921924996
1771866713.73587,6.64366365371153,1.1362615759827046,17.767611725550292,500.0,0.8637384240172954
1771866713.744169,6.65299940234041,1.1129428626295472,34.3808394757053,500.0,0.8870571373704528
1771866713.7525046,6.66221194035877,1.0987534521073477,59.272727272727266,500.0,0.9012465478926523
1771866713.7608387,6.671334917476846,1.0888345100860841,59.272727272727266,500.0,0.9111654899139159
1771866713.7692027,6.680387315244078,1.0813318458250596,59.272727272727266,500.0,0.9186681541749404
1771866713.7817256,6.693871058322899,1.0772480609479,24.451552566258624,500.0,0.9227519390521
1771866713.7900538,6.70280003312881,1.0722991231569388,24.504711765449226,500.0,0.9277008768430612
1771866713.7983298,6.711698553131858,1.0685426497778125,11.329035512252542,500.0,0.9314573502221875
1771866713.8066847,6.720510357998581,1.0504684442244092,59.272727272727266,500.0,0.9495315557755908
1771866713.8191888,6.733577036443705,1.0429457569453513,24.557664965590355,500.0,0.9570542430546487
1771866713.8274977,6.742195388027575,1.0353142529176007,24.80723396593159,500.0,0.9646857470823993
1771866713.835828,6.750769447947962,1.0298119082938886,25.10537565454618,500.0,0.9701880917061114
1771866713.8483365,6.763585882331481,1.0257845990425936,26.252760268940502,500.0,0.9742154009574064
1771866713.8566704,6.772267658519652,1.0408375713552656,46.46802364097178,500.0,0.9591624286447344
1771866713.8650074,6.781021101488212,1.0499753793537332,26.69197452847421,500.0,0.9500246206462668
1771866713.877501,6.794340058397847,1.0700683002588083,29.05965031668772,500.0,0.9299316997411917
1771866713.8858263,6.8032099696326895,1.0652140587950047,24.659972684684416,500.0,0.9347859412049953
1771866713.89421,6.812007687522748,1.0568845233608584,24.584731983976873,500.0,0.9431154766391416
1771866713.902499,6.8207506976166625,1.0501813006387248,24.777875062819593,500.0,0.9498186993612752
1771866713.9150164,6.833789581600597,1.040484529184546,59.272727272727266,500.0,0.9595154708154541
1771866713.923352,6.842350429627761,1.0284639912179436,8.875094072308048,500.0,0.9715360087820564
1771866713.9316719,6.850829653844823,1.0188386792442667,-0.8322978947227605,500.0,0.9811613207557333
1771866713.9441838,6.863442944011527,1.0056591625407865,30.788349783667723,500.0,0.9943408374592135
1771866713.9524941,6.871712401058846,0.9936876812333526,25.384003628679547,500.0,1.0063123187666474
1771866713.9650142,6.884070479043187,0.9900464116155686,15.143935160372836,500.0,1.0099535883844313
1771866713.9733357,6.892337990880208,0.9935269607678393,25.45850649692767,500.0,1.0064730392321608
1771866713.9816568,6.90082568414709,1.0168166286479459,59.272727272727266,500.0,0.9831833713520541
1771866713.9941673,6.913604663488726,1.017388953363428,31.80051697741959,500.0,0.9826110466365721
1771866714.002486,6.9220775039003755,1.0142263110468994,30.489781331852907,500.0,0.9857736889531006
1771866714.0108173,6.930513517761254,1.0128210196491363,26.264638383068935,500.0,0.9871789803508637
1771866714.0233266,6.943013894501546,0.9952749439277226,32.84385309169829,500.0,1.0047250560722774
1771866714.0316675,6.951304224921375,0.9922802373581716,59.272727272727266,500.0,1.0077197626418284
1771866714.0441768,6.96364312152067,0.9820833844391842,32.65494948703905,500.0,1.0179166155608157
1771866714.0524952,6.971814478828521,0.9769249865532034,32.565159610545166,500.0,1.0230750134467965
1771866714.0649974,6.984029170820607,0.9717418144823344,33.00678079531278,500.0,1.0282581855176656
1771866714.0733292,6.992115114450687,0.9667746281750839,59.272727272727266,500.0,1.033225371824916
1771866714.0816803,7.000177052536515,0.9661152437648408,29.396604152544466,500.0,1.0338847562351592
1771866714.0941608,7.012182719823911,0.9579278072497889,31.178065624704573,500.0,1.042072192750211
1771866714.102502,7.020161070416553,0.9552553349298807,30.969987620106462,500.0,1.0447446650701193
1771866714.1150014,7.032281227166982,0.9686926070155639,28.310379078793968,500.0,1.031307392984436
1771866714.123336,7.040340197121575,0.9644936246031471,31.38131232182425,500.0,1.035506375396853
1771866714.1358275,7.052366195074449,0.9554086643715618,35.1752096113024,500.0,1.0445913356284382
1771866714.144168,7.060325127506393,0.952215717128092,59.272727272727266,500.0,1.047784282871908
1771866714.156658,7.072044267113944,0.9316683926976698,59.272727272727266,500.0,1.0683316073023303
1771866714.1691651,7.083657594624843,0.9231452382653593,33.113471597650424,500.0,1.0768547617346407
1771866714.177506,7.091331782094545,0.9166464298989633,34.6502017976767,500.0,1.0833535701010368
1771866714.1900134,7.102858932774484,0.9308994364149276,20.067569653549214,500.0,1.0691005635850725
1771866714.198338,7.110605536929096,0.9295361772461002,28.843686453085528,500.0,1.0704638227538998
1771866714.2108355,7.122276890562873,0.9270982709172936,59.272727272727266,500.0,1.0729017290827065
1771866714.2191563,7.130005751216403,0.9253322437901917,31.82322215662617,500.0,1.0746677562098084
1771866714.2316618,7.14139786094264,0.906930795424115,34.86563449119729,500.0,1.093069204575885
1771866714.244157,7.152699551844825,0.8954673707402754,38.12306570434807,500.0,1.1045326292597246
1771866714.2524872,7.160160529850759,0.8922139352275361,33.851997945359344,500.0,1.1077860647724638
1771866714.2649996,7.171227250680788,0.8817437882376534,33.907867707241856,500.0,1.1182562117623465
1771866714.2775083,7.182347355503566,0.9018140277860159,17.950276050939586,500.0,1.098185972213984
1771866714.2900229,7.193674560322906,0.9169362966359613,-25.575757575757574,500.0,1.0830637033640387
1771866714.298346,7.201271869794856,0.9078088872594097,34.2912419488411,500.0,1.0921911127405903
1771866714.3108468,7.212583766024664,0.8966593673862522,59.272727272727266,500.0,1.1033406326137478
1771866714.319181,7.220051889530842,0.8928446783626208,33.982412145891864,500.0,1.107155321637379
1771866714.3316782,7.231074192693447,0.8767678669670746,36.13326187840885,500.0,1.1232321330329254
1771866714.344168,7.242037562713027,0.8738954492261667,59.272727272727266,500.0,1.1261045507738334
1771866714.3566651,7.252984563815638,0.8810427281474812,23.021484471907957,500.0,1.1189572718525187
1771866714.364985,7.2602973821985755,0.8745705771030065,34.098000152034615,500.0,1.1254294228969934
1771866714.3774872,7.2712188116299705,0.8685852316118969,35.833573237786695,500.0,1.131414768388103
1771866714.3899913,7.282054970458719,0.8590448325600685,59.272727272727266,500.0,1.1409551674399316
1771866714.4025214,7.292754139576352,0.847692932087384,59.272727272727266,500.0,1.152307067912616
1771866714.4150078,7.303345133435426,0.8466787310629093,29.343134963963212,500.0,1.1533212689370909
1771866714.4233334,7.310382519524517,0.8414278662048681,59.272727272727266,500.0,1.1585721337951318
1771866714.435824,7.320883542705257,0.8364213477328489,35.17214149882814,500.0,1.1635786522671512
1771866714.448321,7.331187389372293,0.8216403684851975,35.066677660395634,500.0,1.1783596315148026
1771866714.4608264,7.341460019610048,0.8170203785286245,59.272727272727266,500.0,1.1829796214713755
1771866714.473334,7.351786619526301,0.8385700522669608,-25.575757575757574,500.0,1.1614299477330392
1771866714.4858472,7.362331325866844,0.8570106002024048,18.55701714443923,500.0,1.142989399797595
1771866714.4983418,7.373064140085753,0.8691166994677407,19.21417092127085,500.0,1.1308833005322594
1771866714.506668,7.380268780526557,0.8616058736148382,59.272727272727266,500.0,1.1383941263851618
1771866714.5191672,7.391138328790209,0.864131681718572,35.94398597037503,500.0,1.135868318281428
1771866714.5316682,7.401741329303696,0.8436480644492321,36.885540188669836,500.0,1.1563519355507679
1771866714.5441666,7.4121000050824986,0.824763895176805,59.272727272727266,500.0,1.175236104823195
1771866714.556677,7.4224079523702,0.8187284186683532,59.272727272727266,500.0,1.1812715813316468
1771866714.5691576,7.432632353996784,0.8106749501017967,59.272727272727266,500.0,1.1893250498982033
1771866714.5816767,7.442739357613126,0.7999946631745944,40.11575436977592,500.0,1.2000053368254056
1771866714.594179,7.452707277199999,0.7883071054219437,40.15380860692432,500.0,1.2116928945780563
1771866714.6066735,7.462526806515861,0.7761628324991846,41.182641270458234,500.0,1.2238371675008155
1771866714.6191602,7.472004462337454,0.7536886828270755,38.81017802171559,500.0,1.2463113171729245
1771866714.631669,7.481261393723797,0.7396290142624458,35.05834412036017,500.0,1.2603709857375542
1771866714.644162,7.490390408148985,0.7320352944186925,23.407117436284246,500.0,1.2679647055813075
1771866714.6608267,7.5026671978589885,0.7376217194312735,57.55622773152404,500.0,1.2623782805687265
1771866714.673321,7.511975217494168,0.7457150526849734,31.93989928423414,500.0,1.2542849473150266
1771866714.6858218,7.5212885424001,0.746450159007931,32.13552896146064,500.0,1.253549840992069
1771866714.6983066,7.5307783328504945,0.7631378131908707,33.16917068753117,500.0,1.2368621868091294
1771866714.7108054,7.540226328782609,0.7547321547900512,30.571171149192757,500.0,1.2452678452099488
1771866714.7274778,7.552710547889679,0.7487615103380657,32.18893297607591,500.0,1.2512384896619344
1771866714.7399764,7.562029400915577,0.7476894474432587,26.15143471895566,500.0,1.2523105525567413
1771866714.752476,7.571288804921961,0.7403370111505079,7.935653582528023,500.0,1.2596629888494921
1771866714.7649782,7.580476882732708,0.733732225938139,0.0460110843194595,500.0,1.2662677740618609
1771866714.7816381,7.592809539744712,0.7454573035329338,33.47851888709117,500.0,1.254542696467066
1771866714.7941353,7.602043878555749,0.738053510418903,31.09855356166374,500.0,1.261946489581097
1771866714.8066704,7.611158083783022,0.7203636416902512,59.272727272727266,500.0,1.2796363583097488
1771866714.8191564,7.6201149891362485,0.7073583908539016,59.272727272727266,500.0,1.2926416091460984
1771866714.8358285,7.631841681317625,0.6887250008812802,44.75727513304331,500.0,1.3112749991187198
1771866714.8483248,7.640447044850145,0.6813282682196016,59.272727272727266,500.0,1.3186717317803984
1771866714.8650138,7.651916607706235,0.6991498391742962,23.353903857540327,500.0,1.300850160825704
1771866714.877499,7.6606923367486335,0.7080780523881662,28.558888564584162,500.0,1.2919219476118338
1771866714.8941689,7.672564663200899,0.7037127052988902,59.272727272727266,500.0,1.2962872947011097
1771866714.9066474,7.681380283246462,0.7007338773061559,39.75701677353002,500.0,1.2992661226938442
1771866714.9191394,7.690001497996058,0.6906923614763859,38.16419586389694,500.0,1.309307638523614
1771866714.9358354,7.701376275153176,0.6798402263033375,38.35654481202662,500.0,1.3201597736966626
1771866714.952504,7.712599828149213,0.6794411588299406,30.844379629637416,500.0,1.3205588411700595
1771866714.9650345,7.721359265363072,0.710847443125916,26.198260945033212,500.0,1.289152556874084
1771866714.9775288,7.730113124514837,0.720002596276387,13.003195155087507,500.0,1.279997403723613
1771866714.9941607,7.741941143304407,0.7121164751446188,34.28468682696633,500.0,1.2878835248553813
1771866715.0066729,7.750834825623686,0.7086402282483983,31.602711334849285,500.0,1.2913597717516017
1771866715.0233214,7.762516529021923,0.700538566675257,24.541685448637146,500.0,1.299461433324743
1771866715.0358005,7.771090964287111,0.6839285954255458,31.592176008524607,500.0,1.3160714045744542
1771866715.0524573,7.782396826312596,0.6782711364310087,33.81743741899322,500.0,1.3217288635689912
1771866715.0649683,7.790726091887975,0.6645796729289913,31.91830723900497,500.0,1.3354203270710086
1771866715.0816581,7.8016232164081964,0.6478386665138568,32.576001159803724,500.0,1.3521613334861433
1771866715.0983014,7.812227290637413,0.6301884327990411,32.400504031602736,500.0,1.369811567200959
1771866715.1149642,7.822556819569051,0.6141989849168695,32.73013394788456,500.0,1.3858010150831306
1771866715.1274824,7.83015137258759,0.5978544067617554,45.341512417225545,500.0,1.4021455932382447
1771866715.1441607,7.840112809161418,0.5880838720879411,44.389690634363,500.0,1.411916127912059
1771866715.1650057,7.852052485446308,0.5620462671470656,45.06094642137286,500.0,1.4379537328529344
1771866715.1816607,7.861455498159523,0.5579732091983423,43.40175374448819,500.0,1.4420267908016577
1771866715.1983407,7.87059649327472,0.548807378144911,38.60839692810493,500.0,1.451192621855089
1771866715.2191672,7.8816928037549765,0.531892129686044,38.478085890470794,500.0,1.4681078703139558
1771866715.2358177,7.890311497444473,0.517086523921445,36.92393016418534,500.0,1.482913476078555
1771866715.2566638,7.900746880646491,0.48970333438528585,35.050194901058056,500.0,1.510296665614714
1771866715.277501,7.910747840979909,0.4597225072504858,50.901070293414634,500.0,1.5402774927495142
1771866715.2983239,7.920388202535075,0.45405888281471474,46.858949971950985,500.0,1.5459411171852853
1771866715.3233263,7.9315406637286126,0.4425861060841333,45.88702283649551,500.0,1.5574138939158666
1771866715.344152,7.940384575409913,0.4260351707114651,24.971271991200606,500.0,1.5739648292885349
1771866715.3691556,7.950469734752559,0.3860096888579212,36.92336288287921,500.0,1.6139903111420788
1771866715.39417,7.96011633859226,0.37398257412077335,48.564748817757156,500.0,1.6260174258792266
1771866715.423343,7.9708633974670855,0.3662200573186786,44.850577352949706,500.0,1.6337799426813213
1771866715.4524908,7.980367606960186,0.3184131258619525,40.4083539104937,500.0,1.6815868741380475
1771866715.4858327,7.99056228260339,0.2693655476249343,54.81426494157689,500.0,1.7306344523750656
1771866715.523331,8.000034933648951,0.2606784209526934,19.219723250513933,500.0,1.7393215790473067
1771866715.5691986,8.010381510755176,0.16220099360563264,54.16213834638683,500.0,1.8377990063943674
1771866715.6191921,8.021646781590839,0.4601229406090386,-4.076375795418352,500.0,1.5398770593909614
1771866715.635849,8.033461441554435,0.8632465757430692,-25.575757575757574,500.0,1.1367534242569308
1771866715.6441712,8.040328014733893,0.8292194490022375,26.637566295571297,500.0,1.1707805509977625
1771866715.6566746,8.050909530646393,0.8415942953819943,29.01802042349767,500.0,1.1584057046180058
1771866715.6691616,8.061106322983733,0.791716966952273,51.66117189759901,500.0,1.208283033047727
1771866715.6816611,8.070925167414542,0.7692776973337753,48.59755892131073,500.0,1.2307223026662246
1771866715.6941552,8.08056191127068,0.7623861223225635,44.80416822907803,500.0,1.2376138776774366
1771866715.710809,8.09292768600297,0.7334314079125295,46.168000407298095,500.0,1.2665685920874705
1771866715.723302,8.101885056595655,0.719243093116085,34.8582401957027,500.0,1.2807569068839149
1771866715.7358043,8.110606834465425,0.6951700369549376,-20.101472726182102,500.0,1.3048299630450624
1771866715.7524664,8.122020078410936,0.6789601694074467,31.909154263675063,500.0,1.3210398305925533
1771866715.7649686,8.130449497791595,0.6642495162336142,49.419032638542305,500.0,1.3357504837663858
1771866715.7816997,8.14123419905739,0.6454444198397151,59.272727272727266,500.0,1.3545555801602849
1771866715.798335,8.151533445804937,0.6168459334768003,36.88112900832631,500.0,1.3831540665231996
1771866715.8150074,8.161502440430294,0.5911793472762522,-13.282036168712562,500.0,1.408820652723748
1771866715.8317146,8.170223682101517,0.5239012922930071,38.407229216998765,500.0,1.476098707706993
1771866715.8566942,8.18170003021879,0.4300609556769412,59.272727272727266,500.0,1.5699390443230588
1771866715.8774962,8.190497825528368,0.4011066537304664,59.272727272727266,500.0,1.5988933462695336
1771866715.902509,8.20034968655904,0.3822665198057252,59.272727272727266,500.0,1.6177334801942749
1771866715.931644,8.211407199542778,0.3743220348420851,45.391633592597124,500.0,1.625677965157915
1771866715.9566758,8.220948885788216,0.3897215192301972,38.889576806645096,500.0,1.6102784807698027
1771866715.981641,8.230900767574754,0.4046609201308603,39.76258750601587,500.0,1.5953390798691398
1771866716.006639,8.241553654049165,0.4328292727124138,39.375264345377836,500.0,1.567170727287586
1771866716.0275078,8.251786040748996,0.567287888178829,-15.122269990270881,500.0,1.432712111821171
1771866716.0400107,8.26200999683483,0.848506860684562,52.76535182312309,500.0,1.151493139315438
1771866716.0525234,8.274108019268173,1.0743051952556406,-25.575757575757574,500.0,0.9256948047443594
1771866716.0608559,8.283017308277989,1.0859215027335052,-25.575757575757574,500.0,0.9140784972664948
1771866716.069169,8.292774766845335,1.1621377301266662,39.81813694066086,500.0,0.8378622698733338
1771866716.0774882,8.302723699213631,1.1909619395335405,32.021289053236096,500.0,0.8090380604664595
1771866716.0858445,8.31286868869792,1.2401792948414734,-0.9625905393909449,500.0,0.7598207051585266
1771866716.0941772,8.323202779165605,1.2480946157774653,17.194647693347413,500.0,0.7519053842225347
1771866716.1025183,8.33363514770236,1.2579110728406049,19.6761275073465,500.0,0.7420889271593951
1771866716.1108341,8.344141873024109,1.2651748952146245,-25.575757575757574,500.0,0.7348251047853755
1771866716.1191688,8.354878799844954,1.2872066275483862,51.59412292402362,500.0,0.7127933724516138
1771866716.123343,8.360367943444594,1.3173944639134076,7.875485246588366,500.0,0.6826055360865924
1771866716.131683,8.371461420798289,1.3502436916921186,4.300806412932059,500.0,0.6497563083078814
1771866716.1400025,8.3828748930309,1.3958323234299344,-7.62931062789404,500.0,0.6041676765700656
1771866716.1483362,8.394625282704396,1.4340719344765702,-25.575757575757574,500.0,0.5659280655234298
1771866716.1524973,8.400562948470462,1.4250397838555595,59.272727272727266,500.0,0.5749602161444405
1771866716.1608226,8.412800614667644,1.4639591069896871,29.312395430407904,500.0,0.5360408930103129
1771866716.1691527,8.425391665403573,1.505926834404277,29.271685876767847,500.0,0.4940731655957229
1771866716.173348,8.43191612547435,1.5658704169862965,-11.42876158434803,500.0,0.4341295830137035
1771866716.18167,8.445157568458276,1.6223852982806297,-21.982454782900245,500.0,0.3776147017193703
1771866716.1858277,8.451880512306955,1.6135065236830117,26.202155850674394,500.0,0.38649347631698827
1771866716.194166,8.465900845317234,1.6784461904424834,59.272727272727266,500.0,0.32155380955751656
1771866716.198328,8.47290084742885,1.6800005067877344,18.136601401170065,500.0,0.3199994932122656
1771866716.2025032,8.480018660776501,1.7082752034363724,-25.575757575757574,500.0,0.2917247965636276
1771866716.2108335,8.494462369971192,1.7615932546656288,-18.118794048551948,500.0,0.23840674533437123
1771866716.2149982,8.501784050171018,1.7572032479584558,59.272727272727266,500.0,0.24279675204154416
1771866716.223336,8.516536031689684,1.7825968693856515,2.1323373143512936,500.0,0.21740313061434846
1771866716.2275019,8.523960073055944,1.7817699279025068,17.79922533685289,500.0,0.21823007209749323
1771866716.2316658,8.531501158747373,1.8098605659429463,-0.8363231086346986,500.0,0.1901394340570537
1771866716.2400062,8.54661290644928,1.8132761243331101,16.86769790617878,500.0,0.18672387566688986
1771866716.2442033,8.55431780112558,1.8491747223120236,-0.31672936344534935,500.0,0.15082527768797638
1771866716.2483346,8.562018719563993,1.848220425219247,16.67896741007431,500.0,0.1517795747807531
1771866716.2567286,8.57765399197306,1.9043686756505964,-25.575757575757574,500.0,0.09563132434940358
1771866716.2608492,8.58558809944697,1.9041857937380973,15.150765729065741,500.0,0.09581420626190273
1771866716.2649884,8.59352027012107,1.903720961784176,19.873208855249462,500.0,0.09627903821582406
1771866716.26921,8.601712711313416,1.9661858861629113,-25.575757575757574,500.0,0.033814113837088655
1771866716.2775583,8.618121567231999,1.9695193216874292,13.480561394425452,500.0,0.03048067831257084
1771866716.2817516,8.62659242760906,2.0330064904946883,-9.371282778155487,500.0,-0.03300649049468829
1771866716.2858672,8.63509614851413,2.040893017216654,8.920169126302468,500.0,-0.04089301721665395
1771866716.2901073,8.643612677243896,2.043966895143658,11.54182216594255,500.0,-0.043966895143658036
1771866716.2942038,8.652123499857568,2.042597427281463,13.138850781218625,500.0,-0.042597427281462874
1771866716.298416,8.660842273115595,2.0925055819261673,-5.958051614013405,500.0,-0.09250558192616731
1771866716.306751,8.678155566641442,2.080403001580949,9.805474643244235,500.0,-0.08040300158094915
1771866716.310886,8.68681582429933,2.078461837893497,12.72306396454403,500.0,-0.07846183789349714
1771866716.315088,8.695631645908733,2.11579718625675,-1.485587974472102,500.0,-0.11579718625675017
1771866716.319219,8.704265487371625,2.072121951094196,31.092783283978086,500.0,-0.07212195109419595
1771866716.3234355,8.71296681448279,2.088318506679808,6.259523076087045,500.0,-0.088318506679808
1771866716.3275523,8.721650585569016,2.084105060693995,55.39319700127122,500.0,-0.08410506069399482
1771866716.3317978,8.730383360807595,2.095866057259026,8.155811840067043,500.0,-0.09586605725902597
1771866716.340169,8.747638458567176,2.0800945769115375,-25.575757575757574,500.0,-0.08009457691153754
1771866716.344288,8.756286324216225,2.0754877557716993,13.338357718645733,500.0,-0.0754877557716993
1771866716.3484561,8.76512891042101,2.1222206891486093,-2.720034695462051,500.0,-0.12222068914860929
1771866716.3525772,8.773792687379965,2.079306470149246,59.272727272727266,500.0,-0.07930647014924608
1771866716.3567348,8.782530491032707,2.097072876658005,4.59382543567343,500.0,-0.09707287665800512
1771866716.360943,8.791241414748315,2.090621691745675,13.660863482485507,500.0,-0.09062169174567503
1771866716.3692575,8.80866857364701,2.1109878105317805,-2.706775244692331,500.0,-0.11098781053178053
1771866716.3734748,8.81731346591544,2.074774144423184,59.272727272727266,500.0,-0.0747741444231842
1771866716.3775973,8.825985071911898,2.081185439150024,-25.575757575757574,500.0,-0.08118543915002396
1771866716.3818,8.834734729158212,2.0999177391152744,-25.575757575757574,500.0,-0.09991773911527435
1771866716.385906,8.84333026172118,2.0629278151123054,59.272727272727266,500.0,-0.06292781511230539
1771866716.3901029,8.852008816506755,2.082853148538172,5.523770425448133,500.0,-0.08285314853817205
1771866716.3942773,8.860667382061902,2.0780557332349137,13.28368816219145,500.0,-0.07805573323491366
1771866716.4025776,8.878076965005647,2.0696348438776964,25.97576989934728,500.0,-0.06963484387769636
1771866716.4068203,8.886778988797559,2.0884857100588436,6.801083270012645,500.0,-0.08848571005884365
1771866716.4109263,8.895461870611102,2.083891635250492,13.215786452683988,500.0,-0.08389163525049215
1771866716.4151175,8.904160988227833,2.0877882280153464,10.4981419002475,500.0,-0.08778822801534636
1771866716.419223,8.912821974896938,2.078636800585257,59.272727272727266,500.0,-0.07863680058525713
1771866716.4234462,8.921533047142923,2.0906573390363907,-25.575757575757574,500.0,-0.09065733903639073
1771866716.427576,8.930230649518643,2.087424570172952,12.775854067865378,500.0,-0.08742457017295191
1771866716.4359312,8.9476550539529,2.1077018281732776,0.2678489861806928,500.0,-0.10770182817327756
1771866716.4401164,8.956296058769562,2.0738411559987044,21.678882343044126,500.0,-0.07384115599870444
1771866716.4442658,8.96496184903778,2.079789664372343,9.884691998220436,500.0,-0.0797896643723428
1771866716.4484496,8.973700362558704,2.0972432450218643,6.296938169838134,500.0,-0.09724324502186432
1771866716.4525564,8.982284885129076,2.0602854168893407,26.900913326359888,500.0,-0.06028541688934075
1771866716.4567742,8.990942011983718,2.077710445113826,6.497442315270454,500.0,-0.07771044511382597
1771866716.465134,9.00839924032927,2.1163135447822703,-0.5928216461214973,500.0,-0.1163135447822703
1771866716.4692423,9.01704119801715,2.0740698450910187,27.05025501489789,500.0,-0.07406984509101866
1771866716.4734745,9.025757434144944,2.091896670670599,6.836131337620416,500.0,-0.09189667067059881
1771866716.477594,9.034453858045952,2.087141736241615,13.172605751341239,500.0,-0.08714173624161514
1771866716.4817498,9.043076588149178,2.0694552247743023,17.974224653987484,500.0,-0.06945522477430233
1771866716.485911,9.05184227076873,2.103763828692639,-0.8819359773995811,500.0,-0.10376382869263878
1771866716.4901073,9.06046370665065,2.0691446116603593,22.396347204862703,500.0,-0.06914461166035935
1771866716.4984953,9.077887886128499,2.1065532247387653,-25.575757575757574,500.0,-0.10655322473876527
1771866716.502564,9.086498205796667,2.0664767203602215,27.271276032739404,500.0,-0.06647672036022145
1771866716.5068274,9.095182697080556,2.0842779081334486,-25.575757575757574,500.0,-0.0842779081334486
1771866716.5109448,9.10384842750562,2.0797753020151317,56.569405851907995,500.0,-0.07977530201513172
1771866716.5151193,9.1125550317671,2.089585022755249,8.705054967975585,500.0,-0.08958502275524882
1771866716.5192537,9.12114843194356,2.062416042350564,21.220865715385237,500.0,-0.062416042350564194
1771866716.5275786,9.138445920007722,2.0737743840740293,13.190002827947499,500.0,-0.07377438407402925
1771866716.5317903,9.14722756568315,2.1075949621023544,1.6177174911447378,500.0,-0.10759496210235442
1771866716.535903,9.155842058158488,2.0674781940810463,26.59379348928232,500.0,-0.06747819408104627
1771866716.540144,9.164531413823875,2.0854453596927534,-25.575757575757574,500.0,-0.08544535969275335
1771866716.544259,9.17320143949075,2.0808061600502388,59.272727272727266,500.0,-0.08080616005023877
1771866716.5484626,9.181879546451922,2.082745670681209,-8.43796060314746,500.0,-0.08274567068120886
1771866716.5525792,9.190551679680707,2.0813119749082714,12.17923055502401,500.0,-0.08131197490827136
1771866716.5609186,9.207923484733186,2.083522391023333,12.38808276742611,500.0,-0.08352239102333314
1771866716.5650852,9.21655533601794,2.0716443083407676,15.8401660382345,500.0,-0.07164430834076763
1771866716.5692642,9.22532397488594,2.1044733283202235,0.6996956295561999,500.0,-0.10447332832022349
1771866716.5734603,9.233946733447533,2.0694620547824156,21.667199586915356,500.0,-0.06946205478241563
1771866716.577594,9.242595508216667,2.0757059445918378,9.74178170251927,500.0,-0.07570594459183777
1771866716.5817864,9.251325660169314,2.095236468635491,-25.575757575757574,500.0,-0.09523646863549118
1771866716.5901623,9.268551753417936,2.0763597229408606,6.637651841200834,500.0,-0.07635972294086057
1771866716.5942557,9.277184520127436,2.071864010279798,59.272727272727266,500.0,-0.07186401027979805
1771866716.5984542,9.285959736129607,2.106051840520896,-25.575757575757574,500.0,-0.10605184052089589
1771866716.6026275,9.294568067143171,2.0659994432554125,23.100771858608148,500.0,-0.06599944325541252
1771866716.6068075,9.303253678636189,2.084546758324377,-25.575757575757574,500.0,-0.08454675832437708
1771866716.610934,9.311918263831654,2.0795004469117604,59.272727272727266,500.0,-0.07950044691176039
1771866716.6151102,9.320581040341139,2.079066362276594,16.366335843629834,500.0,-0.07906636227659414
1771866716.6234803,9.337873728874483,2.0641429973406957,17.67720434003172,500.0,-0.06414299734069573
1771866716.62757,9.346489438169888,2.0677702308973362,-25.575757575757574,500.0,-0.06777023089733625
1771866716.631806,9.355304092310062,2.1155169936419282,-25.575757575757574,500.0,-0.11551699364192825
1771866716.6359336,9.363940084173226,2.0726380471594172,59.272727272727266,500.0,-0.07263804715941724
1771866716.6401446,9.372656795323119,2.092010675974175,6.225360760485693,500.0,-0.092010675974175
1771866716.6442864,9.38134729122469,2.085719016377292,48.53840098028249,500.0,-0.08571901637729207
1771866716.6525812,9.3986290022775,2.0928377546639916,-2.924696740075944,500.0,-0.09283775466399158
1771866716.6567984,9.407205379790186,2.058330603044591,22.25517659460706,500.0,-0.05833060304459092
1771866716.660911,9.415807386528519,2.0644816171996,9.66353036222052,500.0,-0.0644816171996001
1771866716.665119,9.424640323377487,2.1199048437524786,-5.915083194418044,500.0,-0.11990484375247856
1771866716.6692321,9.433289678905314,2.075845326678524,29.167990594766298,500.0,-0.07584532667852395
1771866716.673529,9.442008603006808,2.0925417843585667,7.60526504342228,500.0,-0.09254178435856675
1771866716.6776168,9.4507017447267,2.0863540127741307,13.447436848509755,500.0,-0.08635401277413068
1771866716.6858995,9.467940921394217,2.088708201090647,-5.275647905710487,500.0,-0.08870820109064681
1771866716.6901348,9.476502308124017,2.0547328151522692,59.272727272727266,500.0,-0.05473281515226924
1771866716.6942537,9.485088952624505,2.060794680117047,9.796435527324734,500.0,-0.06079468011704714
1771866716.6984708,9.49391143105897,2.117394824271902,-25.575757575757574,500.0,-0.11739482427190184
1771866716.7025726,9.502551476247072,2.0736108451442474,59.272727272727266,500.0,-0.07361084514424743
1771866716.7067575,9.511259282336166,2.089873461382269,5.760499672225133,500.0,-0.08987346138226915
1771866716.7151024,9.528537195725377,2.067388679892455,15.570517774078407,500.0,-0.067388679892455
1771866716.7192407,9.537294865945903,2.10184085292595,-1.2625033598948372,500.0,-0.10184085292595002
1771866716.7233806,9.545939268191976,2.0746565390575946,59.272727272727266,500.0,-0.07465653905759462
1771866716.7276034,9.554607136997744,2.080288513384473,-25.575757575757574,500.0,-0.08028851338447307
1771866716.7317033,9.56326689213374,2.0783412326389232,12.508733190924781,500.0,-0.07834123263892323
1771866716.7359102,9.571915217716244,2.075598139800922,12.648952092489647,500.0,-0.07559813980092178
1771866716.7400932,9.580611162848431,2.087026831724904,-25.575757575757574,500.0,-0.08702683172490389
1771866716.7483494,9.597860374292416,2.0714185395594127,10.164583746516277,500.0,-0.07141853955941269
1771866716.7525642,9.606593739684511,2.096007694102666,-25.575757575757574,500.0,-0.09600769410266619
1771866716.7567062,9.61514905114474,2.053274750455045,30.92756123763908,500.0,-0.05327475045504482
1771866716.760918,9.623800082699772,2.076247573207612,3.8798430294937587,500.0,-0.076247573207612
1771866716.765056,9.632425926525288,2.0702025181239416,14.133798516317169,500.0,-0.07020251812394163
1771866716.769311,9.641170043910536,2.0985881724594493,3.0494822702924567,500.0,-0.09858817245944929
1771866716.77768,9.658393297262078,2.0781870833594005,5.765470706283882,500.0,-0.0781870833594005
1771866716.7818038,9.667025912457106,2.0718276468067187,13.519605823815315,500.0,-0.07182764680671871
1771866716.7859433,9.675738901346058,2.091117333348323,-25.575757575757574,500.0,-0.09111733334832284
1771866716.790059,9.684286609628552,2.0514499877985206,28.09747362919066,500.0,-0.05144998779852061
1771866716.794218,9.69290464832874,2.0683292880452493,-25.575757575757574,500.0,-0.06832928804524929
1771866716.7984474,9.701505452789881,2.0641930706738334,56.484811159258406,500.0,-0.0641930706738334
1771866716.802619,9.710315533675194,2.1144194124750393,-3.887552719972224,500.0,-0.11441941247503928
1771866716.8109322,9.727619258011618,2.085764035246353,5.419621674428303,500.0,-0.08576403524635312
1771866716.8151076,9.73626276720603,2.074442206658882,59.272727272727266,500.0,-0.0744422066588819
1771866716.8192823,9.744924814520026,2.0788913553589796,10.255893397505762,500.0,-0.07889135535897962
1771866716.8234146,9.753541841773666,2.0680865408736917,15.706546574979907,500.0,-0.0680865408736917
1771866716.8275614,9.762205131593154,2.079189556677174,7.0456354717147605,500.0,-0.07918955667717409
1771866716.831798,9.77083488596649,2.071141049600768,14.008255518177531,500.0,-0.07114104960076784
1771866716.840114,9.788065539852354,2.0479824340460415,24.606295331164176,500.0,-0.04798243404604152
1771866716.8442574,9.796666449380927,2.0642182868574714,6.190338800247964,500.0,-0.06421828685747144
1771866716.848451,9.805251468932575,2.060404692395423,51.397624146159416,500.0,-0.0604046923954229
1771866716.852624,9.814086259739538,2.120349793671086,-7.043884510022419,500.0,-0.12034979367108578
1771866716.8567235,9.822717781196614,2.071565149698132,31.235883428259847,500.0,-0.07156514969813221
1771866716.8609269,9.831414437907137,2.0871976105253998,6.039634489788987,500.0,-0.08719761052539976
1771866716.8651087,9.840064279259924,2.075961924668951,15.163278750594001,500.0,-0.07596192466895113
1771866716.8734431,9.857423292403894,2.0981973354810393,1.0377216096315858,500.0,-0.09819733548103926
1771866716.8776176,9.866007081141099,2.0601092969293733,23.151693115435283,500.0,-0.06010929692937328
1771866716.881798,9.87461978663357,2.067049318193135,9.808442464800105,500.0,-0.06704931819313487
1771866716.8859599,9.883347407080878,2.0946289073541156,3.2069334844549298,500.0,-0.09462890735411555
1771866716.8900568,9.891910103778176,2.0550472073514805,27.9665013412678,500.0,-0.0550472073514805
1771866716.8943038,9.900545259693635,2.0724374197098308,6.824877239140295,500.0,-0.07243741970983075
1771866716.902643,9.917869125583385,2.089580294092747,-25.575757575757574,500.0,-0.08958029409274681
1771866716.9067576,9.926421383415562,2.052541879722611,59.272727272727266,500.0,-0.05254187972261093
1771866716.9109826,9.935044577416301,2.0695665601774342,-25.575757575757574,500.0,-0.06956656017743423
1771866716.9151306,9.943650234008144,2.0653575820422816,12.987219933595364,500.0,-0.06535758204228159
1771866716.9192762,9.952385535109508,2.0964722643273954,-25.575757575757574,500.0,-0.09647226432739542
1771866716.9233985,9.960959986327406,2.0578682922953693,27.239414116190265,500.0,-0.05786829229536927
1771866716.9317584,9.978238849294282,2.0712791645094577,55.163266824529416,500.0,-0.0712791645094577
1771866716.9359438,9.986886592349386,2.0754583332248218,10.253810113811907,500.0,-0.07545833322482176
1771866716.9400868,9.99550029906384,2.067289611469107,14.505910672434062,500.0,-0.06728961146910706
1771866716.9443152,10.004163957238577,2.0792779619365658,-25.575757575757574,500.0,-0.07927796193656578
1771866716.9484446,10.012812381109429,2.075621729004538,34.08872273821137,500.0,-0.07562172900453801
1771866716.952596,10.021392827330901,2.059307093153573,17.31463720283879,500.0,-0.059307093153572854
1771866716.956746,10.030115568415074,2.09345786020128,-1.19252771194982,500.0,-0.09345786020127989
1771866716.965099,10.047300476849562,2.0652470992316276,-25.575757575757574,500.0,-0.06524709923162764
1771866716.9692883,10.056011223931879,2.090579299755878,3.788724704419025,500.0,-0.09057929975587786
1771866716.9734004,10.064563950652294,2.052654412899872,26.585245963488894,500.0,-0.05265441289987205
1771866716.9776318,10.073196360313958,2.071778318799007,6.201659435731583,500.0,-0.07177831879900687
1771866716.9817643,10.081808972866707,2.0670270126596826,13.237258098737854,500.0,-0.06702701265968258
1771866716.9859717,10.090488594623231,2.0831092215659748,-25.575757575757574,500.0,-0.08310922156597478
1771866716.9942203,10.107613114297955,2.0627497308852205,5.153206149672593,500.0,-0.06274973088522051
1771866716.9984415,10.116192245527847,2.0589914951742636,50.77002668945277,500.0,-0.05899149517426361
1771866717.0026042,10.12497294730811,2.107368427263526,-3.9084936319687604,500.0,-0.10736842726352602
1771866717.0067494,10.133569025443567,2.063058752509654,27.78537156708808,500.0,-0.06305875250965398
1771866717.0109286,10.14223983711866,2.080994802022545,5.151537451647806,500.0,-0.08099480202254483
1771866717.0151083,10.150857460368865,2.068229580048948,15.61836852138131,500.0,-0.06822958004894808
1771866717.0234058,10.168086471860688,2.060129829802991,59.272727272727266,500.0,-0.060129829802991086
1771866717.027556,10.176722293223767,2.072597127138801,6.361402903551708,500.0,-0.07259712713880084
1771866717.0318034,10.185331749775022,2.0662695723013997,13.496951926616264,500.0,-0.06626957230139974
1771866717.0359511,10.1939964583573,2.079530059746864,-25.575757575757574,500.0,-0.079530059746864
1771866717.0401094,10.202511277418473,2.0435565746815896,23.943100564673273,500.0,-0.04355657468158958
1771866717.0442367,10.211096167702284,2.060373668114646,-25.575757575757574,500.0,-0.06037366811464606
1771866717.0525773,10.228237131386162,2.056858034464178,11.89692668428178,500.0,-0.05685803446417781
1771866717.0567727,10.237013225016698,2.1062624713283657,-4.900731065505774,500.0,-0.10626247132836575
1771866717.0609076,10.24561678728577,2.0648549445776676,27.33883872291831,500.0,-0.0648549445776676
1771866717.0650623,10.254268354095386,2.076376034307358,6.976059288956912,500.0,-0.07637603430735806
1771866717.069203,10.262901797953122,2.0720265258566037,13.569609230758225,500.0,-0.07202652585660374
1771866717.0734274,10.271501982020741,2.0640441762286508,14.431060687044756,500.0,-0.06404417622865077
1771866717.0776067,10.28022039904061,2.0924200847684267,2.4122181022217495,500.0,-0.09242008476842667
1771866717.0858936,10.297417707774397,2.0664153093022652,9.474982472529748,500.0,-0.06641530930226525
1771866717.0901587,10.306085294110112,2.080220720571557,-25.575757575757574,500.0,-0.08022072057155683
1771866717.0944273,10.314578284782318,2.0383177613295618,19.65513275517045,500.0,-0.03831776132956177
1771866717.09846,10.323119129330488,2.0498026915609273,8.718635852053811,500.0,-0.049802691560927315
1771866717.1027503,10.331647165580298,2.0467286999545733,38.53705451964214,500.0,-0.046728699954573294
1771866717.1067884,10.340419159558765,2.1052785548320863,-25.575757575757574,500.0,-0.10527855483208626
1771866717.1152148,10.357670246159293,2.0783909531057074,8.054335717396262,500.0,-0.07839095310570743
1771866717.1192548,10.366313007363635,2.074262689042092,56.04561759351462,500.0,-0.07426268904209188
1771866717.1235402,10.374860020345755,2.051283115708862,16.677051783013116,500.0,-0.05128311570886179
1771866717.1275883,10.383561729557274,2.0884102107644598,-1.2201517911776045,500.0,-0.08841021076445976
1771866717.1317558,10.39215758936005,2.0630063526664566,20.061695115553963,500.0,-0.0630063526664566
1771866717.13605,10.400770618489865,2.067126991155499,-25.575757575757574,500.0,-0.06712699115549903
1771866717.1442938,10.417983934978563,2.058747215812823,15.619001893328255,500.0,-0.05874721581282305
1771866717.1484563,10.426629442553208,2.074921817914892,6.927945602240696,500.0,-0.07492181791489205
1771866717.1526024,10.435252698167178,2.0695813473525995,13.233089796221813,500.0,-0.06958134735259947
1771866717.156859,10.44384564371943,2.062306932540621,59.272727272727266,500.0,-0.06230693254062114
1771866717.16094,10.452552296170005,2.089596588138319,-25.575757575757574,500.0,-0.08959658813831917
1771866717.165132,10.46111247768518,2.054443563642065,21.49572164067691,500.0,-0.05444356364206504
1771866717.173478,10.478404330906843,2.0893035491645096,3.609529660731806,500.0,-0.08930354916450955
1771866717.1775503,10.48694303050742,2.0492879041386143,28.49714883285664,500.0,-0.04928790413861428
1771866717.1817799,10.495559806298466,2.0680261898510417,6.05551820878199,500.0,-0.0680261898510417
1771866717.1859083,10.504157020978857,2.063331523293668,13.346331976396783,500.0,-0.0633315232936682
1771866717.1900997,10.512817638437225,2.078548190008122,6.618418460291828,500.0,-0.07854819000812219
1771866717.194282,10.521327068627427,2.0422632456482437,22.73011592880759,500.0,-0.042263245648243686
1771866717.202591,10.538475416659166,2.055635643485414,54.94154124396786,500.0,-0.055635643485413944
1771866717.2068086,10.547233650865396,2.1019762094951044,-25.575757575757574,500.0,-0.10197620949510444
1771866717.2108765,10.555814462511027,2.059394794951438,29.97129773935068,500.0,-0.05939479495143818
1771866717.2151198,10.564473119761445,2.078077740100566,6.037877012205374,500.0,-0.07807774010056612
1771866717.2192404,10.573108594201813,2.0725138656884896,59.272727272727266,500.0,-0.07251386568848961
1771866717.22344,10.58162875355478,2.0448382447122775,59.272727272727266,500.0,-0.044838244712277486
1771866717.2275755,10.590304069707193,2.082075876579193,-1.8085633658485527,500.0,-0.08207587657919291
1771866717.235923,10.607392749671197,2.0537049156838756,9.759532219274622,500.0,-0.05370491568387559
1771866717.2401013,10.616156220253991,2.103232939870786,-4.499817242791979,500.0,-0.10323293987078586
1771866717.2442114,10.624740285876852,2.060175749486799,30.005430046929938,500.0,-0.060175749486798935
1771866717.24846,10.63340406262268,2.07930641899849,5.9708346169441855,500.0,-0.07930641899849
1771866717.2525663,10.642041954764032,2.073094113924579,13.745207162866661,500.0,-0.07309411392457887
1771866717.2567983,10.650535760696572,2.03851342380969,21.532723318676986,500.0,-0.03851342380969003
1771866717.2651148,10.667706421989003,2.0432254917596904,59.272727272727266,500.0,-0.04322549175969037
1771866717.2692497,10.676245536332193,2.049387442365486,9.744937636721598,500.0,-0.04938744236548587
1771866717.2734396,10.685020755327635,2.10605255890608,-6.306593013619691,500.0,-0.10605255890608012
1771866717.2775743,10.69361216178569,2.0619375499335475,27.410599587402576,500.0,-0.0619375499335475
1771866717.2818332,10.70227124865999,2.0781808498317735,7.496652121463848,500.0,-0.07818084983177354
1771866717.2859251,10.710885621083523,2.0674493816479327,15.032650949601015,500.0,-0.06744938164793268
1771866717.294265,10.72813391623945,2.0873817167431317,0.000812090344547871,500.0,-0.08738171674313167
1771866717.2984235,10.736718655255153,2.0603373637684945,59.272727272727266,500.0,-0.06033736376849452
1771866717.3027153,10.745326516468712,2.0658866912539544,10.447638990598774,500.0,-0.06588669125395441
1771866717.3067887,10.753943031982532,2.0679637233168746,10.926944430980637,500.0,-0.06796372331687461
1771866717.3110673,10.762507393236117,2.055446700860485,59.272727272727266,500.0,-0.05544670086048509
1771866717.3150706,10.771139368944697,2.071674170059135,5.62947379351814,500.0,-0.07167417005913501
1771866717.3234878,10.788201008882002,2.049652256373399,10.684363332024711,500.0,-0.049652256373398984
1771866717.3276122,10.796958080602316,2.1016972128753837,-4.996728106010498,500.0,-0.10169721287538369
1771866717.331748,10.805517771308411,2.054325769462982,59.272727272727266,500.0,-0.054325769462982176
1771866717.3358955,10.814136176381778,2.068417217608009,5.956831406620041,500.0,-0.06841721760800912
1771866717.3401318,10.822706793642249,2.0569481425130527,59.272727272727266,500.0,-0.05694814251305269
1771866717.3442855,10.83140289561343,2.087064473083461,1.9958593707676866,500.0,-0.0870644730834611
1771866717.352621,10.848503954308486,2.0630787395760617,4.759096287472619,500.0,-0.0630787395760617
1771866717.3567848,10.857074806958966,2.057004636115295,59.272727272727266,500.0,-0.05700463611529516
1771866717.3609571,10.865762169022714,2.0849668952994653,-25.575757575757574,500.0,-0.08496689529946533
1771866717.365073,10.874270446889577,2.0419866880472712,28.321411987470754,500.0,-0.04198668804727124
1771866717.3692837,10.88286849959757,2.0635326499185336,5.1362848752718655,500.0,-0.06353264991853358
1771866717.3734403,10.891442905279096,2.057857363565966,59.272727272727266,500.0,-0.05785736356596605
1771866717.377603,10.900109771564166,2.080047908416718,4.293491466397673,500.0,-0.08004790841671783
1771866717.3859546,10.9171999366897,2.0610241133592986,-25.575757575757574,500.0,-0.06102411335929858
1771866717.390076,10.925767094675948,2.056117916699399,13.486481148356372,500.0,-0.05611791669939903
1771866717.394284,10.93445104445226,2.0841479463148502,-25.575757575757574,500.0,-0.08414794631485023
1771866717.3984041,10.942969827727849,2.0445079861414417,59.272727272727266,500.0,-0.04450798614144169
1771866717.4026363,10.951573389672484,2.0648548667126656,-25.575757575757574,500.0,-0.0648548667126656
1771866717.4067707,10.960156621146481,2.059975553759336,13.17792715596455,500.0,-0.05997555375933583
1771866717.4150965,10.977290205537415,2.0423414050723867,21.169494409604617,500.0,-0.042341405072386706
1771866717.4192696,10.985872657450496,2.0597884591397992,6.117453289540286,500.0,-0.059788459139799244
1771866717.4234102,10.99443724124902,2.0555001116457583,13.26471383481816,500.0,-0.0555001116457583
1771866717.4276087,11.00311332069239,2.082259066408769,2.9248257415235637,500.0,-0.08225906640876879
1771866717.4317431,11.011630508733207,2.0441251297957863,59.272727272727266,500.0,-0.04412512979578631
1771866717.4359076,11.020213546778876,2.0599291309607826,-25.575757575757574,500.0,-0.05992913096078256
1771866717.4442854,11.03744566805769,2.0800098815663888,4.10474226719888,500.0,-0.08000988156638877
1771866717.4483821,11.045948042817665,2.0405699423943053,59.272727272727266,500.0,-0.040569942394305336
1771866717.4525473,11.054522167330841,2.0577898831620955,4.389193573515332,500.0,-0.057789883162095546
1771866717.456769,11.063078210341187,2.0534503224828566,13.105930734815297,500.0,-0.05345032248285664
1771866717.4609373,11.071765576663138,2.0849679172682567,1.1085200338577845,500.0,-0.0849679172682567
1771866717.465079,11.080278174209717,2.043023411178757,26.959170193585614,500.0,-0.043023411178757076
1771866717.4734983,11.097431578887212,2.0561652339439402,59.272727272727266,500.0,-0.05616523394394024
1771866717.477643,11.106074293098354,2.074251410674089,6.038608651814884,500.0,-0.0742514106740888
1771866717.4817634,11.11455357267239,2.0350270977686935,59.272727272727266,500.0,-0.035027097768693505
1771866717.486002,11.123119499881039,2.055822530075749,-25.575757575757574,500.0,-0.05582253007574911
1771866717.490182,11.131664812228754,2.0508749634515118,12.889295781230528,500.0,-0.05087496345151177
1771866717.4942973,11.140370827227448,2.0894435996867284,0.09223137322625481,500.0,-0.08944359968672844
1771866717.5026371,11.157514275340773,2.066817231435143,6.0790357583092085,500.0,-0.06681723143514295
1771866717.5067942,11.166101328023583,2.06089264387426,59.272727272727266,500.0,-0.06089264387426008
1771866717.5110264,11.17466107492544,2.0543392564458296,13.109610251331771,500.0,-0.0543392564458296
1771866717.5150971,11.183333614101167,2.0814094021746787,2.0269052740581133,500.0,-0.08140940217467874
1771866717.5193892,11.191862422922908,2.0469141172175886,18.746844321514516,500.0,-0.04691411721758865
1771866717.5234222,11.200417260455904,2.053161007919142,9.52983519442669,500.0,-0.05316100791914202
1771866717.5318482,11.21757103738182,2.0395414038280535,20.76009462127482,500.0,-0.03954140382805349
1771866717.5359676,11.226149919516272,2.0589317122686484,6.2250128993421585,500.0,-0.05893171226864835
1771866717.5401156,11.234708695956709,2.054106345704685,13.109803103724952,500.0,-0.054106345704684866
1771866717.5442762,11.243343229941118,2.072288156258127,-25.575757575757574,500.0,-0.07228815625812679
1771866717.548391,11.251827914458465,2.0363242841630975,26.52354594584313,500.0,-0.03632428416309752
1771866717.5526044,11.260392576427007,2.0555188724501043,-25.575757575757574,500.0,-0.05551887245010434
1771866717.5609403,11.277483909271968,2.051023476191947,11.641340934026648,500.0,-0.051023476191947026
1771866717.5650914,11.286180269023667,2.0871263404080054,-1.6897782529463086,500.0,-0.08712634040800538
1771866717.5692441,11.29472728847893,2.0512846692629023,24.7645370637123,500.0,-0.051284669262902316
1771866717.573397,11.303317642084401,2.0616848653133526,7.436952178491916,500.0,-0.0616848653133526
1771866717.577554,11.311894223230235,2.058379475000072,12.91994101167436,500.0,-0.05837947500007212
1771866717.581758,11.320484423944276,2.06164817136968,10.374327229187077,500.0,-0.06164817136968015
1771866717.5902436,11.337666944432303,2.070159256141432,8.106330460609026,500.0,-0.07015925614143192
1771866717.5943673,11.346261181142108,2.062616810353011,13.121893000421025,500.0,-0.06261681035301114
1771866717.5984495,11.354784194730312,2.0455232611691248,59.272727272727266,500.0,-0.04552326116912475
1771866717.6027148,11.363467482953242,2.083989173502965,3.190937534401176,500.0,-0.0839891735029652
1771866717.6067822,11.371981235786668,2.043300680022551,23.90009654216839,500.0,-0.04330068002255105
1771866717.6109376,11.380526428042216,2.05084614133137,-25.575757575757574,500.0,-0.05084614133137011
1771866717.6192548,11.397697500889764,2.0392286972254277,26.74682212291731,500.0,-0.039228697225427656
1771866717.62362,11.406286966285334,2.0614716949365515,-25.575757575757574,500.0,-0.06147169493655147
1771866717.6276178,11.414849525203872,2.055014140449061,59.272727272727266,500.0,-0.055014140449061166
1771866717.631799,11.423458685687965,2.066198516182629,8.28192493955841,500.0,-0.06619851618262906
1771866717.6359982,11.431933101943525,2.033859901334358,19.90773762388038,500.0,-0.0338599013343579
1771866717.6401122,11.440486099337047,2.052719374445258,5.97875556217539,500.0,-0.052719374445258094
1771866717.648461,11.457713179264957,2.0863443741414227,-25.575757575757574,500.0,-0.08634437414142271
1771866717.6525888,11.466232078592949,2.044535838718124,26.054088724904346,500.0,-0.044535838718124054
1771866717.656892,11.474832603958038,2.0641260876215943,7.502803086136985,500.0,-0.06412608762159433
1771866717.6609442,11.483409892972718,2.0585493635229173,13.195337023292508,500.0,-0.058549363522917286
1771866717.665104,11.491954063470448,2.050600919455407,14.1945632251975,500.0,-0.05060091945540712
1771866717.6692488,11.50062405932827,2.0807990058773944,-25.575757575757574,500.0,-0.08079900587739441
1771866717.677679,11.517696893430793,2.051916060704931,-25.575757575757574,500.0,-0.051916060704931155
1771866717.681799,11.526321560708203,2.069920146578098,6.2929792551569745,500.0,-0.06992014657809786
1771866717.685919,11.534792606698016,2.0330510375550466,24.80950862583254,500.0,-0.03305103755504657
1771866717.6901336,11.543341609834183,2.051760752680043,-25.575757575757574,500.0,-0.05176075268004299
1771866717.694297,11.55187177490427,2.0472396168209546,56.72411470616562,500.0,-0.047239616820954566
1771866717.6985335,11.560550811453764,2.082968771878527,3.3090194239815647,500.0,-0.08296877187852703
1771866717.7069528,11.57765358674907,2.061870626562825,8.177507138880598,500.0,-0.06187062656282505
1771866717.7109187,11.586222446080201,2.0565262394713986,13.359226747314136,500.0,-0.056526239471398565
1771866717.7151062,11.594767835976157,2.0508935750292694,13.41041441436869,500.0,-0.05089357502926939
1771866717.7193444,11.603413107886444,2.0748652584688756,5.616861071225851,500.0,-0.0748652584688756
1771866717.7234714,11.611918729172878,2.0413491087442015,59.272727272727266,500.0,-0.0413491087442015
1771866717.7277198,11.620449603013867,2.047409721837506,10.444142266337902,500.0,-0.0474097218375058
1771866717.7359102,11.637602259863442,2.0388240418342813,26.493521741242795,500.0,-0.03882404183428134
1771866717.740136,11.646164839741008,2.0550191706159144,7.1826344687310115,500.0,-0.05501917061591444
1771866717.7442966,11.654708662386671,2.0505174349593065,12.860187800166814,500.0,-0.050517434959306495
1771866717.7485468,11.663315698952685,2.065688775843279,-25.575757575757574,500.0,-0.06568877584327915
1771866717.752602,11.671768134682196,2.0285845750825,23.66902865585724,500.0,-0.028584575082499786
1771866717.756765,11.680291970310702,2.0457205508412915,-25.575757575757574,500.0,-0.04572055084129145
1771866717.765138,11.697512002545997,2.0906503089597246,-25.575757575757574,500.0,-0.09065030895972459
1771866717.7692451,11.706036989023836,2.0459967546815374,59.272727272727266,500.0,-0.04599675468153741
1771866717.7734065,11.714638526373157,2.064368963836978,-25.575757575757574,500.0,-0.06436896383697821
1771866717.7776139,11.723179790434434,2.0499033747065183,59.272727272727266,500.0,-0.04990337470651829
1771866717.7817292,11.73172975164507,2.05199069055224,-5.318845202268036,500.0,-0.051990690552239816
1771866717.7859337,11.740327341073087,2.0634214627243597,-25.575757575757574,500.0,-0.06342146272435967
1771866717.794236,11.757293308828732,2.0415715749934935,7.372807487625123,500.0,-0.04157157499349351
1771866717.7984412,11.765787927959536,2.038708591392964,12.69066535334496,500.0,-0.03870859139296412
1771866717.8025813,11.774336782701443,2.0517251380574955,-25.575757575757574,500.0,-0.05172513805749546
1771866717.8067188,11.782905892427602,2.056586334277832,9.436626518327726,500.0,-0.056586334277831885
1771866717.810909,11.791441526378117,2.0485521481238176,57.80121681432189,500.0,-0.048552148123817584
1771866717.8192558,11.808579785106387,2.061720861035526,7.88227754234195,500.0,-0.06172086103552621
1771866717.8233483,11.817048744093338,2.0325501568682056,27.197828934296865,500.0,-0.032550156868205615
1771866717.8275301,11.825575882117802,2.046513125871247,5.13084539478886,500.0,-0.046513125871246785
1771866717.8317158,11.834092359890047,2.043954665338849,12.747909308267435,500.0,-0.043954665338849175
1771866717.8358743,11.842665555817694,2.0575670226356304,-25.575757575757574,500.0,-0.057567022635630405
1771866717.8400064,11.851181744537216,2.04388529268514,19.871328894250695,500.0,-0.043885292685140076
1771866717.8483658,11.86827039663467,2.0478544647398484,14.316449029345046,500.0,-0.047854464739848446
1771866717.8525403,11.876859285494465,2.06133332635062,5.225329499515648,500.0,-0.061333326350620165
1771866717.856681,11.885313625716185,2.0290416532125897,29.1008240331979,500.0,-0.02904165321258967
1771866717.8608725,11.893818384544712,2.0411421188466363,6.117625503648936,500.0,-0.04114211884663632
1771866717.8650365,11.902375374901382,2.0536776856008685,-25.575757575757574,500.0,-0.0536776856008685
1771866717.8691938,11.910908998534946,2.048069672055226,14.364377535252006,500.0,-0.048069672055226054
1771866717.877514,11.92801772992685,2.0489282914848634,59.272727272727266,500.0,-0.04892829148486344
1771866717.8817158,11.93657404609271,2.0535158798064455,9.532754061145422,500.0,-0.053515879806445454
1771866717.885863,11.9450884524483,2.043457525341418,59.272727272727266,500.0,-0.043457525341418
1771866717.890003,11.953620501704242,2.047691821426134,-25.575757575757574,500.0,-0.04769182142613415
1771866717.8941834,11.962144830567718,2.0458389272343633,30.816181202837065,500.0,-0.045838927234363336
1771866717.898363,11.970715314495385,2.0569161426398703,6.167486541528438,500.0,-0.056916142639870326
1771866717.906663,11.987627963133416,2.033473894108954,6.272359399351611,500.0,-0.03347389410895385
1771866717.9108157,11.99608967366653,2.0308105279471635,13.84874675993732,500.0,-0.030810527947163546
1771866717.915019,12.004597465850784,2.0418701242209742,-25.575757575757574,500.0,-0.04187012422097425
1771866717.9191744,12.013138433776692,2.049832302217886,6.973369440086325,500.0,-0.04983230221788615
1771866717.9233778,12.021610407722667,2.0332737470338107,19.18916016274177,500.0,-0.0332737470338107
1771866717.9275253,12.030147610583533,2.0489286866078986,3.92629368755589,500.0,-0.04892868660789862
1771866717.9358745,12.047093919097948,2.0366003645790385,8.82706760768916,500.0,-0.03660036457903848
1771866717.940009,12.055569849263101,2.034223239636681,13.144461556030974,500.0,-0.03422323963668106
1771866717.9441972,12.064082898324292,2.0431317746860804,-25.575757575757574,500.0,-0.043131774686080426
1771866717.9483247,12.072571396564435,2.0372395776341325,59.272727272727266,500.0,-0.03723957763413255
1771866717.952484,12.081064631049957,2.0383762765253555,10.935310731634457,500.0,-0.03837627652535547
1771866717.9608176,12.0980446614313,2.040879654010215,6.990668699329627,500.0,-0.040879654010215205
1771866717.9650307,12.106487876104374,2.026371521537568,18.9867928580596,500.0,-0.026371521537567943
1771866717.969158,12.114938891567839,2.0282437112312945,10.665191952511428,500.0,-0.028243711231294544
1771866717.9733725,12.123423236333954,2.0362427438676822,-25.575757575757574,500.0,-0.036242743867682226
1771866717.9775085,12.131875321060075,2.0285003342690606,16.227765972835535,500.0,-0.028500334269060623
1771866717.9816737,12.140334047296314,2.0300942966971753,10.919064336166599,500.0,-0.030094296697175338
1771866717.9900265,12.157265754541367,2.0355398464499372,7.862717191659245,500.0,-0.03553984644993724
1771866717.994179,12.165669771823982,2.0169641478275375,59.272727272727266,500.0,-0.016964147827537523
1771866717.998331,12.17408574745426,2.0198341512667177,10.272127446575624,500.0,-0.019834151266717726
1771866718.0025294,12.182528400758136,2.0262367929302503,8.842502224320931,500.0,-0.026236792930250274
1771866718.0067286,12.190940337551655,2.0188648304449193,14.962258569892834,500.0,-0.018864830444919267
1771866718.0150383,12.207760407702,2.0172675140600456,13.127748794381182,500.0,-0.017267514060045563
1771866718.019225,12.216184898709034,2.021877841688301,10.078032561445148,500.0,-0.021877841688301203
1771866718.023332,12.22460256978499,2.020241058229318,13.033691589325326,500.0,-0.02024105822931821
1771866718.0275078,12.23301892566795,2.0199254119106764,12.216261701751987,500.0,-0.019925411910676427
1771866718.0316415,12.241433019133456,2.0193824317212696,12.465583268081332,500.0,-0.019382431721269633
1771866718.0399864,12.25825563966063,2.01849980434944,12.377178972999848,500.0,-0.018499804349440208
1771866718.0441294,12.266664419774536,2.018107227337099,16.125682335197364,500.0,-0.01810722733709902
1771866718.0482793,12.275071703791635,2.0177481641040873,12.474921400468377,500.0,-0.017748164104087305
1771866718.0524404,12.283477631406543,2.017422627577784,12.478588190218996,500.0,-0.01742262757778379
1771866718.0566056,12.291882339422896,2.017129923924672,12.44386662220732,500.0,-0.017129923924672052
1771866718.060776,12.300285962546711,2.0168695497156666,14.884125608106608,500.0,-0.016869549715666565
1771866718.069113,12.317090482600427,2.016443781680002,12.30622845424068,500.0,-0.016443781680001823
1771866718.073279,12.325491638261065,2.016277358553057,13.565754022659405,500.0,-0.01627735855305712
1771866718.0774398,12.333892226479085,2.016141172324948,12.246070932591946,500.0,-0.016141172324947828
1771866718.081607,12.342292371531666,2.0160348126195236,12.216062350493901,500.0,-0.016034812619523553
1771866718.0857754,12.350692195230447,2.0159576877072296,12.848536816632867,500.0,-0.015957687707229606
1771866718.0941215,12.36749135707248,2.015889426634319,12.102874776625569,500.0,-0.015889426634319026
1771866718.0982778,12.375890928978324,2.0158972574024467,11.998172183451612,500.0,-0.01589725740244674
1771866718.1024466,12.384290647713762,2.015932496505033,12.029675148512814,500.0,-0.015932496505032923
1771866718.1066003,12.392690625288239,2.015994617874377,11.980676996261883,500.0,-0.01599461787437706
1771866718.110774,12.40109097185199,2.0160831753006097,11.945439643638837,500.0,-0.016083175300609653
1771866718.1191041,12.417893203473788,2.016337829731442,11.85983652915563,500.0,-0.016337829731441822
1771866718.1232753,12.426295299405554,2.016503023623914,11.848744042333271,500.0,-0.016503023623914093
1771866718.1274352,12.43469818639976,2.0166928786094367,11.796984983306947,500.0,-0.01669287860943669
1771866718.1316078,12.443101965342844,2.0169069463403035,11.757863349423866,500.0,-0.01690694634030354
1771866718.135771,12.451506735408245,2.0171448156961316,11.729632215037023,500.0,-0.017144815696131577
1771866718.1441112,12.468319637025466,2.017690302713936,11.647996320701637,500.0,-0.017690302713936124
1771866718.1482685,12.47672795810164,2.01799705828142,11.610813697589267,500.0,-0.017997058281419953
1771866718.152444,12.485137649789943,2.0183260051929257,11.605883273757417,500.0,-0.01832600519292571
1771866718.1566048,12.49354880257051,2.0186766673363,11.508417718930728,500.0,-0.018676667336300135
1771866718.1607714,12.501961505318523,2.0190486595231554,11.479552273053836,500.0,-0.019048659523155376
1771866718.1649432,12.510375845401553,2.0194416199271052,7.91261042190585,500.0,-0.019441619927105247
1771866718.1733432,12.527913758725814,2.1614731599986055,-25.575757575757574,500.0,-0.16147315999860545
1771866718.1774933,12.537141629331696,2.2146889454115235,-25.575757575757574,500.0,-0.2146889454115235
1771866718.1816645,12.546637087240471,2.278909898106043,-25.575757575757574,500.0,-0.27890989810604294
1771866718.1858048,12.556205873190802,2.2965086280791516,-7.791713761304441,500.0,-0.29650862807915157
1771866718.1899884,12.566007801423417,2.352462775827868,-25.575757575757574,500.0,-0.3524627758278678
1771866718.1941414,12.575904354111625,2.375172645169948,-12.531045443137872,500.0,-0.3751726451699482
1771866718.1983,12.585889771176198,2.3965000954975317,-14.106279732657315,500.0,-0.39650009549753173
1771866718.202473,12.595940655603853,2.412212262637105,-25.575757575757574,500.0,-0.4122122626371052
1771866718.2066483,12.606044002345595,2.4248032180182313,-25.575757575757574,500.0,-0.4248032180182313
1771866718.2107978,12.616187164634914,2.434358949436751,-4.129406116507481,500.0,-0.434358949436751
1771866718.214972,12.626361072547077,2.4417378989191176,-2.0396778109127385,500.0,-0.44173789891911763
1771866718.2191372,12.63661025428813,2.4598036178527107,-11.76849605908028,500.0,-0.45980361785271073
1771866718.2233024,12.646909827889061,2.4718976642237758,-6.683264477315646,500.0,-0.47189766422377577
1771866718.2274754,12.657251203028245,2.4819300334041383,-4.406697904594646,500.0,-0.4819300334041383
1771866718.231631,12.667625934220185,2.4899354860652845,-3.760522711723617,500.0,-0.4899354860652845
1771866718.2358031,12.678028959924474,2.4967261690293987,-2.6142864042271063,500.0,-0.4967261690293987
1771866718.2399645,12.688455129652143,2.502280734640587,-1.8756021891199965,500.0,-0.5022807346405869
1771866718.2441392,12.698901011755872,2.5070117048950458,-25.575757575757574,500.0,-0.5070117048950458
1771866718.2483034,12.709364172146563,2.511158493765686,-0.514916023012437,500.0,-0.5111584937656861
1771866718.252465,12.719843657043503,2.515076375265676,-0.5872818001750583,500.0,-0.515076375265676
1771866718.2566402,12.73033816406518,2.5186816852025418,-25.575757575757574,500.0,-0.5186816852025418
1771866718.256689,12.73033816406518,2.5186816852025418,-0.7325575499978143,500.0,-0.5186816852025418
1771866718.2607992,12.740847178184605,2.5221633886619985,-0.28707123544973445,500.0,-0.5221633886619985
1771866718.264967,12.751370597785375,2.525620704184425,-0.25665154853349775,500.0,-0.525620704184425
1771866718.2691383,12.761909288699504,2.529285819391117,-25.575757575757574,500.0,-0.529285819391117
1771866718.273298,12.772463400080273,2.5329867313842698,-0.7590061362287734,500.0,-0.5329867313842698
1771866718.2774734,12.783033546552641,2.536835153368136,-0.6312230502633257,500.0,-0.5368351533681359
1771866718.2816312,12.793649419107165,2.5478094130856777,-7.262636341105752,500.0,-0.5478094130856777
1771866718.2857985,12.804301379911399,2.5564705930159777,-5.313649413872243,500.0,-0.5564705930159777
1771866718.2899709,12.814989037212483,2.5650377522599443,-25.575757575757574,500.0,-0.5650377522599443
1771866718.294136,12.825709780868461,2.5729784774346958,-25.575757575757574,500.0,-0.5729784774346958
1771866718.2983086,12.836462178051967,2.580575324041242,-4.608009761255386,500.0,-0.5805753240412419
1771866718.3024695,12.84724604846368,2.5881288988111337,-25.575757575757574,500.0,-0.5881288988111337
1771866718.3066347,12.858060207203804,2.5953980976298943,-4.739721218152715,500.0,-0.5953980976298943
1771866718.3108165,12.868904042485864,2.602520467694277,-25.575757575757574,500.0,-0.6025204676942768
1771866718.314964,12.87977815014827,2.6097858389773587,-5.357480878559586,500.0,-0.6097858389773587
1771866718.3191338,12.890681769692844,2.616868690697467,-5.293752548214886,500.0,-0.616868690697467
1771866718.3191714,12.890681769692844,2.616868690697467,-9.528731842432443,500.0,-0.616868690697467
1771866718.3232977,12.90161525073358,2.6240354497766334,-5.618980619568128,500.0,-0.6240354497766334
1771866718.3274665,12.912578219876178,2.631112594223683,-5.276712769880264,500.0,-0.631112594223683
1771866718.331643,12.923571453574253,2.638376087538014,-5.624170950648838,500.0,-0.6383760875380138
1771866718.3357975,12.934594663795485,2.645570453095922,-5.9017887481066005,500.0,-0.6455704530959219
1771866718.3399775,12.94564816925128,2.6528413093907615,-25.575757575757574,500.0,-0.6528413093907615
1771866718.3441744,12.956732192853314,2.660165664488321,-4.135420870708643,500.0,-0.6601656644883209
1771866718.3483107,12.967846994419363,2.667552375851763,-5.511355644572213,500.0,-0.6675523758517632
1771866718.3524685,12.978992591523891,2.6749433050867446,-6.07328561014095,500.0,-0.6749433050867446
1771866718.3566313,12.990169587104253,2.682478939286734,-6.570266324460422,500.0,-0.6824789392867339
1771866718.3566685,12.990169587104253,2.682478939286734,-14.378763612197146,500.0,-0.6824789392867339
1771866718.360801,13.001377654273279,2.689936120565978,-6.461288152332884,500.0,-0.689936120565978
1771866718.364961,13.012617059052184,2.6974571469371873,-6.93346229434178,500.0,-0.6974571469371873
1771866718.3691285,13.023887452790309,2.704894497149862,-6.951979543229786,500.0,-0.7048944971498621
1771866718.3732967,13.035189172414926,2.712412709908192,-7.271721493374914,500.0,-0.7124127099081918
1771866718.3774602,13.046521541129088,2.719768491399243,-7.292727884217873,500.0,-0.7197684913992428
1771866718.3816366,13.057884556615976,2.727123716853042,-6.841720390702658,500.0,-0.727123716853042
1771866718.3858006,13.069277453303338,2.7342952049668297,-25.575757575757574,500.0,-0.7342952049668297
1771866718.3899632,13.080715821157755,2.7452082850601633,-10.804545658113414,500.0,-0.7452082850601633
1771866718.389995,13.080715821157755,2.7452082850601633,-22.48905622563696,500.0,-0.7452082850601633
1771866718.3941307,13.092195825856193,2.7552011276248947,-10.234970036778025,500.0,-0.7552011276248947
1771866718.3982942,13.103717257652148,2.7651436310293653,-10.607540711919388,500.0,-0.7651436310293653
1771866718.402473,13.115278487186568,2.7746950882608554,-9.302856762038825,500.0,-0.7746950882608554
1771866718.4066327,13.12687812448251,2.7839129510257217,-10.005345059496943,500.0,-0.7839129510257217
1771866718.410805,13.138514125245644,2.792640183152316,-25.575757575757574,500.0,-0.792640183152316
1771866718.4149845,13.150184566598707,2.8009059247350248,-8.59567441432113,500.0,-0.8009059247350248
1771866718.4150226,13.150184566598707,2.8009059247350248,-14.176546272722737,500.0,-0.8009059247350248
1771866718.4191334,13.161887036567467,2.8085927925026732,-9.079730130468084,500.0,-0.8085927925026732
1771866718.4233124,13.173619264712437,2.815734754792709,-25.575757575757574,500.0,-0.8157347547927092
1771866718.42747,13.18537864975962,2.8222524113240666,-8.28701076408543,500.0,-0.8222524113240666
1771866718.431638,13.19716277021703,2.8281889097785435,-8.011658911426169,500.0,-0.8281889097785435
1771866718.4358072,13.208969035403102,2.833503644657222,-7.626790709295891,500.0,-0.8335036446572222
1771866718.439967,13.220795085282097,2.838251970958487,-7.329698805752271,500.0,-0.838251970958487
1771866718.4400032,13.220795085282097,2.838251970958487,-10.744688818356686,500.0,-0.838251970958487
1771866718.444157,13.232685166390374,2.853619465986219,-13.979562106322868,500.0,-0.8536194659862191
1771866718.4483294,13.2443390159011,2.7969238825742657,32.968479558471614,500.0,-0.7969238825742657
1771866718.452506,13.255724214429785,2.7324476468847227,59.272727272727266,500.0,-0.7324476468847227
1771866718.4566762,13.266890415732078,2.679888312550216,31.998936527493136,500.0,-0.679888312550216
1771866718.4608307,13.27786452288432,2.6337857165380005,28.843898072768592,500.0,-0.6337857165380005
1771866718.4650035,13.288674606832693,2.5944201476097053,25.23955787265703,500.0,-0.5944201476097053
1771866718.4691644,13.299344156856113,2.5606920056210076,23.2530187298074,500.0,-0.5606920056210076
1771866718.4733353,13.30989524713829,2.532261667722278,59.272727272727266,500.0,-0.532261667722278
1771866718.4775069,13.320346804557714,2.508373780661922,59.272727272727266,500.0,-0.508373780661922
1771866718.4775586,13.320346804557714,2.508373780661922,23.59746320196019,500.0,-0.508373780661922
1771866718.4816675,13.330716648202452,2.4887624747372246,15.331095001157752,500.0,-0.48876247473722456
1771866718.485842,13.34102007936396,2.472823478761772,12.576961194067172,500.0,-0.472823478761772
1771866718.4899964,13.351271226010399,2.4602751951452335,11.341598086814875,500.0,-0.4602751951452335
1771866718.494162,13.361481991051148,2.450583609779814,9.752320031338876,500.0,-0.45058360977981415
1771866718.4983377,13.371663041956534,2.4434522172925526,59.272727272727266,500.0,-0.4434522172925526
1771866718.5025005,13.3818251927583,2.4389161924235783,49.042936557642335,500.0,-0.43891619242357827
1771866718.5066762,13.39197490426774,2.43593076226572,5.721265874519093,500.0,-0.4359307622657198
1771866718.5108318,13.40211906272646,2.4345980300930687,4.778242511787192,500.0,-0.43459803009306874
1771866718.5150034,13.412262784312418,2.4344931806301666,5.018698729127144,500.0,-0.4344931806301666
1771866718.5191772,13.422410351846993,2.4354162082979967,3.3959120853107287,500.0,-0.43541620829799665
1771866718.5233338,13.432564593403052,2.4370179734542132,-12.71464105142548,500.0,-0.4370179734542132
1771866718.5275028,13.44272796781843,2.439209859690661,2.504123681372625,500.0,-0.43920985969066084
1771866718.5316744,13.452901805842357,2.441721125742571,-22.230945499793137,500.0,-0.44172112574257083
1771866718.5358381,13.46308690087466,2.4444228077527925,-25.42496333944762,500.0,-0.4444228077527925
1771866718.5400043,13.473283146669042,2.447098990651219,-22.97949449332778,500.0,-0.44709899065121883
1771866718.5441644,13.483490370231706,2.449733655039432,1.9834465923742053,500.0,-0.4497336550394322
1771866718.5483363,13.493707790841817,2.4521809464267936,2.0600024182897805,500.0,-0.45218094642679363
1771866718.5525029,13.503934706099963,2.454459661954951,2.143993096356769,500.0,-0.4544596619549508
1771866718.5566711,13.514171336879919,2.4567913871892424,2.052479981858292,500.0,-0.4567913871892424
1771866718.560839,13.524417984690643,2.4591954745738165,1.9310802252288148,500.0,-0.4591954745738165
1771866718.5650017,13.534674239467133,2.4615011463576915,1.9265962464488215,500.0,-0.46150114635769146
1771866718.5691926,13.544939608787475,2.463688636882115,-18.449867996728983,500.0,-0.4636886368821149
1771866718.5733294,13.555212964629497,2.4656054020855267,2.127574217822695,500.0,-0.4656054020855267
1771866718.5774953,13.565493552532761,2.4673410967834397,2.1877017799098133,500.0,-0.4673410967834397
1771866718.5816698,13.57578016713054,2.4687875034670816,2.347905596981813,500.0,-0.46878750346708165
1771866718.5858302,13.586071719348746,2.469972532369415,2.4831628163955544,500.0,-0.46997253236941505
1771866718.590006,13.596366726431311,2.4708016998154765,2.716338055292334,500.0,-0.4708016998154765
1771866718.5941644,13.606664259542018,2.4714079465698973,-3.1151414771240367,500.0,-0.47140794656989726
1771866718.5983377,13.616962960186193,2.471688154601673,2.9844204806641423,500.0,-0.4716881546016731
1771866718.6025176,13.627261965572929,2.4717612928168142,3.108804514775989,500.0,-0.4717612928168142
1771866718.6066787,13.637560170591607,2.4715692044828175,5.058922129784585,500.0,-0.4715692044828175
1771866718.6108403,13.647859509242988,2.4718412763311193,0.19990007688756464,500.0,-0.4718412763311193
1771866718.6149921,13.65815930787111,2.471951670749274,3.0601229875427793,500.0,-0.47195167074927413
1771866718.6191611,13.668459891243074,2.4721400092717722,3.0056594175476565,500.0,-0.47214000927177224
1771866718.6233344,13.678760963358615,2.4722573077296777,3.0441644010651943,500.0,-0.47225730772967767
1771866718.627493,13.689062342417731,2.4723309741878308,3.059827850860521,500.0,-0.47233097418783077
1771866718.6316676,13.699363348248792,2.4722413994543464,3.1571311768346293,500.0,-0.4722413994543464
1771866718.635828,13.709663811982157,2.472111296007838,3.1806665363912074,500.0,-0.4721112960078382
1771866718.6399925,13.719963173840647,2.471846846037317,3.2649674812334566,500.0,-0.47184684603731686
1771866718.6441731,13.730261037755573,2.47148733958242,6.824002601428686,500.0,-0.4714873395824202
1771866718.644207,13.730261037755573,2.47148733958242,3.5975588559012617,500.0,-0.4714873395824202
1771866718.64833,13.740556619574695,2.4709396365891227,3.429888646165487,500.0,-0.47093963658912275
1771866718.652496,13.750849709797848,2.4703416535563827,3.465365116092062,500.0,-0.4703416535563827
1771866718.656661,13.761139621447223,2.469578795850115,3.6067358445278836,500.0,-0.46957879585011497
1771866718.6608305,13.77142614043689,2.4687645575202026,11.238008184947565,500.0,-0.46876455752020263
1771866718.6650016,13.781708757226788,2.4678280295752093,3.7043677330730382,500.0,-0.4678280295752093
1771866718.66916,13.791987312757065,2.466853327266657,3.7626274592458593,500.0,-0.46685332726665685
1771866718.673337,13.80226427831221,2.4664717332347905,3.375789984724775,500.0,-0.4664717332347905
1771866718.677496,13.812539851258174,2.4661375070313354,6.61766118647413,500.0,-0.4661375070313354
1771866718.6816673,13.822814384698585,2.465888025698594,5.739192101253779,500.0,-0.465888025698594
1771866718.68583,13.833087604480255,2.46557274760071,3.347745132238584,500.0,-0.4655727476007101
1771866718.6899936,13.843359870005147,2.4653437259739843,3.2953175138913804,500.0,-0.4653437259739843
1771866718.6941705,13.853631028717196,2.4650780908918035,3.3029227058558677,500.0,-0.4650780908918035
1771866718.698326,13.863900844791544,2.464755857843866,3.3585368480338365,500.0,-0.46475585784386597
1771866718.702498,13.874169158068238,2.4643951864064073,6.892106865932621,500.0,-0.4643951864064073
1771866718.7066762,13.884435718764012,2.463974566985531,3.384995474111056,500.0,-0.46397456698553086
1771866718.7108264,13.894699888959781,2.4634008469846496,3.52739665887764,500.0,-0.46340084698464956
1771866718.7149951,13.904961586461148,2.4628074003281273,3.523848993869167,500.0,-0.4628074003281273
1771866718.7191572,13.915220383765238,2.4621113529814433,3.6095087237713916,500.0,-0.46211135298144335
1771866718.7233272,13.925476069774904,2.461364642319931,3.6454572634115627,500.0,-0.46136464231993113
1771866718.7275064,13.935728057670993,2.4604770950613233,3.686819496452988,500.0,-0.4604770950613233
1771866718.7316706,13.94597634183685,2.4595881998057085,12.060192043597779,500.0,-0.45958819980570853
1771866718.7358305,13.956223377581606,2.4592885787413428,3.3892008036970145,500.0,-0.45928857874134277
1771866718.7400007,13.966469066787571,2.4589654094313196,6.695531937971008,500.0,-0.4589654094313196
1771866718.7441664,13.97671408109325,2.458803433362942,3.3021383034785505,500.0,-0.45880343336294205
1771866718.7483366,13.986958368216824,2.45862890965734,4.94238523329085,500.0,-0.45862890965734016
1771866718.7524967,13.997202202759567,2.4585202902584617,4.326188588802442,500.0,-0.45852029025846175
1771866718.7566729,14.00744531516241,2.4583469766823347,3.2957802837162773,500.0,-0.4583469766823347
1771866718.7608342,14.017687706233103,2.458173856965989,4.921257082635888,500.0,-0.4581738569659888
1771866718.7649965,14.027928938633298,2.4578957760470543,3.3735961022981855,500.0,-0.45789577604705434
1771866718.7691674,14.038168840475722,2.457576442181422,3.396971889441828,500.0,-0.4575764421814221
1771866718.7733288,14.048406887184111,2.4571312100133125,3.4827428002830114,500.0,-0.4571312100133125
1771866718.7775064,14.058642833283503,2.4566270638542744,3.4960841036837302,500.0,-0.45662706385427443
1771866718.7816715,14.068876144312922,2.45599464706058,9.27593042442883,500.0,-0.4559946470605798
1771866718.7858453,14.079106582271224,2.4553051099927434,3.63620530848433,500.0,-0.45530510999274343
1771866718.7900045,14.089333844950357,2.4545430429918107,3.696727017121731,500.0,-0.4545430429918107
1771866718.794163,14.099557293520435,2.453627656818946,3.8124622515953424,500.0,-0.4536276568189459
1771866718.7983499,14.109779205584598,2.453258895398925,3.449314219931471,500.0,-0.45325889539892517
1771866718.8025088,14.119999924332614,2.452972499523691,3.4086810240729672,500.0,-0.4529724995236908
1771866718.8066761,14.130220021358305,2.452823286165886,3.3284662465209407,500.0,-0.4528232861658861
1771866718.806716,14.130220021358305,2.452823286165886,3.423860365134122,500.0,-0.4528232861658861
1771866718.810852,14.140439360316464,2.4526413499580886,3.3309865654754334,500.0,-0.4526413499580886
1771866718.8150003,14.150658361361497,2.452560250808122,4.072706545173225,500.0,-0.4525602508081219
1771866718.8191721,14.160876896335562,2.452448393775629,3.293866099516252,500.0,-0.45244839377562895
1771866718.8233356,14.171094902628207,2.4523215102348646,3.3049917931089023,500.0,-0.45232151023486455
1771866718.8275006,14.181311818736557,2.4520598660037916,3.388366049991637,500.0,-0.45205986600379156
1771866718.8317006,14.19152755678268,2.45177713106923,3.36190339489998,500.0,-0.45177713106923
1771866718.8358376,14.20174163953869,2.4513798614426805,3.4610680400443337,500.0,-0.4513798614426805
1771866718.8400104,14.211953775889567,2.450912724210538,3.4892095905059524,500.0,-0.45091272421053796
1771866718.8441727,14.222163276149562,2.450280062398862,3.6086043789253175,500.0,-0.45028006239886187
1771866718.8483603,14.232369986421146,2.4496104651801103,3.5941870761918993,500.0,-0.4496104651801103
1771866718.852527,14.242573426849617,2.4488257028332914,3.6611342266923863,500.0,-0.4488257028332914
1771866718.8566856,14.25277639618015,2.448712639328164,3.7832751965049716,500.0,-0.4487126393281642
1771866718.8608458,14.262978316267803,2.4484608210364285,3.392586173111637,500.0,-0.4484608210364285
1771866718.86501,14.273179765539668,2.4483478252475854,3.31332054312868,500.0,-0.44834782524758543
1771866718.8691733,14.283380679064349,2.448219245923371,3.319565307344505,500.0,-0.4482192459233709
1771866718.8733456,14.293581104878587,2.448102195417138,4.408347871977598,500.0,-0.448102195417138
1771866718.8775063,14.30378058031946,2.4478741058095923,5.513312409259309,500.0,-0.4478741058095923
1771866718.881692,14.31397912927176,2.4476517485520426,3.3535608774483143,500.0,-0.4476517485520426
1771866718.885845,14.324176368917293,2.4473375149280168,3.424793876544717,500.0,-0.44733751492801677
1771866718.8900099,14.334372061288486,2.44696616908621,6.941381213851619,500.0,-0.4469661690862101
1771866718.8941689,14.344565559216317,2.4464395026793544,3.5613697371528263,500.0,-0.4464395026793544
1771866718.898341,14.354756756286443,2.445887296830365,8.972416400387344,500.0,-0.4458872968303651
1771866718.902517,14.364945059560165,2.445192785693267,10.454020058744636,500.0,-0.4451927856932669
1771866718.9066875,14.37513031781232,2.4444619805172687,6.129764132201032,500.0,-0.4444619805172687
1771866718.9108412,14.38531206767445,2.443619966910969,11.66453940841229,500.0,-0.44361996691096905
1771866718.9150136,14.395490184180257,2.4427479613937066,3.7544004055683553,500.0,-0.44274796139370665
1771866718.919167,14.405666453811515,2.4423047115019583,3.5550090921244326,500.0,-0.44230471150195827
1771866718.9233484,14.415841482640554,2.4420069189694114,6.377503180228435,500.0,-0.44200691896941136
1771866718.9275053,14.426015792025511,2.4418342523899312,3.395425520935471,500.0,-0.44183425238993124
1771866718.9316797,14.436189236292224,2.4416266240108477,4.432480336557094,500.0,-0.44162662401084773
1771866718.9358544,14.446362288482486,2.4415325256631837,4.223631881162121,500.0,-0.4415325256631837
1771866718.9400008,14.456534846546289,2.4414139353123714,3.3550387600957117,500.0,-0.4414139353123714
1771866718.9441712,14.466706716861308,2.4412488756045874,3.3776112083554453,500.0,-0.44124887560458737
1771866718.9483354,14.4768777309124,2.4410433722622384,3.4077861332729844,500.0,-0.44104337226223844
1771866718.9525008,14.487047624088653,2.440774362300778,3.438902498474837,500.0,-0.44077436230077804
1771866718.9566796,14.497215719696499,2.440342945882923,5.560248390864235,500.0,-0.4403429458829229
1771866718.960832,14.507381880640116,2.4398786264681362,3.5660611306805294,500.0,-0.43987862646813625
1771866718.9650033,14.517545611361259,2.4392953730741564,3.6361184708424714,500.0,-0.43929537307415645
1771866718.969172,14.527706640032923,2.438646881199496,3.6976133450040387,500.0,-0.4386468811994959
1771866718.9733388,14.537864317262434,2.437842535082489,11.987749152798319,500.0,-0.4378425350824888
1771866718.9775066,14.548021171631092,2.43764504847798,5.438115963896388,500.0,-0.43764504847798014
1771866718.981672,14.558177187636396,2.437443841272909,3.426975257414584,500.0,-0.43744384127290914
1771866718.985846,14.56833276656292,2.4373389423657135,3.3602810163415056,500.0,-0.43733894236571347
1771866718.9900093,14.578487628916275,2.437166964805329,4.57268283499175,500.0,-0.4371669648053289
1771866718.994169,14.588642072019244,2.437066344712823,3.357595090615564,500.0,-0.4370663447128229
1771866718.9983346,14.598795894768871,2.436917459910373,3.3856910542144134,500.0,-0.4369174599103731
1771866719.0025005,14.608948986416465,2.4367419954225533,3.4006767997860123,500.0,-0.4367419954225533
1771866719.0066853,14.619100765052313,2.436426872603596,3.459706570627538,500.0,-0.436426872603596
1771866719.0108478,14.629251128784196,2.436087295651921,5.736942765514712,500.0,-0.43608729565192084
1771866719.015003,14.639399608150505,2.435635047914263,3.561365466144743,500.0,-0.4356350479142632
1771866719.0191932,14.64954592853827,2.4351168930636993,3.56187369890086,500.0,-0.4351168930636993
1771866719.0233366,14.659689426088642,2.4344394120890214,3.7135717015090925,500.0,-0.43443941208902137
1771866719.0275092,14.669829998548131,2.43373739027753,3.712483823267343,500.0,-0.4337373902775301
1771866719.0316885,14.67996708364745,2.4329004238361476,6.99595510872426,500.0,-0.4329004238361476
1771866719.0358431,14.690102888287935,2.432593113716462,3.5049523745825932,500.0,-0.4325931137164618
1771866719.0358796,14.690102888287935,2.432593113716462,3.7859247276755843,500.0,-0.4325931137164618
1771866719.040019,14.700236850790702,2.43215100066402,3.5626953604197458,500.0,-0.4321510006640201
1771866719.044177,14.710369767719351,2.4319000628757124,3.47134206098161,500.0,-0.43190006287571236
1771866719.048394,14.720237302996145,2.3682084664302865,29.755588131379987,500.0,-0.3682084664302865
1771866719.056727,14.737688925078649,2.0150369756649686,59.272727272727266,500.0,-0.015036975664968644
1771866719.0609422,14.745766172567897,1.9385393974198135,35.87744297672406,500.0,0.061460602580186485
1771866719.065066,14.75449623107728,2.0952140422515617,-25.575757575757574,500.0,-0.09521404225156171
1771866719.0693142,14.761796995838122,1.75218354260215,59.272727272727266,500.0,0.24781645739785008
1771866719.0734973,14.770379174642907,2.059722913148223,-25.575757575757574,500.0,-0.05972291314822309
1771866719.0817585,14.786967149670078,2.075167413168354,-25.575757575757574,500.0,-0.07516741316835418
1771866719.0858653,14.795250149088135,1.9879198603337822,53.23782337637876,500.0,0.012080139666217793
1771866719.0900571,14.803451203936223,1.968253163541156,19.789004236445567,500.0,0.03174683645884402
1771866719.0942469,14.81158419642877,1.9519181982111529,17.798619021528218,500.0,0.048081801788847134
1771866719.1025765,14.827888119115515,1.956563663899534,10.020653267900524,500.0,0.04343633610046593
1771866719.1067085,14.836038286808192,1.9560402462421813,12.195640634873298,500.0,0.04395975375781869
1771866719.110848,14.844191780468181,1.956838478397462,11.491332561834003,500.0,0.043161521602538055
1771866719.1150024,14.852330763599863,1.9533559516035586,14.192481242074587,500.0,0.04664404839644143
1771866719.1191895,14.8604770398833,1.9551063080250575,-6.163345837944039,500.0,0.04489369197494253
1771866719.1275084,14.876782694540399,1.9608265807481242,-25.575757575757574,500.0,0.039173419251875785
1771866719.1316586,14.88492112527473,1.9532233762394868,17.32432299626303,500.0,0.04677662376051317
1771866719.1358128,14.893064883364826,1.9545019416229714,10.979678491060183,500.0,0.04549805837702858
1771866719.140015,14.901204670689038,1.9535489578110057,21.8601637029025,500.0,0.04645104218899432
1771866719.1483264,14.917476553501887,1.9469496717413552,19.83716252287501,500.0,0.05305032825864475
1771866719.1524878,14.925630021809864,1.9568323939147427,4.951265398260788,500.0,0.04316760608525727
1771866719.1566885,14.93372875272276,1.9436954190946725,19.06494641692791,500.0,0.05630458090532753
1771866719.1608741,14.941981097099658,1.9805626504557048,-5.134682564015186,500.0,0.019437349544295213
1771866719.1650076,14.95009027396488,1.946202447653192,31.739706908036435,500.0,0.05379755234680794
1771866719.1733315,14.966431458370893,1.959048604269009,14.282866043575106,500.0,0.04095139573099105
1771866719.1775353,14.974526776899165,1.942876446785048,19.86490885565442,500.0,0.057123553214952105
1771866719.1816826,14.98282277584204,1.9910397462902356,-14.577124667144117,500.0,0.008960253709764388
1771866719.1858373,14.991013826109501,1.9658520641908277,59.272727272727266,500.0,0.0341479358091723
1771866719.1941752,15.007378920905593,1.963593507603912,16.490399175911964,500.0,0.036406492396088064
1771866719.1983728,15.015476925939506,1.9435212081389657,21.232877510705006,500.0,0.05647879186103433
1771866719.2025137,15.023831071714332,2.004994985958276,-22.614442780797937,500.0,-0.004994985958275855
1771866719.2066987,15.032050067234199,1.9725589247678899,27.104351949169388,500.0,0.027441075232110146
1771866719.2108588,15.040122863555652,1.9374711171489043,29.704096281797575,500.0,0.0625288828510957
1771866719.2193406,15.056388504322095,1.916275530426693,29.82253151134849,500.0,0.08372446957330704
1771866719.2234344,15.06480465880092,2.0198770749181474,-22.333277470166113,500.0,-0.019877074918147386
1771866719.2276962,15.072923505442168,1.9485231938994643,27.743033858662024,500.0,0.05147680610053573
1771866719.23177,15.081245903184474,1.9973754581535004,-4.193494676719732,500.0,0.0026245418464996284
1771866719.2401574,15.097819506817173,2.015183517866167,-2.552313867984681,500.0,-0.015183517866166785
1771866719.2442493,15.106077373264885,1.9818879474510893,23.249762074472713,500.0,0.018112052548910684
1771866719.2485483,15.114269003048463,1.9659911480588919,15.009498266423178,500.0,0.03400885194110814
1771866719.2526033,15.122459529646873,1.9657263836186236,14.47187691248663,500.0,0.03427361638137638
1771866719.2567797,15.13064824485279,1.965291649419714,11.868751834282687,500.0,0.034708350580286096
1771866719.2650883,15.14729035346526,1.9692926257307395,31.108900597319153,500.0,0.030707374269260512
1771866719.2692564,15.155514431135527,1.9737786408638964,-25.575757575757574,500.0,0.026221359136103572
1771866719.2734272,15.163640369481408,1.9502252030114375,19.767197421663766,500.0,0.049774796988562464
1771866719.2776175,15.17211998867846,2.0351086072923787,-14.596614608582541,500.0,-0.035108607292378746
1771866719.2817335,15.180441382374685,1.9971344870937346,25.682933065367376,500.0,0.002865512906265355
1771866719.2900877,15.196837145295833,1.9761758192035064,5.340809044318151,500.0,0.02382418079649362
1771866719.2942107,15.205016476773793,1.9630395547102324,59.272727272727266,500.0,0.03696044528976761
1771866719.2983992,15.213525368263026,2.0421339574160844,-20.116824994392697,500.0,-0.04213395741608439
1771866719.3025625,15.22183389053847,1.9940453461062992,30.063601410809476,500.0,0.0059546538937007565
1771866719.3067987,15.230064691247085,1.9753921700677735,16.705718217722413,500.0,0.024607829932226544
1771866719.3150616,15.246412259627379,1.9572928960815272,59.272727272727266,500.0,0.042707103918472766
1771866719.3192246,15.254876214676337,2.031349211749881,-19.718959030149577,500.0,-0.03134921174988081
1771866719.3233814,15.263203466114351,1.9985403451236659,25.33870621993274,500.0,0.0014596548763341488
1771866719.3275707,15.271427071155369,1.9736652098442409,20.753270061687346,500.0,0.026334790155759125
1771866719.3359163,15.287850222749281,1.9725623390283347,10.308329251263695,500.0,0.027437660971665334
1771866719.3401062,15.29643796879485,2.061059050936688,-18.043069047065398,500.0,-0.06105905093668795
1771866719.3442724,15.303865082082652,1.7825071890724349,59.272727272727266,500.0,0.21749281092756512
1771866719.3484507,15.312200609096646,2.0005264833586582,-25.575757575757574,500.0,-0.0005264833586582363
1771866719.352643,15.32041225704335,1.970795507208664,19.52334236015942,500.0,0.029204492791335968
1771866719.3609068,15.337037546344094,1.9294785013334548,59.272727272727266,500.0,0.07052149866654522
1771866719.3650682,15.345388829575763,2.004307975600361,-17.4239229049681,500.0,-0.0043079756003607805
1771866719.3692017,15.353552968774741,1.9593934077546555,32.71782274557871,500.0,0.040606592245344464
1771866719.3733592,15.361814152205502,1.9826840233826117,-25.575757575757574,500.0,0.017315976617388262
1771866719.377554,15.370254876427461,2.0257738132700416,-7.280913183394686,500.0,-0.02577381327004158
1771866719.3858364,15.38655557605636,1.980312544657113,-21.353322767438968,500.0,0.01968745534288696
1771866719.3900115,15.394866250594713,1.994561889205015,3.143064814524945,500.0,0.005438110794985018
1771866719.3942242,15.403144426609787,1.9867622436175358,14.790542354185664,500.0,0.01323775638246416
1771866719.3983698,15.41154740213147,2.016714125204092,-3.086157954000236,500.0,-0.01671412520409188
1771866719.406677,15.427877521271043,1.9673749177297832,2.507535739999044,500.0,0.032625082270216765
1771866719.4108584,15.436285465363497,2.017906582188776,-13.974131715260846,500.0,-0.017906582188775833
1771866719.415034,15.444401878605241,1.9479391780185604,43.89939721789641,500.0,0.052060821981439576
1771866719.4191806,15.452709740234038,1.9938867909113636,-13.161665083741719,500.0,0.00611320908863644
1771866719.423357,15.460978810731584,1.9845769194108733,59.272727272727266,500.0,0.01542308058912667
1771866719.4316843,15.477509572431963,1.9505797018304496,59.272727272727266,500.0,0.0494202981695504
1771866719.4358375,15.485766479133977,1.9816576084832074,-6.101599987809319,500.0,0.018342391516792622
1771866719.440019,15.494018140973768,1.980398841550113,23.930513871294544,500.0,0.01960115844988697
1771866719.4441972,15.502460699752241,2.02621410683337,-10.535097346328138,500.0,-0.02621410683337011
1771866719.448328,15.510602576401817,1.9540503958981574,57.29324341755335,500.0,0.04594960410184257
1771866719.456703,15.527178528423805,1.9898829862894125,10.523045790524225,500.0,0.010117013710587486
1771866719.4609077,15.535501768602302,1.997577642839094,8.347650246809803,500.0,0.002422357160906108
1771866719.4650612,15.543750099171433,1.9795993365913878,59.272727272727266,500.0,0.02040066340861224
1771866719.469186,15.552097770727459,2.003441173446288,-25.575757575757574,500.0,-0.003441173446288026
1771866719.4733615,15.560341734884839,1.9785513977711524,59.272727272727266,500.0,0.02144860222884759
1771866719.481687,15.576889789179678,1.9401895510605802,58.55845737747784,500.0,0.05981044893941978
1771866719.485892,15.58549691446706,2.0657100689716485,-25.575757575757574,500.0,-0.06571006897164855
1771866719.4900103,15.593934109423762,2.024926789608455,32.59502879936159,500.0,-0.024926789608454847
1771866719.4941654,15.60240034213924,2.03189585171502,6.3839184799930075,500.0,-0.03189585171501985
1771866719.4983706,15.610485994808109,1.940556640528293,59.272727272727266,500.0,0.05944335947170698
1771866719.5066812,15.627303743121796,1.9993628743203335,30.8152235650104,500.0,0.0006371256796664504
1771866719.5108423,15.635651870088806,2.0035504720822868,8.50012747673486,500.0,-0.0035504720822867597
1771866719.515069,15.643783491024818,1.9515890246431014,59.272727272727266,500.0,0.048410975356898645
1771866719.519259,15.652472946974306,2.08546942787704,-25.575757575757574,500.0,-0.08546942787703982
1771866719.5233405,15.660918990261534,2.0270503889344007,42.60990667859117,500.0,-0.027050388934400704
1771866719.531727,15.677475679094458,1.9357023189219962,59.272727272727266,500.0,0.06429768107800382
1771866719.535886,15.686103682797938,2.0707208888352144,-25.575757575757574,500.0,-0.07072088883521443
1771866719.5400336,15.69448810254946,2.012260740365334,37.390256877302534,500.0,-0.012260740365333866
1771866719.5441742,15.702917662130618,2.023094299477804,4.611714920321465,500.0,-0.023094299477803837
1771866719.548348,15.711334830500594,2.0201204087940283,41.43188556289842,500.0,-0.02012040879402832
1771866719.5566835,15.72773642192469,2.006027033135215,-25.575757575757574,500.0,-0.006027033135215021
1771866719.560911,15.73588687745686,1.9561093277210306,59.272727272727266,500.0,0.04389067227896937
1771866719.5650187,15.74407594682501,1.9653766483560047,6.53484353778733,500.0,0.034623351643995326
1771866719.569254,15.752700359761814,2.069859104833055,-25.575757575757574,500.0,-0.0698591048330548
1771866719.5733397,15.760952165872537,1.9804334665732193,59.272727272727266,500.0,0.01956653342678072
1771866719.5817165,15.777725708465757,2.00018446269738,22.360173386285766,500.0,-0.00018446269737992793
1771866719.585962,15.785869792090484,1.9545800699342986,25.32390580953137,500.0,0.04541993006570144
1771866719.590066,15.794350622090741,2.035399200061955,-21.464175835722916,500.0,-0.03539920006195496
1771866719.594232,15.802504349910567,1.9568946767580007,42.138423832571924,500.0,0.04310532324199934
1771866719.5983846,15.810747191986128,1.978282098134479,2.203201203364735,500.0,0.021717901865520917
1771866719.6067054,15.827277827268603,1.945011908209794,47.34667090685587,500.0,0.05498809179020592
1771866719.6108928,15.835610315584413,1.999797195794611,-11.520414063031327,500.0,0.00020280420538898447
1771866719.6150327,15.843859646659926,1.9798394581231387,59.272727272727266,500.0,0.020160541876861338
1771866719.6191688,15.852122478240517,1.9830795793420077,-20.995354207387486,500.0,0.016920420657992263
1771866719.623463,15.86050372864852,2.011500097921002,-25.575757575757574,500.0,-0.011500097921001817
1771866719.6317103,15.876844511904574,1.9750183141345712,-25.575757575757574,500.0,0.024981685865428815
1771866719.635857,15.885054053744158,1.9702900415002988,13.927202943468489,500.0,0.02970995849970115
1771866719.640112,15.893597554074598,2.050440079305581,-15.065363502615522,500.0,-0.05044007930558081
1771866719.6441941,15.9017677085508,1.9608370742887244,58.3203017483363,500.0,0.039162925711275554
1771866719.6484098,15.910189026986762,2.0211164246309665,-10.975565758683222,500.0,-0.021116424630966524
1771866719.6567402,15.9267189826861,1.9742926047762135,18.589324224906946,500.0,0.02570739522378651
1771866719.660899,15.935215386368707,2.0391368838254893,-15.416636868076738,500.0,-0.0391368838254893
1771866719.6650457,15.943389047009642,1.9616785538243893,59.272727272727266,500.0,0.03832144617561073
1771866719.6691759,15.951649821591468,1.9825858996381294,-0.46886178623561386,500.0,0.017414100361870632
1771866719.673442,15.96000197701573,2.004517301822857,-25.575757575757574,500.0,-0.004517301822856812
1771866719.6817164,15.976387375490274,1.993012521540712,-12.473896602737115,500.0,0.0069874784592880435
1771866719.6858988,15.984629795744915,1.9781808611137586,17.27258513890481,500.0,0.02181913888624143
1771866719.689991,15.992881442661547,1.9803952599916783,9.812516634954866,500.0,0.019604740008321686
1771866719.6942582,16.001280077674167,2.015672403029208,-1.3727406977813372,500.0,-0.015672403029208137
1771866719.7025084,16.01765325889088,1.978744310342818,-5.420754995052734,500.0,0.021255689657182053
1771866719.7067094,16.025875369706974,1.9733065958617817,13.906623034665477,500.0,0.026693404138218302
1771866719.7109323,16.034362367914607,2.0368795698316915,-10.520539880841476,500.0,-0.036879569831691494
1771866719.7150407,16.04248804706207,1.9501629953909123,51.19168733358225,500.0,0.04983700460908769
1771866719.719225,16.050869420417627,2.0115296053336924,-13.628614123689673,500.0,-0.011529605333692405
1771866719.727583,16.06743143677011,1.987022505335643,19.516607271426242,500.0,0.012977494664357048
1771866719.73173,16.0757397807315,1.9940025507334032,8.335719433379236,500.0,0.005997449266596844
1771866719.7359624,16.08395371785414,1.9713449094337925,17.88922189242274,500.0,0.02865509056620752
1771866719.7400217,16.092197653248903,1.9785444947426785,7.629343889461029,500.0,0.02145550525732154
1771866719.7442834,16.100591058949764,2.0144173682065762,0.011453385999932007,500.0,-0.014417368206576242
1771866719.752549,16.116972877090358,1.9939446537313759,-25.575757575757574,500.0,0.00605534626862414
1771866719.7567217,16.12521699641729,1.9785886384637084,59.272727272727266,500.0,0.02141136153629164
1771866719.7609475,16.13360064268945,2.0120751053187127,-25.575757575757574,500.0,-0.012075105318712698
1771866719.76506,16.141677060705142,1.9383403237653887,41.16517183090706,500.0,0.06165967623461133
1771866719.7733617,16.158223189042975,1.978608961336033,18.407227769661684,500.0,0.021391038663967077
1771866719.777499,16.166475804599273,1.9806277335118583,10.026278539614042,500.0,0.01937226648814172
1771866719.7818093,16.17484775080991,2.0092670905526875,-25.575757575757574,500.0,-0.009267090552687485
1771866719.7858996,16.182958943251297,1.9466861859327862,35.925518518638704,500.0,0.053313814067213805
1771866719.790026,16.19118247961222,1.9736487266211291,-25.575757575757574,500.0,0.026351273378870887
1771866719.7984605,16.207916798998426,2.0481344167410143,-12.861981666022205,500.0,-0.04813441674101426
1771866719.8025305,16.216077198105484,1.9584957856943044,59.272727272727266,500.0,0.04150421430569562
1771866719.8067496,16.224495576853492,2.0204108995215537,-10.868716079708289,500.0,-0.020410899521553727
1771866719.8108788,16.232802686266297,1.9937062590732098,59.272727272727266,500.0,0.006293740926790248
1771866719.81509,16.240977622104943,1.9619846012753046,22.241949984252358,500.0,0.03801539872469539
1771866719.823391,16.257655455112488,1.961564405048251,59.272727272727266,500.0,0.038435594951748975
1771866719.827523,16.265913752574285,1.981991390831616,-25.575757575757574,500.0,0.018008609168383982
1771866719.831794,16.274233131016402,1.9966508261078066,6.824343878372038,500.0,0.003349173892193358
1771866719.8359094,16.282377495229564,1.9546474111593901,26.572430464530694,500.0,0.045352588840609886
1771866719.8400192,16.2906682097023,1.9897714734563798,-6.485715519025064,500.0,0.010228526543620164
1771866719.848472,16.30729723615478,2.015606707693208,-25.575757575757574,500.0,-0.015606707693208044
1771866719.8525496,16.31537110640958,1.9377288611512287,46.96578799473814,500.0,0.062271138848771335
1771866719.8566723,16.3236306066134,1.9822800489169057,-15.95962792372383,500.0,0.01771995108309432
1771866719.8608794,16.331882716215684,1.9805063045482658,12.008472246980006,500.0,0.019493695451734183
1771866719.8650093,16.340133181118766,1.9801115767393356,11.472086318383308,500.0,0.019888423260664423
1771866719.8734436,16.356563706317942,1.9385654932059535,33.52659545678414,500.0,0.061434506794046495
1771866719.8775132,16.364766438893334,1.968655818093545,-5.54483210385803,500.0,0.03134418190645505
1771866719.8817072,16.372944730996988,1.9627901048771703,14.299456686326007,500.0,0.037209895122829684
1771866719.8859296,16.38152190143647,2.0585209054758327,-21.750682195454818,500.0,-0.05852090547583266
1771866719.8942986,16.39815870275866,2.027788709646304,-25.575757575757574,500.0,-0.02778870964630409
1771866719.898348,16.406478716768333,1.996803362321257,28.274993625429367,500.0,0.0031966376787428974
1771866719.9026515,16.414584633887284,1.9454201085483032,25.372874563541696,500.0,0.05457989145169684
1771866719.9067228,16.42304190344635,2.0297446941758217,-24.709421019110234,500.0,-0.029744694175821706
1771866719.910889,16.43117395253015,1.9516917801118818,44.25363779696192,500.0,0.048308219888118176
1771866719.9192827,16.447829136388982,2.0263810894138636,-25.575757575757574,500.0,-0.026381089413863634
1771866719.9233885,16.455897496184736,1.936406350981051,59.272727272727266,500.0,0.06359364901894904
1771866719.927562,16.464071899431413,1.9618567792028296,1.475602340937449,500.0,0.03814322079717036
1771866719.931718,16.47217374299273,1.944442454715875,59.272727272727266,500.0,0.05555754528412504
1771866719.935958,16.480625598423973,2.0284453034985326,-14.200931424745201,500.0,-0.02844530349853258
1771866719.9441922,16.49679416700686,1.9524759342467115,-0.5974364940765726,500.0,0.04752406575328849
1771866719.9483473,16.504867739232882,1.937657334245257,20.04324074918653,500.0,0.06234266575474301
1771866719.9524903,16.512895075618413,1.9265607325278984,19.446620273524825,500.0,0.07343926747210161
1771866719.9567082,16.52122670413868,1.9995908448642243,-23.103639162087784,500.0,0.00040915513577566287
1771866719.9650347,16.53746014948502,1.9574521410414698,-25.575757575757574,500.0,0.042547858958530194
1771866719.969176,16.54555670913637,1.943174316323606,20.091228635896545,500.0,0.05682568367639407
1771866719.9734185,16.553896483595302,2.001545870143917,-25.575757575757574,500.0,-0.0015458701439170497
1771866719.9776804,16.56194687947696,1.9320950115976734,28.754517845865422,500.0,0.06790498840232662
1771866719.981718,16.57010856244248,1.958803911724852,0.5530393989943109,500.0,0.04119608827514809
1771866719.9900727,16.586568601822297,2.0087203025780496,-14.405054052263965,500.0,-0.008720302578049566
1771866719.9942446,16.594608189365204,1.9295010102975034,40.03693032057381,500.0,0.07049898970249657
1771866719.9983525,16.60273800398028,1.9511555076187823,0.2347505205923168,500.0,0.048844492381217686
1771866720.0025077,16.61083616477794,1.9435585914379208,16.11679674049502,500.0,0.05644140856207924
1771866720.0109556,16.62728039767338,1.946147517086328,59.272727272727266,500.0,0.05385248291367195
1771866720.0150611,16.635555419364504,1.9860052058696158,-4.32512223775967,500.0,0.01399479413038418
1771866720.0192237,16.643718359248947,1.959105572266593,22.34378219405152,500.0,0.0408944277334069
1771866720.023437,16.652148193226946,2.0231601547198843,-9.64347617737887,500.0,-0.023160154719884307
1771866720.0275612,16.660194626004134,1.9311438665250606,48.22347017429598,500.0,0.06885613347493935
1771866720.035871,16.676489272798527,1.9523085260965731,59.272727272727266,500.0,0.04769147390342687
1771866720.0401154,16.684817162768393,1.9986935927676894,-2.8241945978323297,500.0,0.001306407232310569
1771866720.0442808,16.69298270966029,1.9597312540552125,59.272727272727266,500.0,0.040268745944787465
1771866720.0483658,16.70122337747075,1.9777602745111567,-25.575757575757574,500.0,0.022239725488843343
1771866720.0567899,16.717736469228253,1.9989694452305051,-25.575757575757574,500.0,0.0010305547694948736
1771866720.0609598,16.725911253675537,1.9619482673485367,21.89074192785868,500.0,0.03805173265146333
1771866720.065031,16.734168633212796,1.9817710889417446,-25.575757575757574,500.0,0.018228911058255415
1771866720.06928,16.742315594851288,1.9552707932378872,59.272727272727266,500.0,0.04472920676211278
1771866720.0734513,16.750681103969715,2.007722188422409,-25.575757575757574,500.0,-0.007722188422409015
1771866720.0817397,16.766915757181298,1.9621341875377383,-25.575757575757574,500.0,0.03786581246226173
1771866720.0858798,16.775086451389758,1.960966610029984,12.019384287933322,500.0,0.03903338997001593
1771866720.0900645,16.783201139817923,1.9475252227597866,59.272727272727266,500.0,0.05247477724021343
1771866720.0942655,16.79156217693336,2.0066489077050433,-9.480346118747391,500.0,-0.006648907705043339
1771866720.1026309,16.807927377383262,1.978546309499834,1.5912706437661472,500.0,0.0214536905001661
1771866720.1067152,16.816064622412057,1.9529388069109819,23.033074194371302,500.0,0.04706119308901813
1771866720.1110349,16.82444090597094,2.010308054131374,-2.3447169998808466,500.0,-0.010308054131373812
1771866720.1150963,16.832486925832704,1.9310447668235822,59.272727272727266,500.0,0.06895523317641783
1771866720.1191928,16.84062530384776,1.9532107236128278,0.3427667718443642,500.0,0.04678927638717223
1771866720.1276078,16.857142929085544,2.016721689909766,-12.09238900813155,500.0,-0.01672168990976619
1771866720.1317427,16.865169315598934,1.9263327632136982,46.30242437876498,500.0,0.07366723678630183
1771866720.1359122,16.87338184996022,1.9710082467091803,-5.164239370895194,500.0,0.02899175329081971
1771866720.1400766,16.881523194240348,1.9539226272305328,59.272727272727266,500.0,0.04607737276946722
1771866720.148418,16.897971885774474,1.9382369122997285,37.61761858344477,500.0,0.0617630877002715
1771866720.1525304,16.906075033754888,1.9447555152990619,8.567147506881403,500.0,0.05524448470093812
1771866720.1566675,16.91414215609247,1.9361093610200393,17.523905870882345,500.0,0.06389063897996072
1771866720.160886,16.922507663978188,2.0077218925717952,-19.466803248802783,500.0,-0.00772189257179523
1771866720.1651626,16.93043890231528,1.9034972009024345,38.34685088445398,500.0,0.09650279909756554
1771866720.1733472,16.94653349741098,1.9209599861008642,23.892421996876447,500.0,0.07904001389913584
1771866720.1775649,16.954728246507862,1.9667397832518838,-25.575757575757574,500.0,0.03326021674811619
1771866720.1817482,16.962966603459932,1.9772056684968868,7.487678328190636,500.0,0.022794331503113163
1771866720.185938,16.971128311120097,1.9588098384392298,17.479152867874035,500.0,0.041190161560770155
1771866720.1942852,16.98760617824726,1.9999807401592113,-2.9076266263286596,500.0,1.9259840788654614e-05
1771866720.198439,16.995709526127307,1.9448034912115397,29.088513100087663,500.0,0.055196508788460275
1771866720.202557,17.003989688773945,1.987239035193262,-6.255998192839669,500.0,0.01276096480673794
1771866720.2067146,17.01215196301093,1.9589458168760652,23.949175744473635,500.0,0.04105418312393483
1771866720.2109554,17.020545311511494,2.0144036401355994,-25.575757575757574,500.0,-0.01440364013559936
1771866720.2192457,17.036849945520412,1.9781966500628618,-25.575757575757574,500.0,0.021803349937138172
1771866720.223461,17.045006850313385,1.9576571503137123,17.4705293103251,500.0,0.042342849686287654
1771866720.2275262,17.053124881270936,1.948327429812371,16.42825759612017,500.0,0.05167257018762905
1771866720.2317567,17.06145616054787,1.999507026464548,-6.251394133487577,500.0,0.0004929735354519682
1771866720.2400322,17.077612460367742,1.946177910994084,3.707621638728773,500.0,0.05382208900591601
1771866720.2441692,17.085662159472975,1.9319277852555812,59.272727272727266,500.0,0.06807221474441882
1771866720.2484207,17.094081272573955,2.020587144235035,-20.455283284350102,500.0,-0.020587144235034938
1771866720.2525144,17.1020638227133,1.9158120334433644,59.272727272727266,500.0,0.08418796655663563
1771866720.2566886,17.11016538293875,1.9443744541079424,-3.0637954361507718,500.0,0.05562554589205759
1771866720.2650971,17.1267351658026,2.037958503186803,-25.575757575757574,500.0,-0.03795850318680305
1771866720.2692192,17.13475934815513,1.9258037646067792,59.272727272727266,500.0,0.07419623539322084
1771866720.2733963,17.14299950695901,1.9776381129321523,-9.480681852438693,500.0,0.022361887067847697
1771866720.2776146,17.151183339436823,1.9641197946746434,15.537504308778717,500.0,0.03588020532535663
1771866720.285884,17.167678360096897,1.934716734451058,51.47139166838136,500.0,0.06528326554894193
1771866720.290035,17.17579497050156,1.947986497119475,-25.575757575757574,500.0,0.052013502880525087
1771866720.2941806,17.183878704826355,1.9400962379509683,59.272727272727266,500.0,0.059903762049031695
1771866720.298439,17.19232611221154,2.027377772444319,-25.575757575757574,500.0,-0.02737777244431916
1771866720.3025374,17.200326915334657,1.9201927495484339,59.272727272727266,500.0,0.07980725045156611
1771866720.3108885,17.216588046974504,1.9503072065348466,31.35575949321789,500.0,0.04969279346515343
1771866720.3151195,17.22508056014336,2.0382031605260753,-15.668909478053937,500.0,-0.03820316052607531
1771866720.319223,17.23313802099777,1.9337906050583653,55.424218910746184,500.0,0.06620939494163469
1771866720.323408,17.241409402106235,1.9851314660315103,-7.866679269568666,500.0,0.01486853396848975
1771866720.3318439,17.257942431171298,2.0120485013367855,-25.575757575757574,500.0,-0.012048501336785478
1771866720.3358905,17.265938769241853,1.9191211369332657,59.272727272727266,500.0,0.08087886306673431
1771866720.3400242,17.274050486401997,1.94681211843467,-2.5558542009786374,500.0,0.05318788156532994
1771866720.3441677,17.282116538591826,1.9358525255585706,59.272727272727266,500.0,0.06414747444142943
1771866720.3483932,17.290399391091558,1.9878845999357915,-25.575757575757574,500.0,0.012115400064208526
1771866720.3567026,17.306743061672524,1.9720939605269527,-25.575757575757574,500.0,0.02790603947304726
1771866720.3608897,17.314968314026867,1.9740605650426384,10.362972580475766,500.0,0.025939434957361618
1771866720.3650136,17.32314257385012,1.9618223575803275,18.30785123733568,500.0,0.038177642419672475
1771866720.3692985,17.331610104167755,2.032207276232331,-9.557883498198317,500.0,-0.032207276232330884
1771866720.377578,17.347930285272056,1.9782739851766322,-25.575757575757574,500.0,0.02172601482336778
1771866720.3817403,17.356100336746408,1.9608123538447517,18.015160683463815,500.0,0.03918764615524828
1771866720.3859673,17.364567795900555,2.032190196995675,-10.256447614791659,500.0,-0.032190196995674825
1771866720.3900332,17.3726177917756,1.9319990100109619,59.272727272727266,500.0,0.06800098998903814
1771866720.3941998,17.380789025856952,1.9610961795246462,-25.575757575757574,500.0,0.03890382047535379
1771866720.40263,17.397465835931538,2.051367784287969,-25.575757575757574,500.0,-0.051367784287969176
1771866720.406694,17.405551382545354,1.9405311873157236,59.272727272727266,500.0,0.059468812684276395
1771866720.4108536,17.41378369500642,1.9757549906556993,-7.342663382386622,500.0,0.02424500934430074
1771866720.415049,17.421986655253463,1.9687104592901388,14.38406794173886,500.0,0.03128954070986123
1771866720.4192448,17.430331279274537,2.0027097650579866,-1.578455428115706,500.0,-0.0027097650579865906
1771866720.4275324,17.446282040204185,1.9295710548721094,-3.8117929286218093,500.0,0.07042894512789055
1771866720.4316983,17.454254879315485,1.9134813867118596,20.039766777082193,500.0,0.08651861328814037
1771866720.4359117,17.46257716772441,1.99734921814201,-25.575757575757574,500.0,0.002650781857989948
1771866720.4400952,17.470556203570663,1.9149686031004594,39.156429611951495,500.0,0.08503139689954065
1771866720.4483593,17.486756227634654,1.9360284168764776,20.281908723158306,500.0,0.06397158312352236
1771866720.452568,17.495011435239398,1.9812498251382373,-6.014291977872452,500.0,0.01875017486176267
1771866720.4567761,17.50320298113708,1.9659710154434455,59.272727272727266,500.0,0.034028984556554454
1771866720.4608686,17.511449237758427,1.9791015891231936,5.075324010864535,500.0,0.02089841087680644
1771866720.4691606,17.527841923073964,1.9626050713397563,59.272727272727266,500.0,0.03739492866024374
1771866720.4734209,17.536273811815065,2.023653297864227,-25.575757575757574,500.0,-0.023653297864226985
1771866720.4775255,17.5443185818855,1.9307448169040273,59.272727272727266,500.0,0.06925518309597267
1771866720.4816835,17.552476367679017,1.957868590444251,-25.575757575757574,500.0,0.04213140955574901
1771866720.4858346,17.560594984514793,1.948468040586672,17.284877492380037,500.0,0.05153195941332811
1771866720.4942062,17.577039655861565,1.8927587891643005,59.272727272727266,500.0,0.10724121083569949
1771866720.4983518,17.585153583067108,1.9473425293298445,-17.701854452359914,500.0,0.05265747067015547
1771866720.5024946,17.59318987342906,1.9287096868685718,23.943574689506374,500.0,0.0712903131314282
1771866720.5067527,17.601629407604694,2.0254882021514797,-23.20472726196585,500.0,-0.025488202151479733
1771866720.5150135,17.617806016841413,1.9557165752705532,-4.438395153830182,500.0,0.044283424729446796
1771866720.5191636,17.62591445221415,1.946024489456464,17.709727745906143,500.0,0.053975510543536
1771866720.5234194,17.634437234636255,2.0454677813052666,-23.909486069212214,500.0,-0.04546778130526663
1771866720.5275013,17.64251957431306,1.9397615224329654,59.272727272727266,500.0,0.0602384775670346
1771866720.5316997,17.65083162752506,1.994892770880853,-15.574033816934085,500.0,0.005107229119146961
1771866720.5401194,17.667502167054806,2.0505516280704974,-19.778324283247617,500.0,-0.0505516280704974
1771866720.5442119,17.675454653860776,1.908596833433005,59.272727272727266,500.0,0.09140316656699499
1771866720.548363,17.683609923285537,1.9572646619426144,-12.084879923827842,500.0,0.04273533805738561
1771866720.552505,17.69169393817325,1.9401635730508857,21.754882168700885,500.0,0.059836426949114285
1771866720.5567484,17.70003256801058,2.001271160960028,-10.922976754265003,500.0,-0.001271160960027995
1771866720.5650141,17.71615804703173,1.9473403609530693,-2.1367682641707417,500.0,0.05265963904693072
1771866720.5691597,17.72426679532027,1.9460995892492516,12.43705579983466,500.0,0.05390041075074836
1771866720.5733142,17.732299954131946,1.927958114802691,25.431112114975384,500.0,0.07204188519730903
1771866720.5775285,17.740691312537404,2.0139260173102227,-25.575757575757574,500.0,-0.013926017310222694
1771866720.5858235,17.75685375677847,1.9509895355703237,-3.918270428627863,500.0,0.04901046442967627
1771866720.5899858,17.764937381141834,1.9400698472074276,59.272727272727266,500.0,0.05993015279257241
1771866720.5942354,17.773459565556887,2.045324259612951,-25.575757575757574,500.0,-0.04532425961295106
1771866720.5983276,17.78153209736781,1.9374076346208715,59.272727272727266,500.0,0.06259236537912849
1771866720.6067035,17.79794873149313,1.967230554385511,48.88778498335577,500.0,0.03276944561448891
1771866720.610923,17.80627750934745,1.998906685036834,-25.575757575757574,500.0,0.0010933149631660033
1771866720.615061,17.814203406629524,1.9022153476975576,59.272727272727266,500.0,0.09778465230244238
1771866720.6191993,17.822354197461564,1.9561897996897442,-15.654467924182509,500.0,0.04381020031025584
1771866720.6233704,17.830468692446544,1.9474787963950044,15.739229687741313,500.0,0.05252120360499557
1771866720.631736,17.84707867589617,1.9394025470890184,53.18184149061669,500.0,0.06059745291098162
1771866720.635866,17.85529982335902,1.9730753910834404,-4.836190779305091,500.0,0.026924608916559567
1771866720.64007,17.863488220515443,1.965215317542089,14.25430919131939,500.0,0.034784682457911
1771866720.6443083,17.871823819827377,2.0005438348640796,-25.575757575757574,500.0,-0.0005438348640796065
1771866720.6525197,17.887899408144595,1.9446369129267953,-25.575757575757574,500.0,0.0553630870732047
1771866720.6566825,17.895972157569705,1.9374598620263888,46.76200422424051,500.0,0.06254013797361124
1771866720.6609201,17.904454769507925,2.03582686517245,-24.58924012850162,500.0,-0.03582686517244982
1771866720.6650152,17.912523730097558,1.936550541511507,59.272727272727266,500.0,0.06344945848849304
1771866720.6691725,17.920737370733722,1.9712737526793014,-25.575757575757574,500.0,0.028726247320698617
1771866720.6774845,17.937091690330163,1.958908310898381,16.783973890638272,500.0,0.04109168910161909
1771866720.6817539,17.94551832964607,2.022393435817458,-12.186722392875993,500.0,-0.022393435817457785
1771866720.6858425,17.953601979641324,1.9400759988605447,59.272727272727266,500.0,0.059924001139455285
1771866720.6899917,17.961834618254738,1.9758332672193468,-11.471666338633437,500.0,0.024166732780653177
1771866720.69424,17.970023340250616,1.96529327901088,15.190259908559403,500.0,0.03470672098912009
1771866720.7026114,17.98624038202238,1.8921297627609281,59.272727272727266,500.0,0.10787023723907185
1771866720.7067323,17.994320992584523,1.9393465349138752,-7.17249023190212,500.0,0.06065346508612479
1771866720.7108693,18.002313420106905,1.9181826053713158,21.77487833820752,500.0,0.0818173946286842
1771866720.715094,18.01075121612833,2.0250710451417944,-25.575757575757574,500.0,-0.025071045141794368
1771866720.7233603,18.026877497864593,1.9519940880951812,-5.5830971539619325,500.0,0.04800591190481884
1771866720.7275534,18.034964176251812,1.9408028129326496,16.38570257273281,500.0,0.05919718706735044
1771866720.7317939,18.04352650844981,2.0549597275191616,-25.575757575757574,500.0,-0.05495972751916156
1771866720.7358623,18.051623236258155,1.9432146740031508,59.272727272727266,500.0,0.056785325996849156
1771866720.744214,18.068098346555814,1.9538758746446416,32.1541587569888,500.0,0.04612412535535837
1771866720.7484815,18.076556319556232,2.029913520099908,-10.110300883612085,500.0,-0.02991352009990811
1771866720.7525432,18.08459356796146,1.9289396172545326,59.272727272727266,500.0,0.07106038274546744
1771866720.7567391,18.09288248107844,1.9893391480756815,-12.31996913967774,500.0,0.010660851924318537
1771866720.7608845,18.101063855451372,1.9635298495032376,59.272727272727266,500.0,0.03647015049676239
1771866720.7693071,18.117542097776017,1.985971327763656,6.126997152385009,500.0,0.014028672236344075
1771866720.7734694,18.125597989113388,1.933413920969211,59.272727272727266,500.0,0.06658607903078906
1771866720.7775867,18.13375512171634,1.9577118247089642,2.9398369807099063,500.0,0.04228817529103579
1771866720.7817316,18.141891347351034,1.9526941523267518,13.375353611246418,500.0,0.04730584767324819
1771866720.785958,18.150373791087304,2.0357864967047417,-14.148835352142065,500.0,-0.035786496704741655
1771866720.794231,18.166835202597483,1.9919425178861156,-2.823294365110997,500.0,0.008057482113884351
1771866720.7984004,18.175071314603098,1.9766668813477581,59.272727272727266,500.0,0.023333118652241858
1771866720.8025863,18.183216456012914,1.954833938355874,18.979546134660524,500.0,0.045166061644126065
1771866720.80675,18.191656587435556,2.0256315414336794,-25.575757575757574,500.0,-0.025631541433679406
1771866720.8150425,18.20810631904698,1.9763696732852214,-25.575757575757574,500.0,0.023630326714778604
1771866720.8192697,18.21624073766908,1.952260469304044,59.272727272727266,500.0,0.047739530695956045
1771866720.8234107,18.224675475535058,2.0243370878349967,-25.575757575757574,500.0,-0.024337087834996662
1771866720.8275466,18.232868192901115,1.9662521678541671,59.272727272727266,500.0,0.03374783214583288
1771866720.831746,18.241134945384086,1.984020595913055,4.3540701703406075,500.0,0.01597940408694498
1771866720.8400912,18.257504322429064,1.9506747457715128,20.79353332223978,500.0,0.049325254228487214
1771866720.8442245,18.265891558156003,2.012936574465007,-14.818587789427681,500.0,-0.012936574465006956
1771866720.8484247,18.27396288455422,1.9371183355722519,37.9800888347974,500.0,0.06288166442774812
1771866720.8525836,18.282106378458586,1.9544385370479467,5.262739758472103,500.0,0.04556146295205332
1771866720.8567965,18.290539924151783,2.0240509663674535,-25.575757575757574,500.0,-0.02405096636745352
1771866720.8651016,18.30654665314701,1.9464178391310343,-5.4533687975567195,500.0,0.05358216086896572
1771866720.869251,18.314605471966416,1.9341165166574792,16.16349979292552,500.0,0.06588348334252081
1771866720.873477,18.323126370050698,2.0450155402272263,-20.245999974696236,500.0,-0.045015540227226314
1771866720.8775518,18.331282424535345,1.9574530763156128,47.78472090691569,500.0,0.04254692368438717
1771866720.8858857,18.347819741836563,1.9731781749680697,20.716167424494827,500.0,0.026821825031930313
1771866720.890023,18.356050432567887,1.9753657755180778,9.829684318805288,500.0,0.024634224481922207
1771866720.8942497,18.364205294096426,1.9571667668490802,17.868163512102942,500.0,0.0428332331509198
1771866720.89845,18.372615555173166,2.0184626584176697,-8.002166740632086,500.0,-0.018462658417669697
1771866720.9025996,18.380795528291905,1.9631935484975835,59.272727272727266,500.0,0.03680645150241646
1771866720.9109397,18.397187990803427,1.960716896010591,15.350799416075763,500.0,0.03928310398940904
1771866720.9150891,18.405546133736266,2.005954303880883,-5.26024254164805,500.0,-0.005954303880883138
1771866720.9191785,18.413710553633987,1.959460775453007,37.24380461266831,500.0,0.0405392245469931
1771866720.9233916,18.421946760895906,1.9766897428609214,3.7610323975347857,500.0,0.02331025713907864
1771866720.9275725,18.430060344044154,1.9472599555793437,22.381262562715932,500.0,0.052740044420656274
1771866720.9358926,18.44661359207043,1.9461559944958116,59.272727272727266,500.0,0.05384400550418844
1771866720.9400098,18.45481011442901,1.9671653660586716,-0.41518970279680895,500.0,0.03283463394132835
1771866720.944294,18.463036935495442,1.9744370559438913,8.864489227472394,500.0,0.025562944056108705
1771866720.9484131,18.4711919993055,1.9572153144142352,17.471716474736375,500.0,0.04278468558576476
1771866720.9567206,18.48778543133405,1.9812316173696995,59.272727272727266,500.0,0.01876838263030045
1771866720.9608433,18.49605395036652,1.9844445677926215,9.022608253051771,500.0,0.015555432207378539
1771866720.9651072,18.504063718469276,1.9223443446611328,31.277528500068694,500.0,0.0776556553388672
1771866720.9691737,18.512365744805848,1.9924863207777301,-25.575757575757574,500.0,0.0075136792222698645
1771866720.9733925,18.520435291839924,1.9366912881777643,34.623415832515796,500.0,0.06330871182223574
1771866720.9817817,18.537051779610817,2.0408346066659013,-19.145228465588772,500.0,-0.04083460666590133
1771866720.985861,18.545192242604575,1.953711118502008,59.272727272727266,500.0,0.04628888149799204
1771866720.9901552,18.553583067730713,2.0137980302730947,-5.0940247988933,500.0,-0.013798030273094675
1771866720.9941976,18.56185969317919,1.9863901076346329,24.201774514847063,500.0,0.013609892365367138
1771866721.0025098,18.578152899302708,2.0005532642108523,-25.575757575757574,500.0,-0.0005532642108523333
1771866721.0067492,18.586179075568804,1.9262823038627113,38.57927379517719,500.0,0.07371769613728874
1771866721.0108473,18.59427477115554,1.9429669408164045,2.458061615412162,500.0,0.05703305918359547
1771866721.0150542,18.602613889308074,2.001388356608129,-14.024842861825014,500.0,-0.0013883566081291931
1771866721.0192256,18.610574968269717,1.9106589507943368,59.272727272727266,500.0,0.08934104920566321
1771866721.027641,18.626926170626696,1.9458553267801317,20.11079471041525,500.0,0.05414467321986827
1771866721.031675,18.635058015431813,1.9516427532277056,-23.4641784524519,500.0,0.04835724677229436
1771866721.0359375,18.643492038995365,2.024165655252454,-25.575757575757574,500.0,-0.024165655252454066
1771866721.0400271,18.65160395252695,1.9468592475809254,59.272727272727266,500.0,0.053140752419074566
1771866721.0483415,18.66803975354323,1.9635301977742607,59.272727272727266,500.0,0.036469802225739256
1771866721.0525703,18.676302963807167,1.9831704633452507,3.5061140557172568,500.0,0.01682953665474929
1771866721.0567634,18.684319904581145,1.924065785754571,30.5974685887771,500.0,0.0759342142454289
1771866721.0608597,18.692495109567833,1.9620491968049758,-7.03367385880886,500.0,0.037950803195024196
1771866721.0649948,18.70063708311618,1.9540736516035062,16.311038810546727,500.0,0.04592634839649379
1771866721.0734177,18.71691609646001,1.8956426760513696,52.53089199221518,500.0,0.1043573239486304
1771866721.0775278,18.725002422268442,1.940718194023869,-10.414985896485408,500.0,0.059281805976131086
1771866721.0816917,18.733048390336936,1.9310323364384836,16.449334934742627,500.0,0.0689676635615164
1771866721.0859106,18.741537630722668,2.037417692575623,-25.575757575757574,500.0,-0.03741769257562311
1771866721.094288,18.758039295411702,2.0020713815537814,-2.5902134357815596,500.0,-0.002071381553781393
1771866721.0983481,18.76630259148262,1.9831910570200557,20.97879865954258,500.0,0.016808942979944286
1771866721.1024942,18.774578347747564,1.9861815035865436,8.733141984700731,500.0,0.01381849641345645
1771866721.106759,18.782529476870693,1.9082709895504957,38.810157809135575,500.0,0.09172901044950432
1771866721.1108642,18.79079359868864,1.9833892363078696,-25.575757575757574,500.0,0.016610763692130437
1771866721.1191907,18.807014940486166,1.9511988381114949,6.541211846678464,500.0,0.04880116188850514
1771866721.1234634,18.81542989966441,2.019590202778635,-9.56914642018718,500.0,-0.019590202778635213
1771866721.1275065,18.82348431007701,1.9330584990244426,59.272727272727266,500.0,0.0669415009755574
1771866721.131745,18.83181155754593,1.9985393925404682,-25.575757575757574,500.0,0.0014606074595318042
1771866721.1358519,18.84002454113484,1.9711160613389447,59.272727272727266,500.0,0.02888393866105532
1771866721.1442697,18.856572507283968,2.0199314913000967,-12.084308809026806,500.0,-0.01993149130009675
1771866721.1483736,18.8646677397771,1.9428557983518655,59.272727272727266,500.0,0.057144201648134496
1771866721.1525316,18.87285279594081,1.9644134792901216,0.6012808854211804,500.0,0.035586520709878444
1771866721.1566794,18.881016849769157,1.9593729188034525,14.189913712575967,500.0,0.040627081196547454
1771866721.1650603,18.8973403334811,1.9244491732552051,39.31024242596427,500.0,0.07555082674479485
1771866721.1692107,18.90553903100659,1.967687406117454,-25.575757575757574,500.0,0.032312593882545926
1771866721.1734362,18.913701389183366,1.958965962425962,13.971137749572117,500.0,0.041034037574037896
1771866721.1776028,18.922001143111576,1.9919409427703234,0.15131879642538754,500.0,0.008059057229676592
1771866721.185883,18.93819592964864,1.9730224502546334,-15.204093509321938,500.0,0.02697754974536659
1771866721.1900256,18.946351795233888,1.957407740459733,18.80456185210456,500.0,0.04259225954026702
1771866721.1942842,18.954663558798906,1.9948232556041805,-0.526960744364986,500.0,0.005176744395819499
1771866721.1983614,18.962643319614212,1.915142595673174,51.446220374206945,500.0,0.08485740432682598
1771866721.2025404,18.970876105023734,1.9758684982856543,-16.099617303925275,500.0,0.02413150171434575
1771866721.2109525,18.987338409875523,1.9941952800096203,-0.4685572265219336,500.0,0.005804719990379681
1771866721.2150548,18.99532691290222,1.9172407264079112,43.887184524322265,500.0,0.08275927359208879
1771866721.2191784,19.003501231194377,1.9618363901176032,-13.868818955774602,500.0,0.038163609882396754
1771866721.2233882,19.011660698392998,1.9582721276692627,12.655068202519521,500.0,0.04172787233073727
1771866721.2317686,19.02789929695055,1.9109910413752984,59.272727272727266,500.0,0.0890089586247016
1771866721.2358892,19.036107223872005,1.969902461148951,-13.056807907889677,500.0,0.030097538851048933
1771866721.2401319,19.04425201598216,1.9547501064370336,15.466916787654025,500.0,0.04524989356296638
1771866721.244184,19.052406374299693,1.9570459962081164,9.95700741659377,500.0,0.04295400379188363
1771866721.2484422,19.060718486025454,1.9949068141823694,-1.4427787030951191,500.0,0.00509318581763063
1771866721.2566957,19.076913270943212,1.9584129731340612,-3.516196793280951,500.0,0.04158702686593885
1771866721.2608585,19.08505155106373,1.9531872289246872,13.860053519762989,500.0,0.04681277107531279
1771866721.2651095,19.093406256781588,2.005129372285281,-5.60387167603795,500.0,-0.005129372285280986
1771866721.2692175,19.101411006247297,1.9211398717697095,47.881532576927235,500.0,0.07886012823029054
1771866721.2775366,19.11783167856798,1.9582817635948075,59.272727272727266,500.0,0.041718236405192455
1771866721.281786,19.126104837775774,1.9855582098698983,2.622954902052917,500.0,0.014441790130101717
1771866721.2859147,19.134054808059457,1.9079928680840632,39.373813377612116,500.0,0.09200713191593679
1771866721.2900484,19.14226144741927,1.9695934463552993,-25.575757575757574,500.0,0.030406553644700685
1771866721.2942064,19.150403506921535,1.9540942805436186,59.272727272727266,500.0,0.045905719456381444
1771866721.3025498,19.16672381364481,1.9199640530782103,44.42559998319963,500.0,0.08003594692178972
1771866721.3067482,19.17505291021185,1.9989831760895025,-17.626190923098008,500.0,0.0010168239104975108
1771866721.3108857,19.18326121682075,1.9699935861363123,59.272727272727266,500.0,0.030006413863687742
1771866721.3150575,19.19153394205567,1.9854540563811438,4.417660511387669,500.0,0.014545943618856194
1771866721.3234632,19.207964537707667,1.996281156041292,-25.575757575757574,500.0,0.003718843958707918
1771866721.327536,19.21614537231439,1.963400305613274,59.272727272727266,500.0,0.036599694386725945
1771866721.3317428,19.224337566291883,1.9661265545986963,-4.6789739455519035,500.0,0.03387344540130366
1771866721.3359196,19.23247949710464,1.9540633950617705,59.272727272727266,500.0,0.045936604938229486
1771866721.3401034,19.24073173986381,1.9805382622006396,2.3597421435404535,500.0,0.019461737799360446
1771866721.3483405,19.25701027298713,1.9584674873924781,5.1292585603243435,500.0,0.04153251260752189
1771866721.3525448,19.265159005024113,1.9556956888760595,12.38237012769163,500.0,0.04430431112394051
1771866721.356768,19.27344480795434,1.9885927032547288,-0.177300372342243,500.0,0.01140729674527119
1771866721.3608902,19.281448156186762,1.9208035757811888,40.94761251757886,500.0,0.07919642421881123
1771866721.3691633,19.297746552222023,1.9566855287485814,9.987157821523896,500.0,0.04331447125141863
1771866721.3734128,19.30600705554026,1.9825207963767244,1.2791982885114668,500.0,0.017479203623275597
1771866721.3775392,19.313946859216188,1.9055528822230536,46.68042487357978,500.0,0.09444711777694637
1771866721.3816507,19.322068646166908,1.9492288681727838,-20.22125190762414,500.0,0.050771131827216154
1771866721.3858209,19.33021180477724,1.9543580664791445,-25.575757575757574,500.0,0.04564193352085555
1771866721.3942306,19.346415039874223,1.9001639964061807,47.86662071043349,500.0,0.09983600359381928
1771866721.3983178,19.354532934090432,1.9482946118905202,-25.575757575757574,500.0,0.05170538810947978
1771866721.4024963,19.362672561699295,1.9535106261273387,-25.575757575757574,500.0,0.04648937387266128
1771866721.4066417,19.37081811805213,1.9549335246811628,10.034804346660367,500.0,0.04506647531883723
1771866721.4150133,19.387093909228305,1.913125381848013,57.952213497827984,500.0,0.08687461815198705
1771866721.4191463,19.395226262505215,1.9517647864586292,-18.2436282062209,500.0,0.048235213541370836
1771866721.423318,19.4033608796997,1.952308126676864,10.829610257768596,500.0,0.04769187332313596
1771866721.427578,19.411694065704058,1.999964641045973,-7.270470638503154,500.0,3.535895402695388e-05
1771866721.4358995,19.427627036568655,1.9419434663657422,-25.575757575757574,500.0,0.05805653363425778
1771866721.439991,19.43566591891711,1.9293317636289162,19.94493323333793,500.0,0.07066823637108377
1771866721.4442976,19.444143113429252,2.0345266829141213,-25.575757575757574,500.0,-0.03452668291412131
1771866721.4483495,19.452314272861862,1.9610782638264352,59.272727272727266,500.0,0.03892173617356476
1771866721.4525955,19.460537840605724,1.9736562585264579,-25.575757575757574,500.0,0.026343741473542126
1771866721.4609551,19.47690643282688,1.9673978841061353,-25.575757575757574,500.0,0.03260211589386475
1771866721.4650955,19.485037447949956,1.9514436295385986,16.565205476254178,500.0,0.04855637046140138
1771866721.4693284,19.493370596328404,1.9999556108278531,-1.8173328802072095,500.0,4.438917214688587e-05
1771866721.47337,19.501640391290774,1.98475079096862,17.9159692506238,500.0,0.015249209031380051
1771866721.4816964,19.517912655777174,1.9915390615732134,-25.575757575757574,500.0,0.008460938426786635
1771866721.485892,19.525995087249598,1.9397835533820063,59.272727272727266,500.0,0.060216446617993746
1771866721.4900227,19.534118681368806,1.9496625886096208,6.225647887362091,500.0,0.05033741139037917
1771866721.4942963,19.542447022568776,1.9988018879932208,-25.575757575757574,500.0,0.0011981120067792173
1771866721.4983566,19.550509541800903,1.9350046157099574,45.27087372842469,500.0,0.06499538429004259
1771866721.5067112,19.56702832923022,1.9705565981621533,21.19437486840873,500.0,0.02944340183784666
1771866721.510857,19.57525516827102,1.9744413697923369,-25.575757575757574,500.0,0.025558630207663136
1771866721.5151188,19.583264093041528,1.9221419449216008,27.056240190566992,500.0,0.07785805507839916
1771866721.5191941,19.59152418623794,1.982422367139102,-18.925953718957267,500.0,0.017577632860898085
1771866721.5275183,19.60778319000332,1.9547074395518862,7.204530862784222,500.0,0.045292560448113806
1771866721.5317688,19.616047017994607,1.9833187179086484,1.4675356876121792,500.0,0.016681282091351557
1771866721.5359535,19.623950603689895,1.896860566869085,37.276450050150714,500.0,0.103139433130915
1771866721.5400655,19.63203288401185,1.9397472772693787,-25.575757575757574,500.0,0.06025272273062132
1771866721.5441875,19.640076764055213,1.9305312104075554,16.34466000653252,500.0,0.06946878959244462
1771866721.5525358,19.656652065623163,1.9545633260174127,44.43158442332848,500.0,0.04543667398258733
1771866721.5567849,19.66493341546005,1.9875239608529316,0.8336774888627546,500.0,0.012476039147068407
1771866721.5608726,19.67313365475258,1.9680574302065317,19.704740486278126,500.0,0.03194256979346832
1771866721.5650218,19.68134443884225,1.970588181520673,9.553909143079906,500.0,0.029411818479327057
1771866721.5733924,19.69758569618794,1.9580206117379175,3.668417482158553,500.0,0.04197938826208247
1771866721.577591,19.70563918420205,1.9328371233866675,59.272727272727266,500.0,0.06716287661333253
1771866721.5817282,19.71363425536449,1.9188170789855068,17.406573353216956,500.0,0.0811829210144932
1771866721.5858629,19.721654312145752,1.9248136275030223,8.814578886378023,500.0,0.07518637249697768
1771866721.5941775,19.73763684658425,1.9156881678067892,14.419249566888364,500.0,0.08431183219321081
1771866721.5983407,19.74560090911858,1.9113750082388403,14.343294706087152,500.0,0.08862499176115968
1771866721.602526,19.753561618067494,1.9105701477394026,12.32837939587331,500.0,0.08942985226059741
1771866721.6066775,19.761514826083893,1.908769923936043,30.596401197358215,500.0,0.09123007606395706
1771866721.6150112,19.777415218537246,1.907713564945805,18.87607615180255,500.0,0.09228643505419498
1771866721.6191823,19.785410850211345,1.9189516017839339,5.491191090060692,500.0,0.08104839821606613
1771866721.623345,19.79341151505099,1.920159561515359,11.059006113225113,500.0,0.07984043848464095
1771866721.6274934,19.801408070728492,1.9191733626002456,12.405395522141767,500.0,0.08082663739975438
1771866721.6359596,19.81775249467521,1.9606855590555212,11.38714596055307,500.0,0.03931444094447878
1771866721.6400669,19.82594255383523,1.9656141984046362,9.015206398659265,500.0,0.03438580159536375
1771866721.644227,19.834127359263253,1.9643533027251385,11.4387022505757,500.0,0.03564669727486147
1771866721.6483219,19.842310244017398,1.9638923409947187,15.526283445077231,500.0,0.036107659005281345
1771866721.6525862,19.85043753361112,1.9505495024934185,15.827301539511252,500.0,0.04945049750658148
1771866721.6608524,19.866993065251517,1.9806503592846763,16.956856422832633,500.0,0.019349640715323746
1771866721.6650476,19.875252615307716,1.9822920134873283,9.882896895479822,500.0,0.017707986512671692
1771866721.6692,19.88333084392111,1.9387748672152327,32.019551061673276,500.0,0.06122513278476727
1771866721.673374,19.89164873948133,1.996294934452471,-16.66832265762053,500.0,0.0037050655475290295
1771866721.6817348,19.90800543153918,1.965550467879228,8.798959752081238,500.0,0.034449532120772064
1771866721.685987,19.916083657846695,1.938774313803508,59.272727272727266,500.0,0.061225686196491935
1771866721.6900475,19.924357959087445,1.9858322977802216,-9.985011191823219,500.0,0.014167702219778366
1771866721.6942248,19.932451135757645,1.942362400848362,29.315469960691697,500.0,0.05763759915163802
1771866721.6983728,19.940581436596744,1.9512722013838237,7.104287147115815,500.0,0.048727798616176266
1771866721.7067835,19.957017088489135,1.9957824400998463,-3.9999497608266714,500.0,0.004217559900153711
1771866721.7108462,19.965149530543805,1.9517860931211137,35.12474570965194,500.0,0.04821390687888627
1771866721.7150388,19.973349459294692,1.9679829002125762,3.356983208070469,500.0,0.03201709978742384
1771866721.7192152,19.98147810570971,1.9508751396040693,59.272727272727266,500.0,0.04912486039593067
1771866721.7275474,19.997832148382226,1.9386128565373997,32.20671804226228,500.0,0.061387143462600324
1771866721.7317164,20.006022353540562,1.9656492380007802,0.0,50.0,0.034350761999219825
