tiempo,y,vy,velocidad_ruedas,fuerza_ruedas,error
1771879179.169123,0.010669888754433728,0.18834199504297813,7.2,53.0,1.811658004957022
1771879179.2149448,0.021200513058887573,0.2636172376073464,7.2,53.0,1.7363827623926535
1771879179.2524312,0.03229885265805527,0.32115922345661346,7.2,53.0,1.6788407765433866
1771879179.281602,0.042359991082296475,0.36226604870954626,7.2,53.0,1.6377339512904538
1771879179.3107934,0.0535517740592407,0.39912265664936103,7.2,53.0,1.600877343350639
1771879179.3358412,0.06393740215968638,0.4264642017428431,7.2,53.0,1.573535798257157
1771879179.3608153,0.07493850165306395,0.44901779979189077,7.2,53.0,1.5509822002081093
1771879179.3858411,0.08642228841966959,0.4658749718547651,7.2,53.0,1.534125028145235
1771879179.4108107,0.09799900913371026,0.45889408983090413,7.2,53.0,1.5411059101690958
1771879179.4357936,0.10928512695729038,0.4455356394397021,7.2,53.0,1.554464360560298
1771879179.4608088,0.12017437578605122,0.42783368326608157,7.2,53.0,1.5721663167339184
1771879179.4858549,0.1305551933552237,0.4055885595564196,7.2,53.0,1.5944114404435803
1771879179.5025265,0.1416983055270675,0.7135159256761637,7.2,53.0,1.2864840743238362
1771879179.5150328,0.1525108927180695,0.931978964747163,7.2,53.0,1.068021035252837
1771879179.527524,0.1656866654979863,1.1031897218221065,7.2,53.0,0.8968102781778935
1771879179.540204,0.17912833546655116,1.062801828034106,7.2,53.0,0.937198171965894
1771879179.5525844,0.19197131328296776,1.0177499403435273,7.2,53.0,0.9822500596564727
1771879179.5654075,0.2046155687456846,1.0092763939606442,7.2,53.0,0.9907236060393558
1771879179.5776794,0.21717408922830503,0.9982329630037188,7.2,53.0,1.0017670369962812
1771879179.590063,0.22949267414068045,0.980958099590336,7.2,53.0,1.019041900409664
1771879179.6025825,0.24174999538158679,0.975842431739467,7.2,53.0,1.024157568260533
1771879179.6150975,0.25381442493959805,0.9633123065246727,7.2,53.0,1.0366876934753273
1771879179.627666,0.2657923370195245,0.9483985720140088,7.2,53.0,1.0516014279859913
1771879179.6400716,0.2774654045256838,0.9309173517602861,7.2,53.0,1.0690826482397138
1771879179.652631,0.2890764420703498,0.9174078277438836,7.2,53.0,1.0825921722561165
1771879179.665086,0.30023099437810863,0.8835529530421764,7.2,53.0,1.1164470469578236
1771879179.677832,0.31315205410404195,1.3048897001794024,7.2,53.0,0.6951102998205976
1771879179.6860425,0.3283490707571521,1.914714247035946,7.2,53.0,0.08528575296405405
1771879179.6945055,0.3463390487628021,2.2155888382761044,7.2,53.0,-0.21558883827610442
1771879179.70264,0.36552030449787837,2.3220164879362457,7.2,53.0,-0.3220164879362457
1771879179.7110147,0.38554747495632197,2.4234264901997458,7.2,53.0,-0.42342649019974576
1771879179.7151809,0.3957113850440116,2.4393384210455142,7.2,53.0,-0.43933842104551424
1771879179.719284,0.4059948746811721,2.4680375129185212,7.2,53.0,-0.46803751291852125
1771879179.7234595,0.41642014581924436,2.502065073137334,7.2,53.0,-0.502065073137334
1771879179.7276556,0.42689003365996364,2.512773081772633,7.2,53.0,-0.5127730817726328
1771879179.7318017,0.43738454117125525,2.5186818027099798,7.2,53.0,-0.5186818027099798
1771879179.7360044,0.4479308341277066,2.5311103095483287,7.2,53.0,-0.5311103095483287
1771879179.7402077,0.45842554213734243,2.5187299223125987,7.2,53.0,-0.5187299223125987
1771879179.74461,0.468949353214702,2.5257146585662937,7.2,53.0,-0.5257146585662937
1771879179.7484717,0.4795206548897206,2.537112402004476,7.2,53.0,-0.537112402004476
1771879179.7527544,0.4900760334696408,2.533290859180848,7.2,53.0,-0.5332908591808478
1771879179.7568154,0.5006301212911984,2.532981077173836,7.2,53.0,-0.5329810771738361
1771879179.760965,0.5112294837461804,2.543846989195662,7.2,53.0,-0.5438469891956621
1771879179.7652307,0.521726941308841,2.5193898150385454,7.2,53.0,-0.5193898150385454
1771879179.7692547,0.532268294127732,2.52992467653384,7.2,53.0,-0.5299246765338399
1771879179.773478,0.5428707072224018,2.5445791427207642,7.2,53.0,-0.5445791427207642
1771879179.7775989,0.5534988886662648,2.5507635465271137,7.2,53.0,-0.5507635465271137
1771879179.781774,0.5640747707953073,2.5382117109701916,7.2,53.0,-0.5382117109701916
1771879179.7859592,0.57463612014049,2.5347238428438534,7.2,53.0,-0.5347238428438534
1771879179.7901394,0.5852130878291454,2.538472245277279,7.2,53.0,-0.538472245277279
1771879179.7943342,0.5956823978933807,2.512634415416486,7.2,53.0,-0.5126344154164859
1771879179.7985475,0.6061208628771695,2.505231596109288,7.2,53.0,-0.5052315961092879
1771879179.8026242,0.6165810863609686,2.5104536361117873,7.2,53.0,-0.5104536361117873
1771879179.806799,0.6269895020407137,2.498019763138801,7.2,53.0,-0.4980197631388008
1771879179.8109767,0.637353742211176,2.4874176409109507,7.2,53.0,-0.48741764091095074
1771879179.8151238,0.6477207442461146,2.4880804883852656,7.2,53.0,-0.48808048838526563
1771879179.819302,0.6581171080562491,2.4951273144322834,7.2,53.0,-0.4951273144322834
1771879179.823484,0.6684394918496674,2.477372110420402,7.2,53.0,-0.47737211042040206
1771879179.827706,0.678742345135541,2.472684788609653,7.2,53.0,-0.4726847886096528
1771879179.8317645,0.6890760794946852,2.4800962461946012,7.2,53.0,-0.48009624619460123
1771879179.8359625,0.6992986252100614,2.4534109716902797,7.2,53.0,-0.45341097169027966
1771879179.840126,0.7094908172682691,2.446126093969854,7.2,53.0,-0.44612609396985414
1771879179.84438,0.7196973432621251,2.4495662385254198,7.2,53.0,-0.44956623852541977
1771879179.8484929,0.7299438180941086,2.4591539596760486,7.2,53.0,-0.45915395967604855
1771879179.8527117,0.7404327564567665,2.51734520703792,7.2,53.0,-0.5173452070379199
1771879179.856884,0.7511862053890204,2.5808277437409113,7.2,53.0,-0.5808277437409113
1771879179.8610952,0.7619797353562374,2.5904471921320984,7.2,53.0,-0.5904471921320984
1771879179.8651245,0.7729858068118903,2.6414571493567,7.2,53.0,-0.6414571493566998
1771879179.8692813,0.7840240308656183,2.6491737728947125,7.2,53.0,-0.6491737728947125
1771879179.873458,0.7951978534360374,2.681717416900585,7.2,53.0,-0.6817174169005851
1771879179.877717,0.8063957156396044,2.6874869288560777,7.2,53.0,-0.6874869288560777
1771879179.881832,0.8176852442989647,2.709486878246471,7.2,53.0,-0.7094868782464712
1771879179.8859441,0.8290649439122116,2.7311279071792534,7.2,53.0,-0.7311279071792534
1771879179.8901148,0.8403915261711619,2.718379742148055,7.2,53.0,-0.7183797421480551
1771879179.8942745,0.8517838828710804,2.734165607980443,7.2,53.0,-0.7341656079804428
1771879179.898544,0.863226217141899,2.746160224996458,7.2,53.0,-0.7461602249964581
1771879179.9027126,0.8746601063594763,2.744133412218569,7.2,53.0,-0.7441334122185692
1771879179.9067929,0.8861252233919902,2.751628087803337,7.2,53.0,-0.7516280878033368
1771879179.91091,0.8976236504797737,2.7596225010680246,7.2,53.0,-0.7596225010680246
1771879179.915115,0.9090947548052938,2.753065038124819,7.2,53.0,-0.7530650381248192
1771879179.919294,0.9206257239242629,2.767432588552576,7.2,53.0,-0.7674325885525759
1771879179.923467,0.932264123747408,2.7932159575548257,7.2,53.0,-0.7932159575548257
1771879179.9276638,0.9439465607395919,2.803784878124142,7.2,53.0,-0.8037848781241421
1771879179.9319189,0.9555784597418688,2.7916557605464445,7.2,53.0,-0.7916557605464445
1771879179.93597,0.9673358992673496,2.821785486115383,7.2,53.0,-0.8217854861153828
1771879179.940196,0.9790995786776517,2.8232830584725135,7.2,53.0,-0.8232830584725135
1771879179.9444203,0.9908669628011836,2.8241721896476415,7.2,53.0,-0.8241721896476415
1771879179.94846,1.00285439768777,2.87698437278072,7.2,53.0,-0.8769843727807198
1771879179.9526677,1.0147807689338975,2.8623290990705885,7.2,53.0,-0.8623290990705885
1771879179.9568148,1.0267116204549402,2.8634043650502674,7.2,53.0,-0.8634043650502674
1771879179.9610431,1.038812877611811,2.904301717648977,7.2,53.0,-0.9043017176489769
1771879179.9651494,1.0508549682289214,2.890101748106493,7.2,53.0,-0.8901017481064928
1771879179.9693494,1.0631214097702355,2.943945969915368,7.2,53.0,-0.9439459699153678
1771879179.9735107,1.0754379335017794,2.9559656955705615,7.2,53.0,-0.9559656955705615
1771879179.9776328,1.0877047093272552,2.944026198114181,7.2,53.0,-0.9440261981141811
1771879179.981834,1.1001336662217038,2.982949654667688,7.2,53.0,-0.9829496546676881
1771879179.9860263,1.112584991017934,2.9883179510952407,7.2,53.0,-0.9883179510952407
1771879179.9902127,1.1250835716117413,2.999659342513752,7.2,53.0,-0.9996593425137519
1771879179.9943807,1.1376753856365212,3.0220353659471835,7.2,53.0,-1.0220353659471835
1771879179.9985769,1.150129170607819,2.9889083931114646,7.2,53.0,-0.9889083931114646
1771879180.0027509,1.162616443108422,2.9969454001447238,7.2,53.0,-0.9969454001447238
1771879180.006807,1.1751761715066336,3.014334815570746,7.2,53.0,-1.014334815570746
1771879180.0109236,1.1876522192056396,2.9942514477614455,7.2,53.0,-0.9942514477614455
1771879180.0151973,1.200240379035493,3.0211583591647924,7.2,53.0,-1.0211583591647924
1771879180.0192761,1.212850616484833,3.026456987841594,7.2,53.0,-1.026456987841594
1771879180.0234551,1.2254092957827134,3.0140830314913036,7.2,53.0,-1.0140830314913036
1771879180.027819,1.238114415898085,3.049228827689187,7.2,53.0,-1.0492288276891868
1771879180.0318525,1.2508414829001169,3.0544960804876284,7.2,53.0,-1.0544960804876284
1771879180.0359886,1.2637093452126402,3.088286955005591,7.2,53.0,-1.0882869550055911
1771879180.0401604,1.2766223057136383,3.099110520239557,7.2,53.0,-1.0991105202395568
1771879180.0443175,1.2894049466235529,3.0678338183794964,7.2,53.0,-1.0678338183794964
1771879180.0485044,1.3023139331639426,3.098156769693551,7.2,53.0,-1.098156769693551
1771879180.0527086,1.315244623814336,3.1033657560944494,7.2,53.0,-1.1033657560944494
1771879180.0568607,1.3281764306144366,3.103633632024142,7.2,53.0,-1.1036336320241422
1771879180.0610154,1.3411823281470918,3.121415407837251,7.2,53.0,-1.121415407837251
1771879180.0651574,1.354209812693184,3.126596291062155,7.2,53.0,-1.126596291062155
1771879180.0694275,1.3673287340918674,3.148541135684001,7.2,53.0,-1.1485411356840012
1771879180.073504,1.380471950041266,3.154371827855685,7.2,53.0,-1.1543718278556852
1771879180.077733,1.3934914351244347,3.1246764199604575,7.2,53.0,-1.1246764199604575
1771879180.081846,1.4066374780151087,3.1550502937617346,7.2,53.0,-1.1550502937617346
1771879180.0859516,1.4198049009935336,3.1601815148219825,7.2,53.0,-1.1601815148219825
1771879180.0901349,1.4330652553279535,3.1824850402607536,7.2,53.0,-1.1824850402607536
1771879180.094333,1.4463859095714315,3.196957018434748,7.2,53.0,-1.1969570184347482
1771879180.0984359,1.4597277838393659,3.2020498243042432,7.2,53.0,-1.2020498243042432
1771879180.1026516,1.4731806584159963,3.228689898391319,7.2,53.0,-1.2286898983913188
1771879180.1068075,1.4866660110821217,3.2364846398700875,7.2,53.0,-1.2364846398700875
1771879180.1109734,1.5001052207408394,3.225410318092228,7.2,53.0,-1.2254103180922278
1771879180.11515,1.5135977195064385,3.238199703743791,7.2,53.0,-1.238199703743791
1771879180.1192636,1.52711122464792,3.2432412339555277,7.2,53.0,-1.2432412339555277
1771879180.1234593,1.5407285819903265,3.2681657621775515,7.2,53.0,-1.2681657621775515
1771879180.1276426,1.5543800007537167,3.2763405032136514,7.2,53.0,-1.2763405032136514
1771879180.1317832,1.5679032950796592,3.245590638226196,7.2,53.0,-1.2455906382261959
1771879180.135978,1.5815213334617302,3.2683292116970466,7.2,53.0,-1.2683292116970466
1771879180.1400754,1.5951601905754103,3.273325707283197,7.2,53.0,-1.2733257072831972
1771879180.1442986,1.6089345487465314,3.305845961069053,7.2,53.0,-1.305845961069053
1771879180.1484797,1.6227365664680329,3.312484253160334,7.2,53.0,-1.312484253160334
1771879180.1526425,1.6365597227692321,3.3175575122877925,7.2,53.0,-1.3175575122877925
1771879180.1568072,1.6504398530591644,3.331231269583752,7.2,53.0,-1.331231269583752
1771879180.1609595,1.6643444522667172,3.337103809812687,7.2,53.0,-1.337103809812687
1771879180.1651363,1.6783144775986587,3.3528060796659553,7.2,53.0,-1.3528060796659553
1771879180.1693335,1.6923070458363942,3.3582163770565403,7.2,53.0,-1.3582163770565403
1771879180.1734579,1.706374553625801,3.376201869457608,7.2,53.0,-1.3762018694576081
1771879180.1776168,1.7204569085499368,3.379765181792568,7.2,53.0,-1.379765181792568
1771879180.181775,1.734559596750886,3.3846451682277774,7.2,53.0,-1.3846451682277774
1771879180.1859527,1.7486737139848276,3.387388136145999,7.2,53.0,-1.387388136145999
1771879180.1901014,1.7628111589147528,3.3929867831820553,7.2,53.0,-1.3929867831820553
1771879180.1942973,1.7769198025599744,3.3860744748531983,7.2,53.0,-1.3860744748531983
1771879180.198396,1.7910245627999244,3.3851424575879845,7.2,53.0,-1.3851424575879845
1771879180.202691,1.8052454074823496,3.413002723782046,7.2,53.0,-1.413002723782046
1771879180.2068048,1.819430701677865,3.404470606923669,7.2,53.0,-1.404470606923669
1771879180.211009,1.8337394629604282,3.4341027078151884,7.2,53.0,-1.4341027078151884
1771879180.2151499,1.847983157280403,3.418486636793974,7.2,53.0,-1.4184866367939741
1771879180.2192457,1.8622317388738003,3.419659582415341,7.2,53.0,-1.419659582415341
1771879180.2235365,1.876641254930276,3.458283853554163,7.2,53.0,-1.4582838535541631
1771879180.2276306,1.891015268277037,3.4497632032225947,7.2,53.0,-1.4497632032225947
1771879180.2318082,1.905478362682339,3.4711426572725097,7.2,53.0,-1.4711426572725097
1771879180.236094,1.9199075767312852,3.463011371747072,7.2,53.0,-1.463011371747072
1771879180.240294,1.9343224119645068,3.459560455973205,7.2,53.0,-1.4595604559732052
1771879180.2443216,1.9489082451239135,3.5005999582575957,7.2,53.0,-1.5005999582575957
1771879180.2484865,1.9634732260548742,3.4955954234305544,7.2,53.0,-1.4955954234305544
1771879180.2526393,1.9782436115074655,3.544892508621945,7.2,53.0,-1.544892508621945
1771879180.2568023,1.9929399376753598,3.5271182802946077,7.2,53.0,-1.5271182802946077
1771879180.2609413,2.007797124429792,3.565724821063695,7.2,53.0,-1.5657248210636951
1771879180.2651706,2.022517936533408,3.5329949048678047,7.2,53.0,-1.5329949048678047
1771879180.2692952,2.037306195356824,3.549182117619955,7.2,53.0,-1.5491821176199552
1771879180.2735188,2.052143343167376,3.5609154745324507,7.2,53.0,-1.5609154745324507
1771879180.2776048,2.066956224913306,3.555091619023237,7.2,53.0,-1.5550916190232371
1771879180.28179,2.0818788153865753,3.581421713584621,7.2,53.0,-1.581421713584621
1771879180.2860546,2.0967199203245546,3.561865185115041,7.2,53.0,-1.5618651851150411
1771879180.2901502,2.1116856483121693,3.5917747170275462,7.2,53.0,-1.5917747170275462
1771879180.2944417,2.1265123250040565,3.5584024060529327,7.2,53.0,-1.5584024060529327
1771879180.2984793,2.141465341896143,3.5887240541008114,7.2,53.0,-1.5887240541008114
1771879180.3026307,2.1564374248219655,3.593299902197406,7.2,53.0,-1.5932999021974061
1771879180.3069007,2.171389908708843,3.5885961328506015,7.2,53.0,-1.5885961328506015
1771879180.310971,2.1864716893988327,3.6196273655976063,7.2,53.0,-1.6196273655976063
1771879180.315211,2.201480314505597,3.6020700256234166,7.2,53.0,-1.6020700256234166
1771879180.3193524,2.2166746276422287,3.6466351527916663,7.2,53.0,-1.6466351527916663
1771879180.3234773,2.2317357135040456,3.614660606836085,7.2,53.0,-1.6146606068360851
1771879180.3277652,2.246976514349316,3.6577922028648837,7.2,53.0,-1.6577922028648837
1771879180.3318164,2.2622360423566086,3.6622867217501813,7.2,53.0,-1.6622867217501813
1771879180.3359628,2.2776322229747534,3.6950833483547925,7.2,53.0,-1.6950833483547925
1771879180.3401918,2.2930604025485244,3.7027630977050503,7.2,53.0,-1.7027630977050503
1771879180.3443272,2.308490774662165,3.703289307273713,7.2,53.0,-1.703289307273713
1771879180.348476,2.323977559613878,3.7168283884111624,7.2,53.0,-1.7168283884111624
1771879180.3526378,2.3393619771196783,3.692260201392097,7.2,53.0,-1.6922602013920969
1771879180.3568594,2.354809823541118,3.7074831411455045,7.2,53.0,-1.7074831411455045
1771879180.360977,2.3701130927858944,3.6727846187463165,7.2,53.0,-1.6727846187463165
1771879180.3651009,2.3855316992900617,3.700465561000136,7.2,53.0,-1.700465561000136
1771879180.369251,2.4009687049988697,3.704881370113943,7.2,53.0,-1.704881370113943
1771879180.3734343,2.41655395350593,3.740459641694516,7.2,53.0,-1.7404596416945162
1771879180.377672,2.4321574384154863,3.744836378293447,7.2,53.0,-1.744836378293447
1771879180.3818007,2.447848021396797,3.765739915514503,7.2,53.0,-1.7657399155145028
1771879180.3859913,2.4635613500628772,3.7711988798592846,7.2,53.0,-1.7711988798592846
1771879180.3901758,2.479238439076989,3.7625013633868756,7.2,53.0,-1.7625013633868756
1771879180.3944497,2.494974228939101,3.776589566906902,7.2,53.0,-1.7765895669069018
1771879180.398525,2.510570570250952,3.7431219148443002,7.2,53.0,-1.7431219148443002
1771879180.402644,2.5262818317567213,3.7707027613845656,7.2,53.0,-1.7707027613845656
1771879180.4068367,2.542011086691243,3.77502118428524,7.2,53.0,-1.7750211842852401
1771879180.4110303,2.5578924851283498,3.8115356249056234,7.2,53.0,-1.8115356249056234
1771879180.415127,2.57379171436473,3.8158150167312805,7.2,53.0,-1.8158150167312805
1771879180.4193387,2.5898063275595096,3.843507166747068,7.2,53.0,-1.843507166747068
1771879180.4234517,2.6058386346328524,3.8477536976022257,7.2,53.0,-1.8477536976022257
1771879180.4277558,2.6219558533816203,3.8681324997043385,7.2,53.0,-1.8681324997043385
1771879180.4318216,2.6380971171297705,3.873903299556041,7.2,53.0,-1.8739032995560412
1771879180.4360027,2.654283625194114,3.8847619354424534,7.2,53.0,-1.8847619354424534
1771879180.4401362,2.6704907807697382,3.889717338149774,7.2,53.0,-1.889717338149774
1771879180.444313,2.68666652536037,3.8821787017516103,7.2,53.0,-1.8821787017516103
1771879180.4484181,2.702861511440349,3.8867966591949177,7.2,53.0,-1.8867966591949177
1771879180.452652,2.718910320906162,3.851714271795002,7.2,53.0,-1.851714271795002
1771879180.4567652,2.7349752178170914,3.855575258623114,7.2,53.0,-1.855575258623114
1771879180.460967,2.7510575867961196,3.859768554966762,7.2,53.0,-1.8597685549667622
1771879180.4651067,2.767143469615408,3.8606118766291773,7.2,53.0,-1.8606118766291773
1771879180.4692788,2.783338294569789,3.8867579890515196,7.2,53.0,-1.8867579890515196
1771879180.473555,2.79949832945985,3.8784083736145436,7.2,53.0,-1.8784083736145436
1771879180.4776943,2.815844951172006,3.9231892109173927,7.2,53.0,-1.9231892109173927
1771879180.4818926,2.8321229708812807,3.906724730225984,7.2,53.0,-1.9067247302259842
1771879180.4859958,2.848619415092817,3.9591466107686246,7.2,53.0,-1.9591466107686246
1771879180.4901283,2.8650178838506726,3.9356325018853346,7.2,53.0,-1.9356325018853346
1771879180.4943068,2.881502078806632,3.9562067894302877,7.2,53.0,-1.9562067894302877
1771879180.4984775,2.8979013774691444,3.9358316790030017,7.2,53.0,-1.9358316790030017
1771879180.5026493,2.914325237477062,3.9417264019002016,7.2,53.0,-1.9417264019002016
1771879180.506839,2.9306932759467084,3.9283292327152046,7.2,53.0,-1.9283292327152046
1771879180.5109236,2.9470840284821067,3.9337806084955798,7.2,53.0,-1.9337806084955798
1771879180.5151784,2.9634278190316703,3.92250973189528,7.2,53.0,-1.9225097318952802
1771879180.5194557,2.979781637206912,3.9249163620580947,7.2,53.0,-1.9249163620580947
1771879180.5236123,2.9961728037903135,3.9338799800163105,7.2,53.0,-1.9338799800163105
1771879180.527786,3.012738315016546,3.975722694295792,7.2,53.0,-1.9757226942957922
1771879180.5318232,3.029397609897373,3.9982307713985397,7.2,53.0,-1.9982307713985397
1771879180.5360286,3.046188641314131,4.029847540021915,7.2,53.0,-2.0298475400219154
1771879180.540224,3.0630595416492685,4.049016080432984,7.2,53.0,-2.0490160804329838
1771879180.5442805,3.079918856733866,4.046235620303358,7.2,53.0,-2.0462356203033583
1771879180.5484338,3.0968757739530237,4.0696601325979325,7.2,53.0,-2.0696601325979325
1771879180.5525882,3.1137964136961607,4.06095353835284,7.2,53.0,-2.06095353835284
1771879180.5567732,3.1308200321911963,4.085668438808529,7.2,53.0,-2.085668438808529
1771879180.5609605,3.147922998859682,4.104712000436514,7.2,53.0,-2.104712000436514
1771879180.565137,3.1651034439657555,4.123306825457612,7.2,53.0,-2.123306825457612
1771879180.5692887,3.1822945019377364,4.125853913275422,7.2,53.0,-2.1258539132754217
1771879180.573438,3.199527953079966,4.13602827413506,7.2,53.0,-2.13602827413506
1771879180.5776482,3.2167359762222563,4.1299255541497315,7.2,53.0,-2.1299255541497315
1771879180.5818102,3.233966259917855,4.13526808694368,7.2,53.0,-2.1352680869436798
1771879180.5859413,3.2510983164233087,4.1116935613089325,7.2,53.0,-2.1116935613089325
1771879180.590086,3.2682507327964303,4.116579929549138,7.2,53.0,-2.116579929549138
1771879180.594259,3.2853253687652972,4.097912632528096,7.2,53.0,-2.0979126325280957
1771879180.5985818,3.302408153471034,4.099868329376827,7.2,53.0,-2.099868329376827
1771879180.6027088,3.319449119059495,4.089831741230612,7.2,53.0,-2.089831741230612
1771879180.6067836,3.3365103801349805,4.094702658116512,7.2,53.0,-2.0947026581165122
1771879180.6109688,3.353659586861056,4.115809614258112,7.2,53.0,-2.1158096142581124
1771879180.6150863,3.37083009477481,4.120921899300946,7.2,53.0,-2.1209218993009458
1771879180.619304,3.3880441575893956,4.131375075500581,7.2,53.0,-2.131375075500581
1771879180.6233888,3.4052802029750535,4.136650892557953,7.2,53.0,-2.1366508925579533
1771879180.6276474,3.422521736395367,4.137968020875297,7.2,53.0,-2.137968020875297
1771879180.6317604,3.439785927646616,4.1434059002997605,7.2,53.0,-2.1434059002997605
1771879180.6359632,3.4570205109142864,4.136299984240847,7.2,53.0,-2.136299984240847
1771879180.6401556,3.474369853718343,4.163842272973611,7.2,53.0,-2.1638422729736106
1771879180.6442966,3.4917075775059088,4.161053709015838,7.2,53.0,-2.161053709015838
1771879180.6485054,3.50912395454755,4.179930489993961,7.2,53.0,-2.1799304899939607
1771879180.6526403,3.526528032200842,4.17697863679007,7.2,53.0,-2.1769786367900696
1771879180.656752,3.5439878990285965,4.1903680386610604,7.2,53.0,-2.1903680386610604
1771879180.660958,3.5614342462833557,4.187123341142218,7.2,53.0,-2.187123341142218
1771879180.6650908,3.5789271292263396,4.1982919063161654,7.2,53.0,-2.1982919063161654
1771879180.6692734,3.596411986766688,4.196365809683621,7.2,53.0,-2.1963658096836207
1771879180.673409,3.613941756016627,4.207144619985353,7.2,53.0,-2.2071446199853533
1771879180.6776152,3.6314706633363953,4.206937756744364,7.2,53.0,-2.206937756744364
1771879180.6818237,3.649053461214275,4.219871490691118,7.2,53.0,-2.2198714906911183
1771879180.6860373,3.666648256184232,4.222750792789638,7.2,53.0,-2.222750792789638
1771879180.690129,3.6842581897156856,4.226384047548933,7.2,53.0,-2.226384047548933
1771879180.6942954,3.702051549845563,4.2704064311704935,7.2,53.0,-2.2704064311704935
1771879180.6984105,3.719859852903031,4.273992733792347,7.2,53.0,-2.2739927337923467
1771879180.7026627,3.7377771185648987,4.300143758848309,7.2,53.0,-2.300143758848309
1771879180.7067585,3.7557091928236157,4.3036978220921265,7.2,53.0,-2.3036978220921265
1771879180.710973,3.7737076295067826,4.319624803960113,7.2,53.0,-2.319624803960113
1771879180.7150943,3.791720763530547,4.323152165703427,7.2,53.0,-2.3231521657034273
1771879180.719257,3.8097676866111305,4.331261539340043,7.2,53.0,-2.3312615393400433
1771879180.723431,3.8278292216687566,4.334768413830233,7.2,53.0,-2.3347684138302327
1771879180.7275972,3.8459127286709403,4.340041680524022,7.2,53.0,-2.3400416805240223
1771879180.7317402,3.8640107729336433,4.343530623048723,7.2,53.0,-2.343530623048723
1771879180.7359512,3.8821476556484424,4.352851851551814,7.2,53.0,-2.352851851551814
1771879180.7400706,3.900190419915882,4.330263424185481,7.2,53.0,-2.330263424185481
1771879180.7444894,3.9182530895133985,4.335040703403988,7.2,53.0,-2.3350407034039877
1771879180.748458,3.936386155022463,4.35193572217546,7.2,53.0,-2.35193572217546
1771879180.752656,3.9545173960602655,4.351497849072609,7.2,53.0,-2.351497849072609
1771879180.7568145,3.9727205208042364,4.368749938552981,7.2,53.0,-2.3687499385529813
1771879180.7609499,3.9909372731202124,4.3720205558341885,7.2,53.0,-2.3720205558341885
1771879180.7651558,4.009073033659933,4.352582529533117,7.2,53.0,-2.352582529533117
1771879180.7693024,4.0272266036962545,4.356856808716982,7.2,53.0,-2.356856808716982
1771879180.7734923,4.045288730371457,4.334910402048646,7.2,53.0,-2.3349104020486458
1771879180.7775924,4.063365161196503,4.338343398011193,7.2,53.0,-2.338343398011193
1771879180.7817748,4.081376377457035,4.322691902527647,7.2,53.0,-2.322691902527647
1771879180.785941,4.099505139363602,4.350902857576143,7.2,53.0,-2.350902857576143
1771879180.7901118,4.117572534576606,4.336174851120898,7.2,53.0,-2.336174851120898
1771879180.7942858,4.1357785584757,4.369445735782536,7.2,53.0,-2.369445735782536
1771879180.7984126,4.153939131149216,4.358537441643991,7.2,53.0,-2.358537441643991
1771879180.8026307,4.1722261266855085,4.388878928710089,7.2,53.0,-2.3888789287100893
1771879180.8068323,4.1904809332548485,4.381153576641622,7.2,53.0,-2.381153576641622
1771879180.8109572,4.208813564275609,4.399831444982403,7.2,53.0,-2.3998314449824028
1771879180.815098,4.227248738565076,4.424441829472281,7.2,53.0,-2.424441829472281
1771879180.8192549,4.245748024214664,4.439828555901119,7.2,53.0,-2.4398285559011192
1771879180.8234363,4.2644437371230905,4.486971098022313,7.2,53.0,-2.4869710980223134
1771879180.8276343,4.283061887679027,4.468356133424699,7.2,53.0,-2.468356133424699
1771879180.8317924,4.301827980721393,4.503862330167934,7.2,53.0,-2.5038623301679337
1771879180.8359725,4.320533097231725,4.489227962479611,7.2,53.0,-2.489227962479611
1771879180.8401191,4.33930309416847,4.50479926481866,7.2,53.0,-2.5047992648186597
1771879180.8442502,4.357938161173323,4.472416081164949,7.2,53.0,-2.4724160811649494
1771879180.8484664,4.376607208282141,4.48057130611619,7.2,53.0,-2.4805713061161896
1771879180.8526351,4.395277283534961,4.480818060676891,7.2,53.0,-2.4808180606768913
1771879180.8568316,4.413960859652008,4.484058268091291,7.2,53.0,-2.4840582680912906
1771879180.8609452,4.432654625159505,4.486503721799267,7.2,53.0,-2.4865037217992674
1771879180.8650692,4.451361841780388,4.489731989011885,7.2,53.0,-2.4897319890118847
1771879180.869349,4.470048891977948,4.484892047414322,7.2,53.0,-2.4848920474143217
1771879180.8735158,4.488749364737389,4.488113462265992,7.2,53.0,-2.488113462265992
1771879180.8778229,4.507448454028212,4.487781429797357,7.2,53.0,-2.487781429797357
1771879180.8820157,4.526227083646129,4.506871108300097,7.2,53.0,-2.506871108300097
1771879180.885998,4.545005552233695,4.506832461015943,7.2,53.0,-2.506832461015943
1771879180.8902912,4.563911701149042,4.537475739683193,7.2,53.0,-2.5374757396831926
1771879180.8943539,4.582823806799129,4.538905356020841,7.2,53.0,-2.538905356020841
1771879180.8986714,4.601707337652271,4.5320474047540795,7.2,53.0,-2.5320474047540795
1771879180.9029298,4.6207194452360945,4.5629058201176145,7.2,53.0,-2.5629058201176145
1771879180.906869,4.639708168124329,4.557293493176294,7.2,53.0,-2.557293493176294
1771879180.9109735,4.65877182221968,4.575276982884083,7.2,53.0,-2.575276982884083
1771879180.9152057,4.677796775537168,4.5659887961972,7.2,53.0,-2.5659887961971997
1771879180.9194767,4.696892921316732,4.583074987095571,7.2,53.0,-2.5830749870955714
1771879180.9235497,4.715969080297261,4.578278155326776,7.2,53.0,-2.5782781553267764
1771879180.9278352,4.735477643808326,4.682055242655732,7.2,53.0,-2.682055242655732
1771879180.9321597,4.755313729888075,4.760660659139758,7.2,53.0,-2.7606606591397584
1771879180.9362926,4.775337635715996,4.805737398700883,7.2,53.0,-2.8057373987008827
1771879180.9404523,4.795487454379665,4.83595647928052,7.2,53.0,-2.8359564792805196
1771879180.9445071,4.815831459337556,4.882561189893771,7.2,53.0,-2.882561189893771
1771879180.9486442,4.836270034586556,4.905258059759882,7.2,53.0,-2.9052580597598823
1771879180.9528003,4.856750011775569,4.915194525363081,7.2,53.0,-2.9151945253630807
1771879180.9569306,4.877323765450523,4.9377008819891,7.2,53.0,-2.9377008819891
1771879180.9611146,4.897922246278148,4.943635398630122,7.2,53.0,-2.9436353986301222
1771879180.9651632,4.918566169183868,4.954541497372733,7.2,53.0,-2.954541497372733
1771879180.96934,4.939237872394875,4.961208770641678,7.2,53.0,-2.9612087706416776
1771879180.9735985,4.959890705896514,4.956680040393519,7.2,53.0,-2.956680040393519
1771879180.9777308,4.980627609012994,4.9768567479550825,7.2,53.0,-2.9768567479550825
1771879180.9818232,5.00133866021942,4.970652289542333,7.2,53.0,-2.9706522895423326
1771879180.986027,5.022053943773783,4.971668053047125,7.2,53.0,-2.971668053047125
1771879180.9901438,5.042784881644017,4.975425088856014,7.2,53.0,-2.9754250888560136
1771879180.9943142,5.063481261993388,4.967131283849262,7.2,53.0,-2.9671312838492616
1771879180.9985042,5.0841406234905815,4.95824675932645,7.2,53.0,-2.9582467593264496
1771879181.0028007,5.10476046036871,4.948760850750841,7.2,53.0,-2.9487608507508414
1771879181.0070224,5.125378374335253,4.948299351970387,7.2,53.0,-2.9482993519703866
1771879181.0109217,5.145950734740581,4.937366497278742,7.2,53.0,-2.9373664972787417
1771879181.0151436,5.166597931387741,4.955327195318257,7.2,53.0,-2.955327195318257
1771879181.019295,5.1872278331166,4.9511764149262145,7.2,53.0,-2.9511764149262145
1771879181.023548,5.207901536708522,4.961688862061379,7.2,53.0,-2.9616888620613793
1771879181.027679,5.228388662847959,4.916910273464796,7.2,53.0,-2.9169102734647963
1771879181.0319192,5.248811090180227,4.901382559744462,7.2,53.0,-2.9013825597444622
1771879181.036007,5.269099275176846,4.869164399188707,7.2,53.0,-2.8691643991887066
1771879181.0402043,5.288109479897681,4.562449133000354,7.2,53.0,-2.562449133000354
1771879181.0443976,5.306223409981668,4.347343220156921,7.2,53.0,-2.3473432201569207
1771879181.048574,5.3229632149108905,4.017553183013257,7.2,53.0,-2.0175531830132574
1771879181.0526721,5.3391085841478185,3.87488861686264,7.2,53.0,-1.87488861686264
1771879181.0568945,5.3546920935594695,3.740042258796274,7.2,53.0,-1.740042258796274
1771879181.060979,5.3698615087688575,3.6406596502530952,7.2,53.0,-1.6406596502530952
1771879181.0653496,5.384560547466288,3.527769287383269,7.2,53.0,-1.527769287383269
1771879181.0693953,5.3989582292738865,3.455443633823603,7.2,53.0,-1.4554436338236032
1771879181.0734992,5.413290650888828,3.439781187586055,7.2,53.0,-1.4397811875860551
1771879181.0778182,5.42736543166389,3.3779473860149505,7.2,53.0,-1.3779473860149505
1771879181.0819452,5.441401788226216,3.368725574958098,7.2,53.0,-1.368725574958098
1771879181.0861156,5.455202505061488,3.3121720404653323,7.2,53.0,-1.3121720404653323
1771879181.0901806,5.468983851238501,3.3075230824832293,7.2,53.0,-1.3075230824832293
1771879181.094326,5.482545671452385,3.254836851332382,7.2,53.0,-1.254836851332382
1771879181.098616,5.496067758245944,3.245300830454204,7.2,53.0,-1.245300830454204
1771879181.1027544,5.509370696244175,3.192705119575356,7.2,53.0,-1.192705119575356
1771879181.1068947,5.522667256212661,3.1911743924366407,7.2,53.0,-1.1911743924366407
1771879181.1110108,5.535871480648111,3.1690138645078423,7.2,53.0,-1.1690138645078423
1771879181.115194,5.549060055247388,3.1652579038265567,7.2,53.0,-1.1652579038265567
1771879181.1192894,5.562259325309571,3.1678248149241135,7.2,53.0,-1.1678248149241135
1771879181.123515,5.575433521441577,3.161807071681365,7.2,53.0,-1.1618070716813649
1771879181.1276557,5.588618351258052,3.164359155953925,7.2,53.0,-1.164359155953925
1771879181.1319895,5.601767174530343,3.155717585349771,7.2,53.0,-1.155717585349771
1771879181.1359465,5.614926606685648,3.1582637172731993,7.2,53.0,-1.1582637172731993
1771879181.14018,5.628022663719123,3.143053688033952,7.2,53.0,-1.1430536880339521
1771879181.1443667,5.6411284465130755,3.1453878705485794,7.2,53.0,-1.1453878705485794
1771879181.1484973,5.654192991573846,3.1354908145848848,7.2,53.0,-1.1354908145848848
1771879181.1527884,5.667252367707878,3.13425027216762,7.2,53.0,-1.1342502721676202
1771879181.1567965,5.680254881616486,3.120603338066055,7.2,53.0,-1.1206033380660552
1771879181.160987,5.693238333672637,3.1160284934761453,7.2,53.0,-1.1160284934761453
1771879181.1650937,5.706228737221172,3.1176968516485513,7.2,53.0,-1.1176968516485513
1771879181.1693065,5.719172591779234,3.1065250939347195,7.2,53.0,-1.1065250939347195
1771879181.1734886,5.732115692786578,3.1063442417625238,7.2,53.0,-1.1063442417625238
1771879181.1776495,5.744944628250438,3.0789445113263216,7.2,53.0,-1.0789445113263216
1771879181.181855,5.7577556611204965,3.0746478888141877,7.2,53.0,-1.0746478888141877
1771879181.1859474,5.770526789200128,3.065070739111556,7.2,53.0,-1.065070739111556
1771879181.1901722,5.783262858130013,3.0566565431725055,7.2,53.0,-1.0566565431725055
1771879181.194354,5.795932909002513,3.0408122093999563,7.2,53.0,-1.0408122093999563
1771879181.1984935,5.808520882781406,3.0211137069344085,7.2,53.0,-1.0211137069344085
1771879181.202747,5.821096829870223,3.0182273013161054,7.2,53.0,-1.0182273013161054
1771879181.2068098,5.833644983180509,3.011556794468663,7.2,53.0,-1.011556794468663
1771879181.2110183,5.846156077760441,3.0026626991838086,7.2,53.0,-1.0026626991838086
1771879181.2151377,5.858600283998483,2.9866094971300905,7.2,53.0,-0.9866094971300905
1771879181.2193065,5.870969037954427,2.9685009494263372,7.2,53.0,-0.9685009494263372
1771879181.223499,5.883323958735268,2.965180987401812,7.2,53.0,-0.965180987401812
1771879181.227702,5.895635538380025,2.954779114741698,7.2,53.0,-0.9547791147416982
1771879181.2318907,5.907904607466193,2.9445765806802218,7.2,53.0,-0.9445765806802218
1771879181.2360222,5.920092191746487,2.925020227270488,7.2,53.0,-0.9250202272704882
1771879181.2401648,5.932163248961925,2.897053731705227,7.2,53.0,-0.8970537317052272
1771879181.2443166,5.94421230279591,2.8917729201565154,7.2,53.0,-0.8917729201565154
1771879181.2484796,5.956211196042187,2.8797343791062002,7.2,53.0,-0.8797343791062002
1771879181.252733,5.968157206683337,2.8670425538759767,7.2,53.0,-0.8670425538759767
1771879181.2568834,5.980003411883843,2.84308924812163,7.2,53.0,-0.8430892481216299
1771879181.260951,5.991728001445144,2.813901494712042,7.2,53.0,-0.813901494712042
1771879181.2651255,6.003424349219333,2.8071234658054376,7.2,53.0,-0.8071234658054376
1771879181.2694135,6.015055270630512,2.7914211386828436,7.2,53.0,-0.7914211386828436
1771879181.2735734,6.026623099138922,2.7762788420183218,7.2,53.0,-0.7762788420183218
1771879181.2776423,6.038177036895173,2.7729450615003484,7.2,53.0,-0.7729450615003484
1771879181.281786,6.049685536902642,2.762040001792445,7.2,53.0,-0.7620400017924451
1771879181.2859726,6.061145621421476,2.7504202845201076,7.2,53.0,-0.7504202845201076
1771879181.2902017,6.072514562277939,2.7285458055510343,7.2,53.0,-0.7285458055510343
1771879181.2943068,6.083762354405649,2.699470110650321,7.2,53.0,-0.6994701106503212
1771879181.2984753,6.09492687479761,2.6794848940706935,7.2,53.0,-0.6794848940706935
1771879181.3026607,6.106031892870875,2.665204337583504,7.2,53.0,-0.665204337583504
1771879181.306842,6.11706359129602,2.647607622034766,7.2,53.0,-0.6476076220347662
1771879181.3110785,6.128073180657502,2.6423014467556474,7.2,53.0,-0.6423014467556474
1771879181.3151784,6.13903754522089,2.6314474952131097,7.2,53.0,-0.6314474952131097
1771879181.3193715,6.1499391273868405,2.616379719828236,7.2,53.0,-0.6163797198282359
1771879181.323463,6.160746185483013,2.593693943081367,7.2,53.0,-0.5936939430813668
1771879181.3277068,6.171485282822843,2.577383361559227,7.2,53.0,-0.5773833615592272
1771879181.3318286,6.182166516524589,2.563496088419025,7.2,53.0,-0.5634960884190252
1771879181.3360503,6.192777317606805,2.54659225973202,7.2,53.0,-0.5465922597320199
1771879181.340199,6.203365942780189,2.541270041612105,7.2,53.0,-0.5412700416121048
1771879181.344316,6.213901417055483,2.528513826070795,7.2,53.0,-0.5285138260707951
1771879181.3485384,6.224368367232673,2.5120680425255224,7.2,53.0,-0.5120680425255224
1771879181.3527572,6.234725304333293,2.4856649041488224,7.2,53.0,-0.48566490414882235
1771879181.3568847,6.245040148538053,2.4755626091425147,7.2,53.0,-0.4755626091425147
1771879181.36098,6.255291023330638,2.4602099502201153,7.2,53.0,-0.46020995022011535
1771879181.3651288,6.265450541007759,2.438284242509042,7.2,53.0,-0.4382842425090421
1771879181.369402,6.275580613672317,2.4312174394938966,7.2,53.0,-0.43121743949389657
1771879181.3736124,6.285644145865897,2.415247726459139,7.2,53.0,-0.415247726459139
1771879181.3818552,6.305500147339241,2.37940665005122,7.2,53.0,-0.3794066500512199
1771879181.3902586,6.325105596128891,2.3425813613533113,7.2,53.0,-0.3425813613533113
1771879181.3985195,6.344495571906896,2.318461723263621,7.2,53.0,-0.3184617232636211
1771879181.4067695,6.363740812395626,2.306426077337964,7.2,53.0,-0.3064260773379641
1771879181.4150944,6.382795428174972,2.2835630986211424,7.2,53.0,-0.2835630986211424
1771879181.423511,6.401653222906262,2.25411260519941,7.2,53.0,-0.2541126051994098
1771879181.4318063,6.4202826008845415,2.2263174583485896,7.2,53.0,-0.22631745834858963
1771879181.4401388,6.438990562064754,2.265628078537083,7.2,53.0,-0.26562807853708303
1771879181.4484875,6.458060028416597,2.3095139277802326,7.2,53.0,-0.30951392778023257
1771879181.456843,6.477743388794831,2.369699053408547,7.2,53.0,-0.36969905340854714
1771879181.4610384,6.487781003861768,2.409027616064851,7.2,53.0,-0.40902761606485116
1771879181.4651566,6.497904490325871,2.4296367513847303,7.2,53.0,-0.42963675138473034
1771879181.4693186,6.508029474645429,2.4299962366940546,7.2,53.0,-0.4299962366940546
1771879181.4736075,6.5182351002678915,2.4493501493908574,7.2,53.0,-0.4493501493908574
1771879181.4776866,6.528422171381244,2.4448970672046055,7.2,53.0,-0.44489706720460553
1771879181.4818718,6.538603462949268,2.4435099763259043,7.2,53.0,-0.4435099763259043
1771879181.4860127,6.548862265931488,2.4621127157327085,7.2,53.0,-0.4621127157327085
1771879181.4901648,6.559106005493296,2.4584974948339173,7.2,53.0,-0.45849749483391733
1771879181.494379,6.569328886504993,2.4534914428071417,7.2,53.0,-0.4534914428071417
1771879181.49856,6.579480595690291,2.436410204471571,7.2,53.0,-0.4364102044715712
1771879181.5027301,6.5896442149738,2.439268628042147,7.2,53.0,-0.43926862804214695
1771879181.5068426,6.599748713015761,2.425079530070564,7.2,53.0,-0.4250795300705641
1771879181.5109801,6.609754247615759,2.401328303999398,7.2,53.0,-0.401328303999398
1771879181.519353,6.629632278807346,2.3780848376274406,7.2,53.0,-0.3780848376274406
1771879181.5276833,6.649395416370059,2.36801328962532,7.2,53.0,-0.3680132896253201
1771879181.5360148,6.668967301161236,2.346534039202523,7.2,53.0,-0.3465340392025231
1771879181.5443265,6.688313989837788,2.311052463569045,7.2,53.0,-0.31105246356904503
1771879181.5526493,6.707419242220819,2.2816356180262645,7.2,53.0,-0.28163561802626447
1771879181.5609894,6.726097995564308,2.229610078001625,7.2,53.0,-0.2296100780016248
1771879181.5693488,6.744346536804133,2.1755654740698547,7.2,53.0,-0.17556547406985468
1771879181.5776863,6.762404724343613,2.167633485406852,7.2,53.0,-0.16763348540685197
1771879181.5860224,6.780315231268111,2.142843413451948,7.2,53.0,-0.14284341345194784
1771879181.594365,6.798069763922762,2.1225018826704196,7.2,53.0,-0.12250188267041962
1771879181.6026518,6.815550529650955,2.095479138500952,7.2,53.0,-0.09547913850095213
1771879181.611087,6.8328763252476525,2.0780529963265293,7.2,53.0,-0.07805299632652929
1771879181.6193478,6.850084744780178,2.0667596568705147,7.2,53.0,-0.06675965687051466
1771879181.6277614,6.867537522019557,2.1030795806280635,7.2,53.0,-0.10307958062806355
1771879181.6359682,6.885034357583556,2.1014234348866814,7.2,53.0,-0.10142343488668137
1771879181.6444323,6.902524362822752,2.0937142658637042,7.2,53.0,-0.09371426586370424
1771879181.652701,6.919978059535276,2.087423988963609,7.2,53.0,-0.08742398896360903
1771879181.6610303,6.937130959616508,2.0542594772056777,7.2,53.0,-0.0542594772056777
1771879181.6693757,6.954139052416864,2.02659632178334,7.2,53.0,-0.026596321783340038
1771879181.6776974,6.970864873932904,2.0027429574578526,7.2,53.0,-0.0027429574578525795
1771879181.6860018,6.987310883493297,1.9631094743818884,7.2,53.0,0.03689052561811157
1771879181.6943116,7.003667245083398,1.9626534893077865,7.2,53.0,0.03734651069221351
1771879181.702791,7.01984474497867,1.9317921863942142,7.2,53.0,0.06820781360578576
1771879181.7109764,7.03603674646604,1.9502215123425444,7.2,53.0,0.04977848765745563
1771879181.719374,7.052265839536711,1.9411478253670518,7.2,53.0,0.05885217463294823
1771879181.7277524,7.0683871287735895,1.926539672007478,7.2,53.0,0.07346032799252189
1771879181.7360187,7.0842062103829315,1.8948466936936335,7.2,53.0,0.10515330630636655
1771879181.744398,7.099964507586519,1.887347221755098,7.2,53.0,0.11265277824490205
1771879181.7527363,7.11541625164963,1.84163021811089,7.2,53.0,0.1583697818891101
1771879181.761042,7.130775611777378,1.841731209377729,7.2,53.0,0.15826879062227106
1771879181.7694924,7.145942021779789,1.8160498206405526,7.2,53.0,0.18395017935944735
1771879181.7777424,7.16102674170717,1.804514957198752,7.2,53.0,0.195485042801248
1771879181.786107,7.176017184651878,1.7979614114480569,7.2,53.0,0.20203858855194312
1771879181.7944112,7.1910231215689455,1.794861203516577,7.2,53.0,0.20513879648342304
1771879181.8027315,7.205749550748421,1.7645456789365044,7.2,53.0,0.23545432106349562
1771879181.8111799,7.220415871816257,1.754902145883252,7.2,53.0,0.2450978541167479
1771879181.8193245,7.2348909672057795,1.7358448635085815,7.2,53.0,0.26415513649141853
1771879181.8277552,7.249380802766539,1.740059467750381,7.2,53.0,0.2599405322496191
1771879181.8360388,7.263757373574204,1.7194682651608388,7.2,53.0,0.28053173483916116
1771879181.8443809,7.27817560090861,1.741212508008591,7.2,53.0,0.25878749199140905
1771879181.8528152,7.292505674012699,1.7032453306069872,7.2,53.0,0.29675466939301276
1771879181.8610096,7.306545687191599,1.6832182648016112,7.2,53.0,0.3167817351983888
1771879181.8694587,7.320490452089952,1.6664190331177358,7.2,53.0,0.33358096688226424
1771879181.8778088,7.334314131037471,1.6602959648254536,7.2,53.0,0.3397040351745464
1771879181.886042,7.348110884571673,1.6486105523237042,7.2,53.0,0.35138944767629576
1771879181.8943298,7.36165502424927,1.6188175941205896,7.2,53.0,0.38118240587941044
1771879181.9027324,7.375033120813178,1.5958111756626534,7.2,53.0,0.4041888243373466
1771879181.9112518,7.388037306792798,1.5591915706917137,7.2,53.0,0.44080842930828634
1771879181.919427,7.401073618854577,1.5647011906435448,7.2,53.0,0.43529880935645515
1771879181.9276989,7.413973696386324,1.5390273720678906,7.2,53.0,0.46097262793210936
1771879181.9360123,7.426748239838587,1.5349781711027926,7.2,53.0,0.46502182889720745
1771879181.944406,7.439552355449175,1.530680375386165,7.2,53.0,0.4693196246138349
1771879181.9527361,7.452197641571578,1.5129958777570596,7.2,53.0,0.48700412224294043
1771879181.9611835,7.4646668269530165,1.4897261323367772,7.2,53.0,0.5102738676632228
1771879181.969437,7.476798160226036,1.4395256709633582,7.2,53.0,0.5604743290366418
1771879181.9777577,7.488794412662261,1.4439453878064334,7.2,53.0,0.5560546121935666
1771879181.9860864,7.5006946441152476,1.4219287370579794,7.2,53.0,0.5780712629420206
1771879181.994505,7.512428206353405,1.4040384420286813,7.2,53.0,0.5959615579713187
1771879182.0027735,7.524169841519602,1.406615464717554,7.2,53.0,0.5933845352824461
1771879182.0110428,7.535849280056286,1.3942125834897152,7.2,53.0,0.6057874165102848
1771879182.019401,7.547425578120253,1.3899298040066037,7.2,53.0,0.6100701959933963
1771879182.027759,7.559061948426252,1.3888752070924584,7.2,53.0,0.6111247929075416
1771879182.0362074,7.570408385121455,1.3578654489470638,7.2,53.0,0.6421345510529362
1771879182.044416,7.581791875943015,1.3675103459775888,7.2,53.0,0.6324896540224112
1771879182.0526805,7.5930829139590665,1.3498908369388942,7.2,53.0,0.6501091630611058
1771879182.0610757,7.60427048742558,1.3396971907647597,7.2,53.0,0.6603028092352403
1771879182.0695405,7.6153768564936115,1.327231072233219,7.2,53.0,0.672768927766781
1771879182.0777977,7.626122746951056,1.278085046549075,7.2,53.0,0.721914953450925
1771879182.08603,7.636741168651744,1.276017885445278,7.2,53.0,0.7239821145547221
1771879182.0943632,7.647445436306858,1.2817906382366644,7.2,53.0,0.7182093617633356
1771879182.1028001,7.6578804909906335,1.2389840749067986,7.2,53.0,0.7610159250932014
1771879182.111272,7.668178461991325,1.2390386443110386,7.2,53.0,0.7609613556889614
1771879182.1194563,7.678456541272499,1.2341654345406345,7.2,53.0,0.7658345654593655
1771879182.1277719,7.688507110897689,1.1989868186136137,7.2,53.0,0.8010131813863863
1771879182.1402261,7.703415465122065,1.1930902214193246,7.2,53.0,0.8069097785806754
1771879182.1486547,7.7134381734221265,1.2036267518615442,7.2,53.0,0.7963732481384558
1771879182.1611083,7.728277606067205,1.1913571410769819,7.2,53.0,0.8086428589230181
1771879182.1694465,7.738330682227037,1.2032757568859191,7.2,53.0,0.7967242431140809
1771879182.181825,7.753269012820983,1.1867079114775942,7.2,53.0,0.8132920885224058
1771879182.194439,7.768208066581052,1.1870429890813037,7.2,53.0,0.8129570109186963
1771879182.2069104,7.782684682657641,1.146049673733686,7.2,53.0,0.853950326266314
1771879182.2193255,7.796865623884979,1.1243145998922877,7.2,53.0,0.8756854001077123
1771879182.2319145,7.81015659872866,1.0447901377663908,7.2,53.0,0.9552098622336092
1771879182.2444527,7.823093612862425,1.0332954868370525,7.2,53.0,0.9667045131629475
1771879182.2568223,7.835685691746814,0.9902370466480163,7.2,53.0,1.0097629533519838
1771879182.2693365,7.847851922374505,0.968400913934019,7.2,53.0,1.031599086065981
1771879182.28184,7.859854970014055,0.9486297509085869,7.2,53.0,1.0513702490914132
1771879182.29435,7.870968446627778,0.8633617409280313,7.2,53.0,1.1366382590719688
1771879182.306856,7.881496046509921,0.837317352420382,7.2,53.0,1.1626826475796181
1771879182.3193643,7.891829335899777,0.8149876604286705,7.2,53.0,1.1850123395713295
1771879182.3360646,7.9044970944757145,0.7431348144759838,7.2,53.0,1.256865185524016
1771879182.352675,7.916767147640776,0.7339479805592695,7.2,53.0,1.2660520194407305
1771879182.3693192,7.92852732496254,0.6852043052568191,7.2,53.0,1.314795694743181
1771879182.3860168,7.939385689992475,0.6261535532812006,7.2,53.0,1.3738464467187994
1771879182.4068656,7.951740884296185,0.5658329535998737,7.2,53.0,1.4341670464001264
1771879182.4277258,7.962468906938998,0.4783712248183673,7.2,53.0,1.5216287751816326
1771879182.4527109,7.9737103197211106,0.42937757624044637,7.2,53.0,1.5706224237595536
1771879182.48197,7.984543358999085,0.32044321373132706,7.2,53.0,1.6795567862686729
1771879182.523669,7.994863172111912,0.22247631014405841,7.2,53.0,1.7775236898559417
1771879182.5484815,8.006985030948469,0.5979679133060634,7.2,53.0,1.4020320866939366
1771879182.5652533,8.018032874152366,0.6828688258043866,7.2,53.0,1.3171311741956133
1771879182.5818841,8.029761341889216,0.6955693307058345,7.2,53.0,1.3044306692941654
1771879182.5985484,8.040760477471396,0.6484079170375828,7.2,53.0,1.351592082962417
1771879182.6152287,8.051676713065616,0.6454008353655161,7.2,53.0,1.354599164634484
1771879182.6360123,8.063690620408654,0.5395151144090845,7.2,53.0,1.4604848855909154
1771879182.6569035,8.074507714837447,0.5097061119353701,7.2,53.0,1.49029388806463
1771879182.677689,8.086339238614316,0.5899845969231723,7.2,53.0,1.4100154030768277
1771879182.6986086,8.098686878762761,0.5955546082000434,7.2,53.0,1.4044453917999566
1771879182.7193832,8.110933301775628,0.5680718538622562,7.2,53.0,1.4319281461377438
1771879182.7402487,8.121725144824664,0.4935223905693205,7.2,53.0,1.5064776094306795
1771879182.7610807,8.133003524269903,0.5576706899819436,7.2,53.0,1.4423293100180565
1771879182.7820647,8.143467981388243,0.41783635017960824,7.2,53.0,1.5821636498203917
1771879182.811153,8.153531376569088,0.3201785142540892,7.2,53.0,1.6798214857459108
1771879182.8443837,8.164243668790398,0.31415342744300306,7.2,53.0,1.6858465725569969
1771879182.873527,8.174370735677888,0.35976560661559753,7.2,53.0,1.6402343933844024
1771879182.902721,8.185062347341463,0.376078782197783,7.2,53.0,1.6239212178022169
1771879182.9320195,8.196671308907801,0.4093457657973593,7.2,53.0,1.5906542342026406
1771879182.956914,8.207095984591238,0.45217888944985263,7.2,53.0,1.5478211105501474
1771879182.9819908,8.218778613147732,0.5021807143017041,7.2,53.0,1.497819285698296
1771879183.0027828,8.229409440001259,0.5169232886792076,7.2,53.0,1.4830767113207926
1771879183.023555,8.241053226861663,0.5779746502351846,7.2,53.0,1.4220253497648154
1771879183.0401788,8.251168124590897,0.6171964427350957,7.2,53.0,1.3828035572649044
1771879183.0569088,8.262369532966371,0.705928534808636,7.2,53.0,1.2940714651913638
1771879183.073499,8.274718259554456,0.7842781052389228,7.2,53.0,1.215721894761077
1771879183.0901995,8.287993865933231,0.7867822148682041,7.2,53.0,1.2132177851317958
1771879183.1027234,8.298030130666005,0.8082760192523566,7.2,53.0,1.1917239807476434
1771879183.1152296,8.308488562055686,0.8470276212904505,7.2,53.0,1.1529723787095496
1771879183.1279476,8.319360582653978,0.8662693716453093,7.2,53.0,1.1337306283546909
1771879183.1402097,8.330683425256654,0.9308767781300905,7.2,53.0,1.0691232218699094
1771879183.1527038,8.342667582468556,0.9710469335759545,7.2,53.0,1.0289530664240454
1771879183.1653712,8.355038641024993,0.9850178022920836,7.2,53.0,1.0149821977079165
1771879183.1777313,8.367466708430937,0.9918787134736202,7.2,53.0,1.0081212865263798
1771879183.190228,8.380212433127245,1.0382262929959545,7.2,53.0,0.9617737070040455
1771879183.2028759,8.393484838663793,1.0791060133482144,7.2,53.0,0.9208939866517856
1771879183.215277,8.407397681014945,1.1171929433596581,7.2,53.0,0.8828070566403419
1771879183.2277253,8.421612585926827,1.1418196750898322,7.2,53.0,0.8581803249101678
1771879183.2401595,8.436042905927724,1.1703232187388435,7.2,53.0,0.8296767812611565
1771879183.2527568,8.45082308508201,1.2136357131637963,7.2,53.0,0.7863642868362037
1771879183.2610383,8.460978464972163,1.2169736705520537,7.2,53.0,0.7830263294479463
1771879183.2693486,8.471414055874003,1.2751954502734646,7.2,53.0,0.7248045497265354
1771879183.2777674,8.48199427115662,1.2703877692996395,7.2,53.0,0.7296122307003605
1771879183.2860553,8.492787673099006,1.2974838619884994,7.2,53.0,0.7025161380115006
1771879183.2944658,8.503577400780271,1.2981918153130099,7.2,53.0,0.7018081846869901
1771879183.3027847,8.514405558203338,1.3074580871297896,7.2,53.0,0.6925419128702104
1771879183.3110862,8.525621354288813,1.3536917078336888,7.2,53.0,0.6463082921663112
1771879183.3194191,8.536872780206734,1.3546842221872804,7.2,53.0,0.6453157778127196
1771879183.3276691,8.548396356378717,1.3857820324539118,7.2,53.0,0.6142179675460882
1771879183.3360054,8.560101047315731,1.4163591243556353,7.2,53.0,0.5836408756443647
1771879183.344316,8.571928851013432,1.4166410642506684,7.2,53.0,0.5833589357493316
1771879183.352688,8.583887899510387,1.4478385287436626,7.2,53.0,0.5521614712563374
1771879183.361055,8.596215173062097,1.4886474403318948,7.2,53.0,0.5113525596681052
1771879183.3693454,8.608663597964727,1.4927353027650743,7.2,53.0,0.5072646972349257
1771879183.3778448,8.621156956366903,1.510649087664741,7.2,53.0,0.48935091233525907
1771879183.386035,8.633934074584728,1.5300103120142838,7.2,53.0,0.46998968798571616
1771879183.3943527,8.646723156907711,1.5449801898425466,7.2,53.0,0.4550198101574534
1771879183.4026768,8.659812175811622,1.5739688450625196,7.2,53.0,0.42603115493748045
1771879183.411063,8.672929771378366,1.5831055993655543,7.2,53.0,0.4168944006344457
1771879183.4196732,8.686223165263876,1.5954629896037582,7.2,53.0,0.4045370103962418
1771879183.4276943,8.699659820919516,1.6225884560433512,7.2,53.0,0.3774115439566488
1771879183.4361358,8.713270196242139,1.627011264042534,7.2,53.0,0.37298873595746596
1771879183.4444125,8.726941818060851,1.6535623172077247,7.2,53.0,0.34643768279227527
1771879183.452779,8.74112014866073,1.7003725821879845,7.2,53.0,0.2996274178120155
1771879183.4610174,8.755313536019898,1.7064907019155386,7.2,53.0,0.29350929808446136
1771879183.469373,8.7698526096211,1.7417644117100781,7.2,53.0,0.2582355882899219
1771879183.4778037,8.784247809964496,1.7267478382796535,7.2,53.0,0.2732521617203465
1771879183.486062,8.79896582285528,1.7692805009613557,7.2,53.0,0.2307194990386443
1771879183.4943793,8.813622161885103,1.7584627571261866,7.2,53.0,0.2415372428738134
1771879183.5027378,8.828687371914931,1.8221887572690731,7.2,53.0,0.17781124273092686
1771879183.5110133,8.84390109130426,1.8228298863807144,7.2,53.0,0.17717011361928559
1771879183.519423,8.859306767879094,1.8580779838161625,7.2,53.0,0.14192201618383748
1771879183.5277095,8.874781365009557,1.8495064353318065,7.2,53.0,0.15049356466819352
1771879183.536112,8.890319879830615,1.8666563111272767,7.2,53.0,0.1333436888727233
1771879183.5443447,8.906122796019323,1.8995558657058227,7.2,53.0,0.10044413429417731
1771879183.5527236,8.92206616522016,1.9123685553713605,7.2,53.0,0.08763144462863948
1771879183.5611334,8.938177207093677,1.936600608756214,7.2,53.0,0.06339939124378602
1771879183.5694427,8.954322051069957,1.9394517127164719,7.2,53.0,0.060548287283528124
1771879183.5777676,8.970626170614482,1.959702739228512,7.2,53.0,0.040297260771487986
1771879183.586105,8.986935881746861,1.9593670464228568,7.2,53.0,0.04063295357714325
1771879183.5943651,9.003403820446955,1.9884671660686548,7.2,53.0,0.011532833931345188
1771879183.6027443,9.020022698514277,2.0032343701088764,7.2,53.0,-0.0032343701088763943
1771879183.6110232,9.03679277091908,2.021520286404498,7.2,53.0,-0.0215202864044981
1771879183.61933,9.054083188086233,2.089317310840801,7.2,53.0,-0.08931731084080097
1771879183.6277666,9.071526157276391,2.096359048746472,7.2,53.0,-0.09635904874647183
1771879183.6360435,9.08926953470118,2.146967058255859,7.2,53.0,-0.14696705825585887
1771879183.6443737,9.10717989120976,2.1523767017927176,7.2,53.0,-0.15237670179271756
1771879183.6527956,9.125130271889073,2.1629390382583407,7.2,53.0,-0.16293903825834066
1771879183.6610315,9.143172637712674,2.1682611012817254,7.2,53.0,-0.16826110128172544
1771879183.6696458,9.161047337670707,2.144775968999221,7.2,53.0,-0.14477596899922096
1771879183.6777196,9.179120600251158,2.171879626026147,7.2,53.0,-0.17187962602614704
1771879183.6861,9.197193331366023,2.173251552432364,7.2,53.0,-0.1732515524323639
1771879183.694403,9.215682233696228,2.221739139218093,7.2,53.0,-0.22173913921809296
1771879183.7028217,9.234109435955302,2.208337591153731,7.2,53.0,-0.20833759115373107
1771879183.7110925,9.252953889803447,2.275745858427539,7.2,53.0,-0.27574585842753896
1771879183.7193294,9.271902215066904,2.2742052477039287,7.2,53.0,-0.27420524770392873
1771879183.7277372,9.291065174754788,2.3007848910898185,7.2,53.0,-0.30078489108981854
1771879183.7360427,9.310178180278129,2.292672026954822,7.2,53.0,-0.292672026954822
1771879183.7443957,9.329515932443934,2.3217475432308943,7.2,53.0,-0.3217475432308943
1771879183.7528157,9.34901061907722,2.341888115157143,7.2,53.0,-0.3418881151571429
1771879183.7610166,9.368583875945493,2.358771779761413,7.2,53.0,-0.35877177976141317
1771879183.7693806,9.388418479998084,2.3831494345826463,7.2,53.0,-0.3831494345826463
1771879183.7776835,9.408306648517136,2.394626090699826,7.2,53.0,-0.394626090699826
1771879183.7818778,9.418337559872269,2.4074187252315498,7.2,53.0,-0.40741872523154976
1771879183.7861037,9.42839015581799,2.41262302697298,7.2,53.0,-0.4126230269729798
1771879183.7944298,9.448417020416281,2.4119129968449444,7.2,53.0,-0.4119129968449444
1771879183.798515,9.458597378431806,2.4432859237258633,7.2,53.0,-0.4432859237258633
1771879183.8027027,9.468820343294581,2.453511567066061,7.2,53.0,-0.453511567066061
1771879183.806932,9.479130328939469,2.474396554773051,7.2,53.0,-0.4743965547730511
1771879183.81108,9.489480681972722,2.4840847279809353,7.2,53.0,-0.48408472798093527
1771879183.815281,9.499860692441752,2.4912025125670305,7.2,53.0,-0.4912025125670305
1771879183.8193111,9.510228628077504,2.4883045525803773,7.2,53.0,-0.4883045525803773
1771879183.8235674,9.520658585487846,2.503189778481905,7.2,53.0,-0.503189778481905
1771879183.827799,9.5311130309159,2.5090669027332906,7.2,53.0,-0.5090669027332906
1771879183.8319466,9.541622244629748,2.5222112913233112,7.2,53.0,-0.5222112913233112
1771879183.8360531,9.552136327756608,2.523379950446496,7.2,53.0,-0.523379950446496
1771879183.8401794,9.562701708142525,2.5356912926197186,7.2,53.0,-0.5356912926197186
1771879183.8444328,9.57331554584232,2.547321047950612,7.2,53.0,-0.5473210479506121
1771879183.8486538,9.583966757481498,2.5562907934027543,7.2,53.0,-0.5562907934027543
1771879183.8527448,9.594641128946169,2.5618491515210966,7.2,53.0,-0.5618491515210966
1771879183.8569198,9.605235912527997,2.5427480596386145,7.2,53.0,-0.5427480596386145
1771879183.8609982,9.615873364849353,2.5529885571254374,7.2,53.0,-0.5529885571254374
1771879183.8651962,9.626735939637035,2.6070179490438194,7.2,53.0,-0.6070179490438194
1771879183.8694146,9.637610269045869,2.6098390581201154,7.2,53.0,-0.6098390581201154
1771879183.873483,9.648464858008998,2.6051013511511845,7.2,53.0,-0.6051013511511845
1771879183.8777008,9.659344025415495,2.61100017755931,7.2,53.0,-0.6110001775593101
1771879183.8818743,9.670277321540615,2.623991070028938,7.2,53.0,-0.6239910700289379
1771879183.8859944,9.681333406342244,2.653460352390922,7.2,53.0,-0.6534603523909222
1771879183.8902361,9.692373169875982,2.649543248096892,7.2,53.0,-0.6495432480968919
1771879183.8943298,9.703436788014843,2.6552683533266093,7.2,53.0,-0.6552683533266093
1771879183.8985605,9.71445965392419,2.6454878182431867,7.2,53.0,-0.6454878182431867
1771879183.902724,9.725565267906013,2.665347355637668,7.2,53.0,-0.6653473556376679
1771879183.906852,9.736694766841763,2.6710797445799073,7.2,53.0,-0.6710797445799073
1771879183.9110308,9.747761972460578,2.65612934851566,7.2,53.0,-0.6561293485156598
1771879183.9152029,9.758769361625442,2.641773399566967,7.2,53.0,-0.6417733995669672
1771879183.9193969,9.769901563780891,2.671728517307892,7.2,53.0,-0.671728517307892
1771879183.9236453,9.78120137501384,2.711954695907835,7.2,53.0,-0.7119546959078349
1771879183.927719,9.792496496977325,2.7108292712365434,7.2,53.0,-0.7108292712365434
1771879183.931889,9.803814875317922,2.7164108017432747,7.2,53.0,-0.7164108017432747
1771879183.9360497,9.8150650554125,2.700043222698653,7.2,53.0,-0.7000432226986528
1771879183.9401674,9.826428769680918,2.7272914244201396,7.2,53.0,-0.7272914244201396
1771879183.9443645,9.838037748120149,2.7861548254155477,7.2,53.0,-0.7861548254155477
1771879183.9485245,9.84957562322683,2.769090025603516,7.2,53.0,-0.769090025603516
1771879183.952686,9.861107044477878,2.7675411002516044,7.2,53.0,-0.7675411002516044
1771879183.9569445,9.872662110059567,2.7732157396054324,7.2,53.0,-0.7732157396054324
1771879183.9610677,9.884210759968429,2.7716759781269897,7.2,53.0,-0.7716759781269897
1771879183.9651499,9.895752985553873,2.7701341405066287,7.2,53.0,-0.7701341405066287
1771879183.9692872,9.907318355356034,2.7756887525188327,7.2,53.0,-0.7756887525188327
1771879183.9735556,9.918815938631845,2.7594199861942834,7.2,53.0,-0.7594199861942834
1771879183.977676,9.930334422745167,2.7644361871975334,7.2,53.0,-0.7644361871975334
1771879183.981904,9.942057082661162,2.8134383798385856,7.2,53.0,-0.8134383798385856
1771879183.9860556,9.953818519205804,2.8227447707139057,7.2,53.0,-0.8227447707139057
1771879183.9902525,9.965538738918593,2.8128527310694365,7.2,53.0,-0.8128527310694365
1771879183.9944148,9.977281977400363,2.818377235625011,7.2,53.0,-0.818377235625011
1771879183.9985793,9.989057021427163,2.8260105664318678,7.2,53.0,-0.8260105664318678
1771879184.0026717,10.00098746638315,2.86330678943655,7.2,53.0,-0.86330678943655
1771879184.0068126,10.012940801584152,2.8688004482407385,7.2,53.0,-0.8688004482407385
1771879184.0110488,10.024861099025058,2.8608713858172083,7.2,53.0,-0.8608713858172083
1771879184.0151792,10.036790234925085,2.862992616006557,7.2,53.0,-0.8629926160065571
1771879184.0193126,10.048813027919303,2.88547031861243,7.2,53.0,-0.88547031861243
1771879184.023623,10.06086747671558,2.8930677111065997,7.2,53.0,-0.8930677111065997
1771879184.0276756,10.073017058112336,2.9158995352211567,7.2,53.0,-0.9158995352211567
1771879184.0318484,10.085192991834786,2.922224093388105,7.2,53.0,-0.9222240933881052
1771879184.036071,10.097435667085247,2.938242060110541,7.2,53.0,-0.9382420601105408
1771879184.0402312,10.109687324142136,2.940397693653361,7.2,53.0,-0.9403976936533609
1771879184.0443826,10.121941552715864,2.9410148576947486,7.2,53.0,-0.9410148576947486
1771879184.0485513,10.134157186284703,2.931752056521542,7.2,53.0,-0.931752056521542
1771879184.05273,10.14641412163513,2.941664484102728,7.2,53.0,-0.941664484102728
1771879184.0568895,10.15872963449064,2.955723085322446,7.2,53.0,-0.9557230853224459
1771879184.061089,10.171065002398358,2.9604882978518847,7.2,53.0,-0.9604882978518847
1771879184.0651698,10.183524406034167,2.9902568725940997,7.2,53.0,-0.9902568725940997
1771879184.0694177,10.19600626189716,2.995645407118701,7.2,53.0,-0.9956454071187011
1771879184.0735257,10.208554075406473,3.011475242235228,7.2,53.0,-1.0114752422352278
1771879184.077709,10.221124031954698,3.0167895715740034,7.2,53.0,-1.0167895715740034
1771879184.081966,10.233636222242326,3.002925669030919,7.2,53.0,-1.002925669030919
1771879184.0860584,10.24616831393235,3.007702005605563,7.2,53.0,-1.0077020056055628
1771879184.0901663,10.258777946527873,3.026311822925826,7.2,53.0,-1.026311822925826
1771879184.0943737,10.271437459254383,3.0382830543623682,7.2,53.0,-1.0382830543623682
1771879184.0984776,10.28411141916006,3.041750377362837,7.2,53.0,-1.041750377362837
1771879184.1027873,10.296743611905283,3.0317262588535043,7.2,53.0,-1.0317262588535043
1771879184.1068435,10.30942784547384,3.0442160564534455,7.2,53.0,-1.0442160564534455
1771879184.1110418,10.322163379925565,3.0565282684138206,7.2,53.0,-1.0565282684138206
1771879184.1151838,10.334800585884194,3.0329294300711274,7.2,53.0,-1.0329294300711274
1771879184.119371,10.347432070759181,3.0315563699971015,7.2,53.0,-1.0315563699971015
1771879184.123547,10.360119203224793,3.0449117917469075,7.2,53.0,-1.0449117917469075
1771879184.1277966,10.372936404579432,3.0761283251134044,7.2,53.0,-1.0761283251134044
1771879184.1320417,10.38588141032735,3.106801379500195,7.2,53.0,-1.1068013795001952
1771879184.136009,10.39878772048106,3.0975144368902354,7.2,53.0,-1.0975144368902354
1771879184.140251,10.411657021101423,3.0886321488869655,7.2,53.0,-1.0886321488869655
1771879184.1444001,10.424581563183118,3.101890099606727,7.2,53.0,-1.101890099606727
1771879184.1486123,10.43766500226802,3.1400253803763496,7.2,53.0,-1.1400253803763496
1771879184.1527107,10.450752976790385,3.141113885367792,7.2,53.0,-1.1411138853677918
1771879184.1568236,10.463862101784633,3.146189998619537,7.2,53.0,-1.146189998619537
1771879184.1610699,10.476922100695129,3.1343997385189093,7.2,53.0,-1.1343997385189093
1771879184.165183,10.490071254726805,3.1557969676022033,7.2,53.0,-1.1557969676022033
1771879184.169348,10.503347301939362,3.1862513310134637,7.2,53.0,-1.1862513310134637
1771879184.1734972,10.516598512071912,3.180290431811946,7.2,53.0,-1.180290431811946
1771879184.1776469,10.52986895930717,3.1849073364617597,7.2,53.0,-1.1849073364617597
1771879184.181901,10.543052935993725,3.164154404773458,7.2,53.0,-1.1641544047734582
1771879184.1860204,10.556318410027513,3.1837137681094516,7.2,53.0,-1.1837137681094516
1771879184.1901646,10.569670251223792,3.2044418871070466,7.2,53.0,-1.2044418871070466
1771879184.1943278,10.582985014155568,3.1955431036263566,7.2,53.0,-1.1955431036263566
1771879184.1984603,10.59631628632226,3.199505320006034,7.2,53.0,-1.199505320006034
1771879184.2026646,10.609685167427005,3.208531465138572,7.2,53.0,-1.208531465138572
1771879184.206856,10.62316427043321,3.234984721489193,7.2,53.0,-1.2349847214891931
1771879184.2110229,10.636764702584802,3.2641037163822615,7.2,53.0,-1.2641037163822615
1771879184.2152302,10.650321443397335,3.2536177950079392,7.2,53.0,-1.2536177950079392
1771879184.2193515,10.663906882986664,3.260505501439211,7.2,53.0,-1.2605055014392108
1771879184.2236204,10.677526381575623,3.268679661350317,7.2,53.0,-1.2686796613503168
1771879184.2276924,10.69112181204126,3.2629033117527384,7.2,53.0,-1.2629033117527384
1771879184.2318444,10.704800831351996,3.2829646345764645,7.2,53.0,-1.2829646345764645
1771879184.2360399,10.718492520543759,3.2860054060228947,7.2,53.0,-1.2860054060228947
1771879184.2402139,10.732276556964594,3.3081687410006375,7.2,53.0,-1.3081687410006375
1771879184.2444491,10.746008998855343,3.295786053779883,7.2,53.0,-1.2957860537798829
1771879184.2486575,10.759723113639925,3.2913875482997774,7.2,53.0,-1.2913875482997774
1771879184.252733,10.773457228611413,3.296187593157277,7.2,53.0,-1.2961875931572768
1771879184.256963,10.787239383018816,3.3077170577767108,7.2,53.0,-1.3077170577767108
1771879184.2609735,10.801029522063025,3.309633370610205,7.2,53.0,-1.309633370610205
1771879184.2652075,10.814780958607301,3.3003447706261118,7.2,53.0,-1.3003447706261118
1771879184.269521,10.828516815959912,3.296605764626764,7.2,53.0,-1.2966057646267641
1771879184.2735136,10.84234073369083,3.3177402554204427,7.2,53.0,-1.3177402554204427
1771879184.277711,10.856292540684755,3.348433678542027,7.2,53.0,-1.348433678542027
1771879184.2818193,10.87034065692744,3.3715478982440885,7.2,53.0,-1.3715478982440885
1771879184.286033,10.884352885991236,3.3629349753111586,7.2,53.0,-1.3629349753111586
1771879184.2902503,10.89836445655455,3.3627769351954613,7.2,53.0,-1.3627769351954613
1771879184.2943456,10.912463234988252,3.383706824088529,7.2,53.0,-1.383706824088529
1771879184.2985525,10.926552655922107,3.381461024125218,7.2,53.0,-1.381461024125218
1771879184.3026555,10.94073417351269,3.4035642217399262,7.2,53.0,-1.4035642217399262
1771879184.3068645,10.954884557590155,3.396092178591726,7.2,53.0,-1.3960921785917262
1771879184.3109806,10.969043262821678,3.3980892555654214,7.2,53.0,-1.3980892555654214
1771879184.315161,10.983300951633499,3.4218453148370234,7.2,53.0,-1.4218453148370234
1771879184.319337,10.9975863749975,3.428501607360047,7.2,53.0,-1.428501607360047
1771879184.3234582,11.011881012457785,3.4307129904682805,7.2,53.0,-1.4307129904682805
1771879184.3277311,11.026142450377547,3.4227451007429432,7.2,53.0,-1.4227451007429432
1771879184.3318913,11.040455228653803,3.4350667863016238,7.2,53.0,-1.4350667863016238
1771879184.3360968,11.054887357275689,3.463710869252478,7.2,53.0,-1.4637108692524778
1771879184.3402102,11.069374752205592,3.47697478317669,7.2,53.0,-1.47697478317669
1771879184.3442857,11.083875202911363,3.4801081693851277,7.2,53.0,-1.4801081693851277
1771879184.3485203,11.098317817675651,3.4662275434292784,7.2,53.0,-1.4662275434292784
1771879184.3527508,11.112801223804604,3.476017470948717,7.2,53.0,-1.476017470948717
1771879184.3568904,11.127363272695568,3.4948917338312255,7.2,53.0,-1.4948917338312255
1771879184.3610032,11.141914625132047,3.4923245847551083,7.2,53.0,-1.4923245847551083
1771879184.3651876,11.156485540162276,3.4970196072546513,7.2,53.0,-1.4970196072546513
1771879184.3693922,11.17100844814067,3.4854979148146286,7.2,53.0,-1.4854979148146286
1771879184.3736353,11.185602280447473,3.502519753632463,7.2,53.0,-1.502519753632463
1771879184.3777542,11.200335398931196,3.535948436093821,7.2,53.0,-1.535948436093821
1771879184.381854,11.215061652727067,3.534300911009155,7.2,53.0,-1.5343009110091552
1771879184.3859835,11.229742038856932,3.523292671167389,7.2,53.0,-1.5232926711673889
1771879184.3901813,11.244388973192358,3.5152642405020202,7.2,53.0,-1.5152642405020202
1771879184.3943532,11.259173375201776,3.5482564822602165,7.2,53.0,-1.5482564822602165
1771879184.3985512,11.273982503708986,3.554190841730303,7.2,53.0,-1.554190841730303
1771879184.4026582,11.28879770628751,3.555648618845793,7.2,53.0,-1.555648618845793
1771879184.4068391,11.303589542338182,3.550040652161457,7.2,53.0,-1.550040652161457
1771879184.4110174,11.31847183659707,3.5717506221329813,7.2,53.0,-1.5717506221329813
1771879184.41526,11.333447638848078,3.594192540242235,7.2,53.0,-1.594192540242235
1771879184.4193785,11.348479764260842,3.6077100990633015,7.2,53.0,-1.6077100990633015
1771879184.4235623,11.363527538971725,3.61146593061177,7.2,53.0,-1.6114659306117698
1771879184.4276717,11.378513622736287,3.596660103494932,7.2,53.0,-1.5966601034949321
1771879184.4318821,11.393582323004528,3.616488064377841,7.2,53.0,-1.6164880643778412
1771879184.4360456,11.40862351122543,3.6098851730163597,7.2,53.0,-1.6098851730163597
1771879184.4402173,11.423731595967146,3.6259403380115516,7.2,53.0,-1.6259403380115516
1771879184.4443898,11.438793172846513,3.614778451048155,7.2,53.0,-1.614778451048155
1771879184.4485695,11.453854616644666,3.614746511556924,7.2,53.0,-1.6147465115569242
1771879184.452715,11.469039349202278,3.6443358138267956,7.2,53.0,-1.6443358138267956
1771879184.4569054,11.484176629202405,3.6329472000306624,7.2,53.0,-1.6329472000306624
1771879184.461023,11.499391069382337,3.6514656431838244,7.2,53.0,-1.6514656431838244
1771879184.4651976,11.514734097477943,3.6823267429454307,7.2,53.0,-1.6823267429454307
1771879184.4693153,11.530201268621848,3.712121074537123,7.2,53.0,-1.712121074537123
1771879184.4735596,11.545630204239794,3.7029445483071233,7.2,53.0,-1.7029445483071233
1771879184.4776356,11.561044613185544,3.6994581469800187,7.2,53.0,-1.6994581469800187
1771879184.4818635,11.576470564636548,3.7022283482408334,7.2,53.0,-1.7022283482408334
1771879184.4860358,11.591936012751212,3.711707547519417,7.2,53.0,-1.711707547519417
1771879184.4901412,11.60747235697338,3.728722613320488,7.2,53.0,-1.728722613320488
1771879184.4943552,11.622946996625242,3.713913516446639,7.2,53.0,-1.713913516446639
1771879184.498553,11.638416574989307,3.712698807375694,7.2,53.0,-1.712698807375694
1771879184.5027313,11.653896841881954,3.715264054235229,7.2,53.0,-1.715264054235229
1771879184.5068252,11.669432449666285,3.7285458682394195,7.2,53.0,-1.7285458682394195
1771879184.510987,11.685025262530566,3.742275087427524,7.2,53.0,-1.7422750874275241
1771879184.5152109,11.700593294361619,3.736327639452858,7.2,53.0,-1.736327639452858
1771879184.5193484,11.716149542297442,3.733499504597378,7.2,53.0,-1.7334995045973778
1771879184.5235822,11.731757675055555,3.745951861947051,7.2,53.0,-1.7459518619470509
1771879184.5277238,11.747386842204698,3.751000115794309,7.2,53.0,-1.7510001157943091
1771879184.5318666,11.762964569211421,3.738654481613868,7.2,53.0,-1.7386544816138678
1771879184.5360284,11.778552626553884,3.7411337621911898,7.2,53.0,-1.7411337621911898
1771879184.540173,11.7940815044775,3.7269307016680613,7.2,53.0,-1.7269307016680613
1771879184.544323,11.809603770545563,3.725343856335106,7.2,53.0,-1.725343856335106
1771879184.5484834,11.825106785958422,3.7207236990862795,7.2,53.0,-1.7207236990862795
1771879184.5527155,11.840617965669235,3.7226831305951804,7.2,53.0,-1.7226831305951804
1771879184.556836,11.856102560913856,3.716302858709091,7.2,53.0,-1.7163028587090912
1771879184.5609457,11.871569554895823,3.7120785556720763,7.2,53.0,-1.7120785556720763
1771879184.5651572,11.887003133193868,3.704058791530815,7.2,53.0,-1.704058791530815
1771879184.5694168,11.902399896004976,3.6952230746658916,7.2,53.0,-1.6952230746658916
1771879184.5735004,11.917749860486435,3.683991475550135,7.2,53.0,-1.683991475550135
1771879184.577643,11.933045213371251,3.6708846923560303,7.2,53.0,-1.6708846923560303
1771879184.5818696,11.948282879299098,3.6570398226834544,7.2,53.0,-1.6570398226834544
1771879184.5859916,11.963529747945831,3.6592484752158922,7.2,53.0,-1.6592484752158922
1771879184.590231,11.978785075806286,3.6612786865093936,7.2,53.0,-1.6612786865093936
1771879184.5942867,11.994046617777817,3.662770073167433,7.2,53.0,-1.662770073167433
1771879184.598514,12.009284010549878,3.6569742652947816,7.2,53.0,-1.6569742652947816
1771879184.602724,12.02452677310469,3.658263013154804,7.2,53.0,-1.6582630131548042
1771879184.606841,12.039734450881527,3.6498426664408323,7.2,53.0,-1.6498426664408323
1771879184.6109738,12.054912256510745,3.64267335101221,7.2,53.0,-1.6426733510122098
1771879184.615108,12.07003980642615,3.6306119796972407,7.2,53.0,-1.6306119796972407
1771879184.619292,12.085114594607635,3.617949163556262,7.2,53.0,-1.6179491635562622
1771879184.623487,12.100127783515829,3.6031653379663977,7.2,53.0,-1.6031653379663977
1771879184.6276417,12.115068519151947,3.5857765526685133,7.2,53.0,-1.5857765526685133
1771879184.6317842,12.12993898262947,3.568911234605394,7.2,53.0,-1.5689112346053942
1771879184.6359568,12.144799585746439,3.5665447480723764,7.2,53.0,-1.5665447480723764
1771879184.640151,12.159645943706131,3.563125910326122,7.2,53.0,-1.563125910326122
1771879184.644347,12.174494704214915,3.5637025221081653,7.2,53.0,-1.5637025221081653
1771879184.6485143,12.189320574098076,3.558208771958652,7.2,53.0,-1.5582087719586522
1771879184.6526434,12.20412602334002,3.553307818066373,7.2,53.0,-1.553307818066373
1771879184.6567943,12.218902640166005,3.5463880382366595,7.2,53.0,-1.5463880382366595
1771879184.6609497,12.233638394435781,3.5365810247462908,7.2,53.0,-1.5365810247462908
1771879184.6651497,12.248379721128405,3.5379184062299482,7.2,53.0,-1.5379184062299482
1771879184.6693494,12.263123467235832,3.538499065782525,7.2,53.0,-1.538499065782525
1771879184.6734676,12.277877323938473,3.5409256086335676,7.2,53.0,-1.5409256086335676
1771879184.677632,12.292641365400906,3.5433699509841388,7.2,53.0,-1.5433699509841388
1771879184.6818123,12.307415659743686,3.5458306422674637,7.2,53.0,-1.5458306422674637
1771879184.6859336,12.322200269321266,3.5483062986191,7.2,53.0,-1.5483062986190999
1771879184.690044,12.336995250921719,3.5507955841087098,7.2,53.0,-1.5507955841087098
1771879184.6942067,12.351800655962606,3.553297209812763,7.2,53.0,-1.5532972098127629
1771879184.6983366,12.366616530682956,3.5558099328838932,7.2,53.0,-1.5558099328838932
1771879184.7025006,12.38144291633136,3.5583325556173784,7.2,53.0,-1.5583325556173784
1771879184.7066674,12.396279849350174,3.560863924515183,7.2,53.0,-1.560863924515183
1771879184.7108603,12.41112736155579,3.563402929347978,7.2,53.0,-1.563402929347978
1771879184.714999,12.425985480315022,3.5659485022155284,7.2,53.0,-1.5659485022155284
1771879184.719153,12.440854228717546,3.568499616605817,7.2,53.0,-1.5684996166058172
1771879184.7233365,12.455733625744434,3.5710552864532508,7.2,53.0,-1.5710552864532508
1771879184.7274845,12.470623686432752,3.5736145651962725,7.2,53.0,-1.5736145651962725
1771879184.731759,12.48552442203623,3.576176544834686,7.2,53.0,-1.576176544834686
1771879184.7358358,12.500435840182009,3.578740354986976,7.2,53.0,-1.578740354986976
1771879184.7399905,12.515357945023458,3.5813051619478857,7.2,53.0,-1.5813051619478857
1771879184.7441533,12.530290737389068,3.5838701677464924,7.2,53.0,-1.5838701677464924
1771879184.7483168,12.545234214927422,3.5864346092050132,7.2,53.0,-1.5864346092050132
1771879184.7524989,12.56018837224825,3.588997756998536,7.2,53.0,-1.5889977569985358
1771879184.7566843,12.575153201059566,3.5915589147158706,7.2,53.0,-1.5915589147158706
1771879184.7608137,12.590128690300906,3.594117417921689,7.2,53.0,-1.594117417921689
1771879184.7649984,12.605114826272656,3.5966726332201118,7.2,53.0,-1.5966726332201118
1771879184.7691455,12.62011159276149,3.5992239573198876,7.2,53.0,-1.5992239573198876
1771879184.7733233,12.635118971161912,3.6017708161013013,7.2,53.0,-1.6017708161013013
1771879184.7775126,12.650136940593933,3.604312663684929,7.2,53.0,-1.604312663684929
1771879184.7816603,12.66516547801686,3.6068489815023606,7.2,53.0,-1.6068489815023606
1771879184.7858427,12.68020455833923,3.609379277368992,7.2,53.0,-1.609379277368992
1771879184.7900016,12.695254154524893,3.6119030845589872,7.2,53.0,-1.6119030845589872
1771879184.7941775,12.710314237695236,3.6144199608824983,7.2,53.0,-1.6144199608824983
1771879184.7983198,12.72538477722759,3.6169294877652147,7.2,53.0,-1.6169294877652147
1771879184.8024871,12.7404657408498,3.6194312693303115,7.2,53.0,-1.6194312693303115
1771879184.806702,12.755557094730978,3.6219249314828383,7.2,53.0,-1.6219249314828383
1771879184.8108282,12.770658803568464,3.6244101209965764,7.2,53.0,-1.6244101209965764
1771879184.815037,12.785770830670979,3.626886504603357,7.2,53.0,-1.6268865046033572
1771879184.8191688,12.800893138037999,3.6293537680848047,7.2,53.0,-1.6293537680848047
1771879184.8233428,12.81602568643536,3.6318116153664057,7.2,53.0,-1.6318116153664057
1771879184.8275497,12.831168435467085,3.6342597676137394,7.2,53.0,-1.6342597676137394
1771879184.8316913,12.846321343643462,3.6366979623305844,7.2,53.0,-1.6366979623305844
1771879184.8358574,12.861484368445373,3.6391259524584463,7.2,53.0,-1.6391259524584463
1771879184.8400166,12.87665746638486,3.6415435054767706,7.2,53.0,-1.6415435054767706
1771879184.84417,12.891840593061954,3.643950402502662,7.2,53.0,-1.6439504025026621
1771879184.8483737,12.907033703217737,3.6463464373881593,7.2,53.0,-1.6463464373881593
1771879184.8525248,12.92223675078362,3.648731415811835,7.2,53.0,-1.648731415811835
1771879184.8566833,12.937449688926783,3.651105154359202,7.2,53.0,-1.6511051543592021
1771879184.8608816,12.95267247009171,3.653467479582348,7.2,53.0,-1.653467479582348
1771879184.865028,12.967905046037634,3.6558182270218618,7.2,53.0,-1.6558182270218618
1771879184.8692017,12.983147367871638,3.658157240160805,7.2,53.0,-1.6581572401608051
1771879184.873348,12.998397634820401,3.660064067703102,7.2,53.0,-1.660064067703102
1771879184.8775547,13.013653583916685,3.6614277831080746,7.2,53.0,-1.6614277831080746
1771879184.8816745,13.028915164334267,3.6627793002196234,7.2,53.0,-1.6627793002196234
1771879184.885816,13.044178930483136,3.663303875728533,7.2,53.0,-1.6633038757285332
1771879184.889981,13.059444349237591,3.6637005010689108,7.2,53.0,-1.6637005010689108
1771879184.894146,13.07471136929674,3.66408481419587,7.2,53.0,-1.6640848141958702
1771879184.8983388,13.089979938815413,3.6644566844813133,7.2,53.0,-1.6644566844813133
1771879184.9025111,13.105250005406003,3.6648159817418247,7.2,53.0,-1.6648159817418247
1771879184.9066975,13.120521516139043,3.6651625759296835,7.2,53.0,-1.6651625759296835
1771879184.9109292,13.135794417543401,3.665496337045882,7.2,53.0,-1.665496337045882
1771879184.9151137,13.151068655606823,3.6658171352210873,7.2,53.0,-1.6658171352210873
1771879184.9192846,13.166344175777116,3.6661248408703653,7.2,53.0,-1.6661248408703653
1771879184.9234087,13.181620922963937,3.6664193248369807,7.2,53.0,-1.6664193248369807
1771879184.9276073,13.196898841540923,3.666700458476739,7.2,53.0,-1.6667004584767389
1771879184.9317088,13.212177875347876,3.666968113668762,7.2,53.0,-1.6669681136687622
1771879184.935867,13.227457967692706,3.6672221627589754,7.2,53.0,-1.6672221627589754
1771879184.9400494,13.242739061352914,3.6674624784502003,7.2,53.0,-1.6674624784502003
1771879184.9441738,13.258021098576469,3.6676889336531207,7.2,53.0,-1.6676889336531207
1771879184.9483385,13.273304021081927,3.667901401309919,7.2,53.0,-1.6679014013099192
1771879184.9525442,13.288587770057758,3.6680997541994222,7.2,53.0,-1.6680997541994222
1771879184.9566894,13.3038722861608,3.668283864730044,7.2,53.0,-1.6682838647300442
1771879184.9608655,13.31915750951382,3.6684536047249092,7.2,53.0,-1.6684536047249092
1771879184.9650023,13.334443379702163,3.6686088452021597,7.2,53.0,-1.6686088452021597
1771879184.9691992,13.349729835769466,3.6687494561525282,7.2,53.0,-1.6687494561525282
1771879184.973395,13.365016816212448,3.6688753063156123,7.2,53.0,-1.6688753063156123
1771879184.977542,13.380304258974764,3.66898626295586,7.2,53.0,-1.66898626295586
1771879184.9817007,13.395592101439927,3.669082191638988,7.2,53.0,-1.6690821916389882
1771879184.9858673,13.4108802804233,3.669162956009355,7.2,53.0,-1.6691629560093548
1771879184.9900572,13.426168732163168,3.6692284175686734,7.2,53.0,-1.6692284175686734
1771879184.9941843,13.441457392310904,3.6692784354563677,7.2,53.0,-1.6692784354563677
1771879184.9984062,13.4569084626282,3.7082568761508012,7.2,53.0,-1.7082568761508012
1771879185.0025885,13.472479906888369,3.7371466224405663,7.2,53.0,-1.7371466224405663
1771879185.0067537,13.488310180036738,3.7992655556083594,7.2,53.0,-1.7992655556083594
1771879185.0109355,13.504501068943263,3.8858133375662085,7.2,53.0,-1.8858133375662085
1771879185.0150826,13.520799438180573,3.9116086169542728,7.2,53.0,-1.9116086169542728
1771879185.0192711,13.537141111651794,3.9220016330928447,7.2,53.0,-1.9220016330928447
1771879185.0234652,13.553479670085304,3.921254024042289,7.2,53.0,-1.9212540240422888
1771879185.0276623,13.569828152632475,3.9236358113210965,7.2,53.0,-1.9236358113210965
1771879185.031824,13.586183457967337,3.925273280366927,7.2,53.0,-1.9252732803669268
1771879185.035989,13.602548835212271,3.9276905387840797,7.2,53.0,-1.9276905387840797
1771879185.040186,13.618928446714165,3.931106760454344,7.2,53.0,-1.9311067604543442
1771879185.0443454,13.635319797878946,3.933924279547348,7.2,53.0,-1.9339242795473481
1771879185.0484424,13.651723593960504,3.9369110595739905,7.2,53.0,-1.9369110595739905
1771879185.0526316,13.668148773982326,3.942043205237214,7.2,53.0,-1.9420432052372139
1771879185.0568044,13.684585163929475,3.9447335873156546,7.2,53.0,-1.9447335873156546
1771879185.060965,13.701039221963462,3.9489739281572005,7.2,53.0,-1.9489739281572005
1771879185.0651784,13.717514375746935,3.954036908033506,7.2,53.0,-1.954036908033506
1771879185.069302,13.733997961348145,3.956060544290267,7.2,53.0,-1.956060544290267
1771879185.0734699,13.750502689827078,3.9611348349442106,7.2,53.0,-1.9611348349442106
1771879185.0776637,13.767026652057679,3.9657509353439817,7.2,53.0,-1.9657509353439817
1771879185.0817869,13.78356853530724,3.9700519798945972,7.2,53.0,-1.9700519798945972
1771879185.0860293,13.800142684844893,3.977795889036843,7.2,53.0,-1.9777958890368428
1771879185.0900903,13.816726509525438,3.9801179233306696,7.2,53.0,-1.9801179233306696
1771879185.0942855,13.833329758291999,3.984779703974693,7.2,53.0,-1.9847797039746928
1771879185.0984383,13.849960866174372,3.9914658917697685,7.2,53.0,-1.9914658917697685
1771879185.102646,13.866602291265876,3.993942021960809,7.2,53.0,-1.9939420219608088
1771879185.1068244,13.883287530624882,4.004457446161487,7.2,53.0,-2.004457446161487
1771879185.1109257,13.899977755508939,4.00565397217367,7.2,53.0,-2.00565397217367
1771879185.1150904,13.916679189668548,4.008344198306162,7.2,53.0,-2.008344198306162
1771879185.1192968,13.933422215827628,4.0183262781794316,7.2,53.0,-2.0183262781794316
1771879185.1234705,13.951031666477038,4.226268155858203,7.2,53.0,-2.226268155858203
1771879185.127656,13.970111800491527,4.5792321634772515,7.2,53.0,-2.5792321634772515
1771879185.1318057,13.989529119140222,4.660156475686799,7.2,53.0,-2.660156475686799
1771879185.135981,14.009515891193946,4.796825292893561,7.2,53.0,-2.796825292893561
1771879185.1402397,14.030138907977024,4.949524027939011,7.2,53.0,-2.9495240279390114
1771879185.144437,14.050812438026162,4.96164721179277,7.2,53.0,-2.96164721179277
1771879185.1485424,14.07177136339293,5.030142088024333,7.2,53.0,-3.0301420880243333
1771879185.1527252,14.093175909922088,5.137091166997838,7.2,53.0,-3.1370911669978376
1771879185.1568713,14.114838494656974,5.199020336372564,7.2,53.0,-3.1990203363725644
1771879185.161082,14.1365735747095,5.216419212606056,7.2,53.0,-3.2164192126060556
1771879185.1651938,14.158546633587632,5.273534130751682,7.2,53.0,-3.273534130751682
1771879185.1693897,14.180681143693661,5.312282425447332,7.2,53.0,-3.312282425447332
1771879185.1734862,14.202826558015975,5.314899437355046,7.2,53.0,-3.314899437355046
1771879185.1776452,14.22509546264492,5.344537110946769,7.2,53.0,-3.344537110946769
1771879185.1818926,14.247444303395833,5.363721780219419,7.2,53.0,-3.363721780219419
1771879185.186033,14.269827074125882,5.371864975211692,7.2,53.0,-3.3718649752116923
1771879185.1901577,14.292277250616467,5.388042357740462,7.2,53.0,-3.3880423577404617
1771879185.1942854,14.31473349891263,5.389499591079481,7.2,53.0,-3.389499591079481
1771879185.1984642,14.337213733517391,5.395256305142476,7.2,53.0,-3.3952563051424756
1771879185.2027893,14.35980672202399,5.422317241583563,7.2,53.0,-3.4223172415835634
1771879185.2069163,14.382385998057908,5.419026248140446,7.2,53.0,-3.4190262481404456
1771879185.2109976,14.404971717994265,5.420572784725865,7.2,53.0,-3.4205727847258647
1771879185.2153163,14.427596787120851,5.430016590380785,7.2,53.0,-3.4300165903807853
1771879185.2193165,14.45019525876229,5.4236331939453395,7.2,53.0,-3.4236331939453395
1771879185.2234585,14.472798437508985,5.424762899206767,7.2,53.0,-3.424762899206767
1771879185.2276971,14.495423649568455,5.430050894272728,7.2,53.0,-3.4300508942727284
1771879185.2318075,14.518063110918842,5.433470724092858,7.2,53.0,-3.4334707240928584
1771879185.2361152,14.540697660534128,5.432291907668922,7.2,53.0,-3.4322919076689216
1771879185.2401013,14.563336632610374,5.433353298298989,7.2,53.0,-3.4333532982989894
1771879185.2442908,14.586012255626553,5.442149523882809,7.2,53.0,-3.442149523882809
1771879185.2485583,14.608668822635213,5.43757608207828,7.2,53.0,-3.43757608207828
1771879185.2526827,14.631329464326866,5.438554005996689,7.2,53.0,-3.4385540059966893
1771879185.2568665,14.653998439413131,5.440554020703648,7.2,53.0,-3.4405540207036482
1771879185.2609432,14.676705020755502,5.449579522168918,7.2,53.0,-3.449579522168918
1771879185.2652106,14.699378480290614,5.441630288426792,7.2,53.0,-3.4416302884267918
1771879185.2693365,14.722055703223438,5.442533503877846,7.2,53.0,-3.442533503877846
1771879185.2735531,14.7454609590191,5.617261390958963,7.2,53.0,-3.617261390958963
1771879185.2778227,14.769339210116156,5.730780263293268,7.2,53.0,-3.7307802632932683
1771879185.281879,14.794552825235344,6.051267628605162,7.2,53.0,-4.051267628605162
1771879185.2860959,14.82052663481406,6.233714298891552,7.2,53.0,-4.233714298891552
1771879185.2902699,14.847200499850109,6.401727608651745,7.2,53.0,-4.401727608651745
1771879185.294447,14.874363366458827,6.519087986092412,7.2,53.0,-4.519087986092412
1771879185.298759,14.9020024355179,6.633376574177542,7.2,53.0,-4.633376574177542
1771879185.3027697,14.930008948821024,6.721563192749653,7.2,53.0,-4.721563192749653
1771879185.3069644,14.958344708616819,6.800582350990582,7.2,53.0,-4.800582350990582
1771879185.3110948,14.986841234346485,6.83916617511986,7.2,53.0,-4.83916617511986
1771879185.315214,15.015499308612169,6.87793782376401,7.2,53.0,-4.87793782376401
1771879185.319331,15.04424614989091,6.899241906897888,7.2,53.0,-4.899241906897888
1771879185.32349,15.073093254794797,6.923305176932833,7.2,53.0,-4.923305176932833
1771879185.3277829,15.102013057467891,6.9407526415428435,7.2,53.0,-4.9407526415428435
1771879185.3318217,15.131023221076505,6.962439266067476,7.2,53.0,-4.962439266067476
1771879185.335969,15.16001999555248,6.959225874233802,7.2,53.0,-4.959225874233802
1771879185.3401148,15.189024450792717,6.961069257656994,7.2,53.0,-4.961069257656994
1771879185.3442516,15.218002971895961,6.9548450647785405,7.2,53.0,-4.9548450647785405
1771879185.3484592,15.246989632435989,6.9567985296065,7.2,53.0,-4.9567985296065
1771879185.35266,15.276058847666116,6.976611655230363,7.2,53.0,-4.976611655230363
1771879185.3567913,15.3050850783321,6.966295359836176,7.2,53.0,-4.966295359836176
1771879185.36092,15.334064296632794,6.955012392166709,7.2,53.0,-4.955012392166709
1771879185.3651085,15.362750540535025,6.884698536535233,7.2,53.0,-4.884698536535233
1771879185.3693235,15.390558615954989,6.673938100791372,7.2,53.0,-4.673938100791372
1771879185.373611,15.417598464172185,6.489563572126937,7.2,53.0,-4.489563572126937
1771879185.3776853,15.444159627426298,6.374679180987315,7.2,53.0,-4.374679180987315
1771879185.3818982,15.470100558202716,6.225823386340312,7.2,53.0,-4.225823386340312
1771879185.3860307,15.495354032305666,6.060833784708022,7.2,53.0,-4.060833784708022
1771879185.3901627,15.520449713110738,6.022963393216989,7.2,53.0,-4.022963393216989
1771879185.3943996,15.54527968600926,5.959193495645467,7.2,53.0,-3.959193495645467
1771879185.398527,15.569740207749357,5.87052521762299,7.2,53.0,-3.8705252176229896
1771879185.4026418,15.594186863339466,5.867197341626397,7.2,53.0,-3.8671973416263974
1771879185.40684,15.61851153977416,5.8379223443261585,7.2,53.0,-3.8379223443261585
1771879185.41102,15.64260095181424,5.781458889619295,7.2,53.0,-3.7814588896192953
1771879185.4150856,15.66669180233201,5.781804124264893,7.2,53.0,-3.7818041242648928
1771879185.4193006,15.690776740963072,5.7803852714547475,7.2,53.0,-3.7803852714547475
1771879185.4234834,15.714708338865442,5.743583496568701,7.2,53.0,-3.743583496568701
1771879185.427575,15.738637546547643,5.743009843728282,7.2,53.0,-3.7430098437282817
1771879185.431811,15.762582709559766,5.746839122909192,7.2,53.0,-3.7468391229091917
1771879185.436024,15.786405031353864,5.71735723058361,7.2,53.0,-3.71735723058361
1771879185.440119,15.810225377987809,5.716883192146816,7.2,53.0,-3.716883192146816
1771879185.4442549,15.834044426924565,5.716571744821376,7.2,53.0,-3.716571744821376
1771879185.4484167,15.857831112356207,5.7088045035939725,7.2,53.0,-3.7088045035939725
1771879185.452577,15.881510084102542,5.682953219120561,7.2,53.0,-3.682953219120561
1771879185.456773,15.905183928466792,5.681722647420203,7.2,53.0,-3.6817226474202034
1771879185.460937,15.928865656417997,5.683614708289005,7.2,53.0,-3.6836147082890047
1771879185.4650714,15.95247050363169,5.665163331286113,7.2,53.0,-3.665163331286113
1771879185.469207,15.976070497239599,5.663998465898225,7.2,53.0,-3.663998465898225
1771879185.473481,15.999673380967296,5.664692094647344,7.2,53.0,-3.664692094647344
1771879185.4775693,16.023226501171546,5.652748849019734,7.2,53.0,-3.6527488490197344
1771879185.48178,16.046774848940785,5.651603464617643,7.2,53.0,-3.6516034646176427
1771879185.4859092,16.070323019680295,5.65156097748195,7.2,53.0,-3.6515609774819504
1771879185.490046,16.093839575102816,5.64397330140499,7.2,53.0,-3.6439733014049898
1771879185.494255,16.117351351337682,5.642826296368091,7.2,53.0,-3.6428262963680913
1771879185.4983933,16.140860790205046,5.642265328167597,7.2,53.0,-3.642265328167597
1771879185.502552,16.164344178496695,5.636013189995515,7.2,53.0,-3.6360131899955146
1771879185.5066912,16.187822740766777,5.634854944819624,7.2,53.0,-3.634854944819624
1771879185.5108452,16.21129720328648,5.633871004729083,7.2,53.0,-3.633871004729083
1771879185.515061,16.23477067448096,5.633633086674615,7.2,53.0,-3.6336330866746147
1771879185.5192294,16.258239217034593,5.632450212872433,7.2,53.0,-3.632450212872433
1771879185.5233746,16.281703372863788,5.631397399007305,7.2,53.0,-3.631397399007305
1771879185.5275705,16.305152106728233,5.627696127466797,7.2,53.0,-3.6276961274667974
1771879185.5316918,16.328595806943504,5.626488051665277,7.2,53.0,-3.6264880516652767
1771879185.5358858,16.35212149370275,5.6461648222193075,7.2,53.0,-3.6461648222193075
1771879185.540051,16.375555522997214,5.624167030671512,7.2,53.0,-3.6241670306715124
1771879185.544217,16.398984523506005,5.6229601221100065,7.2,53.0,-3.6229601221100065
1771879185.5483854,16.42239288198064,5.618006033912957,7.2,53.0,-3.618006033912957
1771879185.5525496,16.445620453968697,5.574617277133401,7.2,53.0,-3.5746172771334006
1771879185.5567622,16.468843592451258,5.5735532358141,7.2,53.0,-3.5735532358141002
1771879185.5608876,16.492050961228983,5.569768506654353,7.2,53.0,-3.569768506654353
1771879185.565269,16.5150831916104,5.527735291539892,7.2,53.0,-3.5277352915398916
1771879185.569315,16.53798424340775,5.496252431363055,7.2,53.0,-3.4962524313630547
1771879185.5733852,16.56083494628782,5.484168691216848,7.2,53.0,-3.4841686912168477
1771879185.577858,16.58336093298807,5.406236808060229,7.2,53.0,-3.406236808060229
1771879185.5817814,16.60580015721181,5.385413813697599,7.2,53.0,-3.385413813697599
1771879185.586022,16.628150443306478,5.364068662719963,7.2,53.0,-3.364068662719963
1771879185.590152,16.65023704850381,5.3007852473597525,7.2,53.0,-3.3007852473597525
1771879185.5942047,16.672238696882303,5.280395610837794,7.2,53.0,-3.280395610837794
1771879185.5985231,16.694137544154238,5.25572334526412,7.2,53.0,-3.25572334526412
1771879185.602594,16.715951426344137,5.235331725575776,7.2,53.0,-3.235331725575776
1771879185.6067767,16.73769234476947,5.21782042208027,7.2,53.0,-3.21782042208027
1771879185.6109936,16.75927643808349,5.180182395364193,7.2,53.0,-3.1801823953641932
1771879185.615056,16.78077706838851,5.160151273204463,7.2,53.0,-3.1601512732044634
1771879185.6192298,16.80220182371601,5.141941278600391,7.2,53.0,-3.141941278600391
1771879185.6234953,16.82338217262102,5.083283737201968,7.2,53.0,-3.0832837372019677
1771879185.627573,16.84448144490974,5.063825349292365,7.2,53.0,-3.0638253492923653
1771879185.631764,16.865469249238437,5.037073038887149,7.2,53.0,-3.037073038887149
1771879185.6359267,16.886282449872823,4.99516815225248,7.2,53.0,-2.9951681522524796
1771879185.6400816,16.907032202841997,4.979940712601962,7.2,53.0,-2.9799407126019624
1771879185.6443264,16.927599468768786,4.936143822429638,7.2,53.0,-2.9361438224296377
1771879185.64839,16.948091254687892,4.918028620585714,7.2,53.0,-2.918028620585714
1771879185.6526043,16.96849053683093,4.895827714329508,7.2,53.0,-2.895827714329508
1771879185.6567426,16.988745083673635,4.861091242249343,7.2,53.0,-2.8610912422493433
1771879185.6609154,17.008934906634224,4.84555751054169,7.2,53.0,-2.84555751054169
1771879185.6650968,17.028945639744997,4.80257594658589,7.2,53.0,-2.8025759465858897
1771879185.6692724,17.048886989556866,4.785923954848276,7.2,53.0,-2.7859239548482764
1771879185.673422,17.06872818240217,4.761886282873736,7.2,53.0,-2.7618862828737356
1771879185.6775641,17.088437282634494,4.730184055757312,7.2,53.0,-2.730184055757312
1771879185.6817582,17.108075048240288,4.713063745390309,7.2,53.0,-2.7130637453903086
1771879185.6859198,17.127622827586027,4.69146704297736,7.2,53.0,-2.6914670429773597
1771879185.6901217,17.14700214046295,4.651035090460815,7.2,53.0,-2.651035090460815
1771879185.6942887,17.16625211881769,4.619994805138107,7.2,53.0,-2.6199948051381066
1771879185.698553,17.18538532143824,4.591968628931888,7.2,53.0,-2.5919686289318884
1771879185.702617,17.204433296844467,4.571514097494311,7.2,53.0,-2.571514097494311
1771879185.706783,17.223403137921693,4.552761858534562,7.2,53.0,-2.552761858534562
1771879185.7109509,17.242306690342115,4.536852580901007,7.2,53.0,-2.536852580901007
1771879185.7150843,17.261205325994773,4.535672556637893,7.2,53.0,-2.535672556637893
1771879185.7192497,17.27991959824617,4.491425340335163,7.2,53.0,-2.491425340335163
1771879185.7234354,17.298583963699343,4.47944770876178,7.2,53.0,-2.4794477087617803
1771879185.72767,17.317161236066948,4.458545368224934,7.2,53.0,-2.458545368224934
1771879185.7317536,17.335638264145086,4.434486738752902,7.2,53.0,-2.434486738752902
1771879185.7358963,17.354045969172592,4.417849206601583,7.2,53.0,-2.4178492066015833
1771879185.7400553,17.37227257518658,4.374385443357352,7.2,53.0,-2.374385443357352
1771879185.7442522,17.390451164483757,4.362861431322018,7.2,53.0,-2.3628614313220178
1771879185.7484424,17.4085094385479,4.333985775393695,7.2,53.0,-2.3339857753936952
1771879185.7526405,17.426530266739334,4.324998765944674,7.2,53.0,-2.324998765944674
1771879185.7568858,17.444477147237407,4.307251319537812,7.2,53.0,-2.307251319537812
1771879185.7608957,17.462389657813105,4.299002538167697,7.2,53.0,-2.299002538167697
1771879185.7650704,17.480252540401207,4.287091821144712,7.2,53.0,-2.2870918211447124
1771879185.7693512,17.497984886974944,4.255763177697067,7.2,53.0,-2.255763177697067
1771879185.773471,17.51567954166078,4.246717124600426,7.2,53.0,-2.2467171246004263
1771879185.7776942,17.533178349679293,4.199713924443149,7.2,53.0,-2.1997139244431487
1771879185.781775,17.550646042168488,4.19224619740664,7.2,53.0,-2.1922461974066403
1771879185.7860107,17.568366045089473,4.252800701036058,7.2,53.0,-2.2528007010360582
1771879185.7901466,17.58624726896264,4.291493729560515,7.2,53.0,-2.291493729560515
1771879185.794291,17.604375944802552,4.350882201578508,7.2,53.0,-2.350882201578508
1771879185.7984636,17.62299352921021,4.468220257837856,7.2,53.0,-2.4682202578378556
1771879185.8026247,17.641861172358137,4.528234355502332,7.2,53.0,-2.528234355502332
1771879185.8068612,17.66122578999229,4.647508232196873,7.2,53.0,-2.6475082321968726
1771879185.8110259,17.680855715175333,4.7111820439300525,7.2,53.0,-2.7111820439300525
1771879185.8151917,17.700526792585553,4.721058578453059,7.2,53.0,-2.721058578453059
1771879185.819491,17.720286584821427,4.742350136609714,7.2,53.0,-2.742350136609714
1771879185.8237715,17.74002018863207,4.736064914554105,7.2,53.0,-2.736064914554105
1771879185.8278468,17.75994584293497,4.78215703269691,7.2,53.0,-2.78215703269691
1771879185.8318574,17.779859079807043,4.779176849297177,7.2,53.0,-2.779176849297177
1771879185.8361688,17.799728490238127,4.768658503459878,7.2,53.0,-2.7686585034598776
1771879185.8403022,17.81969470310816,4.7918910888078745,7.2,53.0,-2.7918910888078745
1771879185.8443925,17.839520449469337,4.758179126682393,7.2,53.0,-2.7581791266823927
1771879185.8486533,17.85950637290366,4.796621624237709,7.2,53.0,-2.7966216242377087
1771879185.852712,17.879412681850095,4.777514147144222,7.2,53.0,-2.777514147144222
1771879185.8568094,17.89935819183118,4.7869223954601035,7.2,53.0,-2.7869223954601035
1771879185.8609467,17.91926602276776,4.777879424779218,7.2,53.0,-2.7778794247792176
1771879185.8650696,17.93916047974056,4.774669673472003,7.2,53.0,-2.774669673472003
1771879185.8692887,17.959047243959528,4.7728234125523805,7.2,53.0,-2.7728234125523805
1771879185.8735418,17.97883324871241,4.748641140691257,7.2,53.0,-2.748641140691257
1771879185.877643,17.998623974965785,4.749774300810039,7.2,53.0,-2.7497743008100386
1771879185.8817503,18.018261136953253,4.7129188769926795,7.2,53.0,-2.7129188769926795
1771879185.885886,18.037887321055926,4.710284184641204,7.2,53.0,-2.7102841846412042
1771879185.890099,18.05743320208509,4.691011446999551,7.2,53.0,-2.6910114469995507
1771879185.89426,18.07696899111906,4.688589368153014,7.2,53.0,-2.688589368153014
1771879185.8984394,18.096455580042004,4.6767813415066835,7.2,53.0,-2.6767813415066835
1771879185.9025698,18.11593290454431,4.674557880552701,7.2,53.0,-2.674557880552701
1771879185.9067407,18.13538213278144,4.667814776911674,7.2,53.0,-2.6678147769116736
1771879185.910927,18.154608140342212,4.614241814585539,7.2,53.0,-2.6142418145855393
1771879185.9150934,18.173836281594983,4.614753900665234,7.2,53.0,-2.6147539006652343
1771879185.9193757,18.192901663106674,4.5756915628055985,7.2,53.0,-2.5756915628055985
1771879185.9234056,18.21197962524776,4.578710913860407,7.2,53.0,-2.578710913860407
1771879185.9276335,18.230991457120272,4.562839649402882,7.2,53.0,-2.562839649402882
1771879185.9317424,18.250015758058407,4.565832225152533,7.2,53.0,-2.5658322251525334
1771879185.9360123,18.268988294171763,4.553408667205622,7.2,53.0,-2.5534086672056224
1771879185.9400718,18.287973333144294,4.556409353407613,7.2,53.0,-2.556409353407613
1771879185.9442606,18.306940679280192,4.552163072615772,7.2,53.0,-2.5521630726157722
1771879185.9483852,18.325809857516553,4.528602776726461,7.2,53.0,-2.528602776726461
1771879185.9525857,18.344689142520963,4.5310284010586495,7.2,53.0,-2.5310284010586495
1771879185.9568868,18.363401878651874,4.491056671418545,7.2,53.0,-2.491056671418545
1771879185.9609387,18.382132643975254,4.495383677611184,7.2,53.0,-2.4953836776111844
1771879185.965221,18.400763637072227,4.471438343273606,7.2,53.0,-2.471438343273606
1771879185.969221,18.419407346463853,4.4744902539896865,7.2,53.0,-2.4744902539896865
1771879185.973508,18.43800961742149,4.464545029832774,7.2,53.0,-2.464545029832774
1771879185.9776616,18.456771653893718,4.5028887533349105,7.2,53.0,-2.5028887533349105
1771879185.9817786,18.47580330219577,4.567595592493206,7.2,53.0,-2.5675955924932063
1771879185.985965,18.495034013540923,4.6153707228368175,7.2,53.0,-2.6153707228368175
1771879185.9901004,18.514622958671854,4.701346831423154,7.2,53.0,-2.7013468314231543
1771879185.9943228,18.534349896544107,4.734465089341034,7.2,53.0,-2.7344650893410343
1771879185.9985235,18.554212804101518,4.767097813778271,7.2,53.0,-2.767097813778271
1771879186.002646,18.574031603621677,4.756511884838007,7.2,53.0,-2.756511884838007
1771879186.0067616,18.59386855611563,4.760868598549227,7.2,53.0,-2.7608685985492274
1771879186.0109134,18.61368285216995,4.75543105303675,7.2,53.0,-2.75543105303675
1771879186.0151436,18.63346634777253,4.748038944618982,7.2,53.0,-2.7480389446189823
1771879186.0193367,18.65329715827733,4.759394521152007,7.2,53.0,-2.7593945211520072
1771879186.0234785,18.67308059985949,4.748025979718321,7.2,53.0,-2.748025979718321
1771879186.027648,18.69296385241019,4.77198061216895,7.2,53.0,-2.7719806121689503
1771879186.031877,18.71285653820872,4.774244591646965,7.2,53.0,-2.7742445916469647
1771879186.0360582,18.732783055723015,4.782364203431286,7.2,53.0,-2.7823642034312863
1771879186.0401382,18.752726667363014,4.786466793599924,7.2,53.0,-2.7864667935999243
1771879186.044298,18.772575811242177,4.763794530999087,7.2,53.0,-2.7637945309990872
1771879186.0485005,18.79255867169289,4.795886508171137,7.2,53.0,-2.7958865081711366
1771879186.0526466,18.812400396907748,4.762014051565201,7.2,53.0,-2.7620140515652007
1771879186.0568197,18.83231473511491,4.779441169718898,7.2,53.0,-2.779441169718898
1771879186.061041,18.852375165762584,4.814503355441838,7.2,53.0,-2.814503355441838
1771879186.065141,18.87244654083048,4.81713001629514,7.2,53.0,-2.81713001629514
1771879186.0693035,18.89260824693601,4.838809465327205,7.2,53.0,-2.8388094653272047
1771879186.0734184,18.912699201944374,4.8218292020073585,7.2,53.0,-2.8218292020073585
1771879186.0776298,18.932819952442596,4.828980119572899,7.2,53.0,-2.8289801195728987
1771879186.081862,18.952955624857196,4.832561379503858,7.2,53.0,-2.832561379503858
1771879186.0859463,18.97310208287833,4.83514992507193,7.2,53.0,-2.8351499250719296
1771879186.090138,18.99335152943054,4.859867172530109,7.2,53.0,-2.859867172530109
1771879186.094258,19.01361162227201,4.862422281952061,7.2,53.0,-2.8624222819520613
1771879186.09854,19.03394657711875,4.880389163217943,7.2,53.0,-2.8803891632179432
1771879186.102665,19.054310672521247,4.887382896599323,7.2,53.0,-2.8873828965993233
1771879186.1068025,19.074695719337033,4.892411235789018,7.2,53.0,-2.8924112357890177
1771879186.1109536,19.09512238723802,4.902400296237047,7.2,53.0,-2.9024002962370474
1771879186.1150997,19.11555947264533,4.904900497753968,7.2,53.0,-2.9049004977539683
1771879186.1193275,19.136037415332126,4.914706244831172,7.2,53.0,-2.914706244831172
1771879186.1235154,19.156522029628846,4.916307431212951,7.2,53.0,-2.9163074312129513
1771879186.12766,19.177227609293208,4.96933911944695,7.2,53.0,-2.96933911944695
1771879186.1318371,19.197968214160625,4.977745168180045,7.2,53.0,-2.9777451681800446
1771879186.1359308,19.218880437377067,5.0189335719456585,7.2,53.0,-3.0189335719456585
1771879186.1401498,19.239978393079294,5.063509368534288,7.2,53.0,-3.0635093685342882
1771879186.1443942,19.26103490500818,5.053562862932787,7.2,53.0,-3.053562862932787
1771879186.148442,19.28210895432109,5.057771835097616,7.2,53.0,-3.0577718350976157
1771879186.1527898,19.303090184142892,5.035495157232817,7.2,53.0,-3.035495157232817
1771879186.1567583,19.32408075376884,5.037736710227564,7.2,53.0,-3.0377367102275636
1771879186.161281,19.345053420885446,5.033440107985265,7.2,53.0,-3.033440107985265
1771879186.1651137,19.36603538337548,5.035670997607687,7.2,53.0,-3.0356709976076868
1771879186.169336,19.387043681901908,5.041991646342797,7.2,53.0,-3.0419916463427974
1771879186.1734118,19.40798659431827,5.026298979927083,7.2,53.0,-3.026298979927083
1771879186.1776245,19.4289456988561,5.03018508907958,7.2,53.0,-3.0301850890795796
1771879186.1819558,19.449832377696534,5.012802921703795,7.2,53.0,-3.012802921703795
1771879186.185925,19.470728331666407,5.0150289527699705,7.2,53.0,-3.0150289527699705
1771879186.190175,19.49161174456117,5.012019094742739,7.2,53.0,-3.0120190947427394
1771879186.1942565,19.512414847118677,4.992744613801641,7.2,53.0,-2.9927446138016407
1771879186.1984048,19.533223017053583,4.993960784377379,7.2,53.0,-2.9939607843773786
1771879186.2025824,19.553913391852902,4.965689951836217,7.2,53.0,-2.965689951836217
1771879186.206887,19.574616409685298,4.968724279775249,7.2,53.0,-2.968724279775249
1771879186.210992,19.595269094558564,4.956644369583483,7.2,53.0,-2.9566443695834828
1771879186.215123,19.615824830479895,4.9333766211190655,7.2,53.0,-2.9333766211190655
1771879186.219247,19.636374357045035,4.931886375633797,7.2,53.0,-2.9318863756337974
1771879186.2235565,19.656789396498386,4.899609468803985,7.2,53.0,-2.899609468803985
1771879186.227667,19.67721737580293,4.902715033090533,7.2,53.0,-2.9027150330905327
1771879186.2318077,19.697212817329863,4.798905966463906,7.2,53.0,-2.7989059664639058
1771879186.2359226,19.716979728961746,4.744058791651881,7.2,53.0,-2.744058791651881
1771879186.2401187,19.73627187471913,4.630114981772203,7.2,53.0,-2.630114981772203
1771879186.2443116,19.755208542502217,4.544800267941243,7.2,53.0,-2.544800267941243
1771879186.2486336,19.774000556186373,4.510083284196906,7.2,53.0,-2.510083284196906
1771879186.2526336,19.792797474470472,4.511260388184198,7.2,53.0,-2.5112603881841977
1771879186.2567744,19.81160535702147,4.513891812240014,7.2,53.0,-2.513891812240014
1771879186.2609105,19.83042432520781,4.516552364721531,7.2,53.0,-2.516552364721531
1771879186.2650928,19.84925449375165,4.5192404505214645,7.2,53.0,-2.5192404505214645
1771879186.269299,19.86809597092156,4.521954520777908,7.2,53.0,-2.521954520777908
1771879186.273403,19.886941932865163,4.523030866465017,7.2,53.0,-2.5230308664650174
1771879186.2776306,19.905799396040365,4.525791162048225,7.2,53.0,-2.5257911620482254
1771879186.281782,19.924668453971734,4.528573903528589,7.2,53.0,-2.5285739035285886
1771879186.285894,19.94354919430066,4.531377678942556,7.2,53.0,-2.5313776789425564
1771879186.290048,19.962441698945142,4.53420111467555,7.2,53.0,-2.5342011146755503
1771879186.2942157,19.981346044251065,4.537042873421945,7.2,53.0,-2.537042873421945
1771879186.2983816,20.000262301134995,4.539901652143223,0.0,0.0,0
1771879186.3025346,20.01916031226443,4.5355226710637115,0.0,0.0,0
